:020000040800F2
:10000000F008022081030008C79D0008EF5800088F
:10001000C39D000807280008B5B8000800000000CC
:10002000000000000000000000000000C9020008FD
:100030005D2A0008000000001D0300086DA30008F1
:100040009B0300089B0300089B0300089B03000818
:100050009B0300089B0300089B0300089B03000808
:100060009B0300089B0300089B0300089B030008F8
:100070009B0300089B0300089B0300089B030008E8
:100080009B0300089B0300089B0300089B030008D8
:100090009B0300089B0300089B0300089B030008C8
:1000A0009B0300089B0300089B0300089B030008B8
:1000B0009B0300089B0300089B0300089B030008A8
:1000C0009B0300089B0300089B0300089B03000898
:1000D0009B03000865B800089B0300089B03000809
:1000E0009B0300089B0300089B0300089B03000878
:1000F0009B0300089B0300089B0300089B03000868
:100100009B0300089B0300089B0300089B03000857
:100110009B0300089B030008E5A300089B0300085D
:100120009B0300089B0300089B0300089B03000837
:100130009B0300089B0300089B0300089B03000827
:100140009B0300089B0300089B0300089B03000817
:100150009B0300089B0300089B0300089B03000807
:100160009B0300089B0300089B0300089B030008F7
:100170009B0300089B0300089B030008000000008D
:100180009B0300089B0300089B0300089B030008D7
:100190009B0300089B0300089B0300089B030008C7
:1001A0009B0300089B0300089B03000800F002F873
:1001B00000F07BF80AA090E8000C82448344AAF186
:1001C0000107DA4501D100F070F8AFF2090EBAE884
:1001D0000F0013F0010F18BFFB1A43F0010318477B
:1001E00080050500A00505000A444FF0000C10F83A
:1001F000013B13F0070408BF10F8014B1D1108BFA5
:1002000010F8015B641E05D010F8016B641E01F844
:10021000016BF9D113F0080F1EBF10F8014BAD1C94
:100220000C1B09D16D1E58BF01F801CBFAD505E0B2
:1002300014F8016B01F8016B6D1EF9D59142D6D30C
:10024000704700000023002400250026103A28BF34
:1002500078C1FBD8520728BF30C148BF0B60704738
:10026000662903F04BA2642900F0B681752900F0DD
:10027000B381782900F0EC81732900F0F686002024
:1002800070471FB543F02DFA00F03CFC040000203D
:10029000002142F0D5FC401C60600020002142F0AB
:1002A000E5FCE0601FBD10B510BD01F0DDF81146A2
:1002B000FFF7E7FF35F096FD01F032F903B4FFF7E1
:1002C000F2FF03BC0DF04CFE2A4B19680868B0E839
:1002D000F04F80F30988BFF36F8F4FF0000080F379
:1002E000118870470000000006480068006880F32D
:1002F000088862B661B6BFF34F8FBFF36F8F00DF20
:1003000000BF00BF08ED00E0DFF80C00016841F419
:1003100070010160704700BF88ED00E0EFF30980D5
:10032000BFF36F8F134B1A681EF0100F08BF20ED3C
:10033000108A20E9F04F106008B44FF0500080F3AD
:100340001188BFF34F8FBFF36F8F41F005FC4FF063
:10035000000080F3118808BC19680868B0E8F04F05
:100360001EF0100F08BFB0EC108A80F30988BFF3AD
:100370006F8F704790020020EFF3058070470000F8
:100380000948804709480047FEE7FEE7FEE7FEE729
:10039000FEE7FEE7FEE7FEE7FEE7FEE70448054965
:1003A000054A064B7047000081A30008AD01000814
:1003B000F0020220F0080220F0040220F0040220E3
:1003C0007047000010B500F09DFB001D10BD00BF80
:1003D0007128040053EA020C00F069802DE9F04B0B
:1003E0004FF00006002B1FBFB3FA83F503FA05F4A4
:1003F00024FA05F65E4012BF1643B2FA82F502FAFD
:1004000005F4C5F120051EBF22FA05FC44EA0C04E0
:10041000203556EA044C4FEA144418BF641C4FF0D0
:1004200000084FF00009904271EB030C39D300290A
:1004300019BFB1FA81F701FA07F6B0FA80F700FAAE
:1004400007F6C7F120071EBF20FA07FC46EA0C0694
:100450002037B6FBF4FCA7EB0507103F07F01F0B96
:10046000CBF120060CFA0BFB2CFA06F644BFB34680
:100470000026202FA4BF5E464FF0000B5BEA060C5F
:1004800008BF4FF0010B19EB0B09ABFB027C48EBEB
:100490000608C01B06FB02CC0BFB03CC71EB0C0166
:1004A000C1E70B46024641464846BDE8F08B13B50E
:1004B0004FF000004FF00001AFF30080BDE81C409A
:1004C000704700000FB4044910B503AA029800F069
:1004D000D1FD10BC5DF814FB2C0000200FB41CB53E
:1004E000074B06AA7B4469460090059800F08BFDF7
:1004F0000020694600F09AFD1CBC5DF814FB00006A
:10050000450B00000FB41CB50C0007AA009001D0E9
:100510002044401E074B7B4469460190069800F03A
:1005200072FD002C03D06946002000F07FFD1CBC4A
:100530005DF814FB1D0B000070B50446856900686A
:10054000C10601D5302600E02026C00707D070BDC7
:10055000D4E9012130469047206A401C20626D1E7C
:10056000F6D570BD70B5044685690078C00707D11F
:1005700070BDD4E9012120209047206A401C2062F0
:100580006D1EF6D570BD70B50C460546012A05D026
:100590002878800600D5EA69002302E0012305E0FF
:1005A0005B1C934202D2E05C0028F9D1A869E618EE
:1005B000C01AA861286A184428622846FFF7BCFFC1
:1005C00004E0D5E9012114F8010B9047B442F8D3B7
:1005D0002846FFF7C7FF70BD2DE9F041064600240D
:1005E00010687529314616A510D0AFF30080002899
:1005F00002DA404213A507E031688A0701D512A547
:1006000002E0490704D511A5012401E0AFF3008001
:1006100000210A2206F1240709E0B0FBF2FCB0FB3E
:10062000F2F302FB1C00303078541846491C0028B5
:10063000F3D123462A463046BDE8F04100F075BAB2
:10064000000000002D0000002B0000002000000032
:1006500070B504460D4621461068AFF3008021882E
:10066000090502D50F4A7A4402E00E4A7A440E3256
:10067000002104F1240305E000F00F060009965D57
:100680005E54491C0028F7D120780023000704D5C8
:10069000702D02D009B1022311322046BDE870400E
:1006A00000F043BA6EFA04002DE9F05F8946044673
:1006B0004FF0000ADFF824B1FB44C0F820A0204628
:1006C000E168884700287DD0252806D0D4E901219B
:1006D0009047206A401C2062F1E700255F462046D3
:1006E000E16888472028064607DB312E05D2B81975
:1006F00010F8200C08B10543F1E7A80701D525F053
:100700000405C4F81CA00027C4F818A02A2E09D09C
:1007100030460BF06EFA38B304EB8708303EC8F869
:10072000186019E059F8041B204604EB8702916118
:10073000E1688847012F064618D1E069002820DAD1
:1007400025F020051DE0D8F8180000EB800006EB2E
:1007500040003038C8F818002046E168884706464F
:100760000BF047FA0028EED1012F0AD02E2E08D127
:100770002046E16888477F1C0646022F45F0200589
:10078000C4DBA069002803DA404245F00105A061FE
:10079000E80701D025F01005A6B1A6F141001928FF
:1007A00002D8203645F400654A4631462046256089
:1007B0004D46FFF755FD60B1012807D0ED1D25F02E
:1007C000070000E007E000F1080978E705F10409F7
:1007D00075E730467AE7206ABDE8F09F44FA0400E6
:1007E00070B5064600F092F90468054630460A22C4
:1007F000002100F05EFC2C6070BD401ECAB210F8F3
:10080000011F8A4202D00029F9D10020704740EA36
:100810000103024630B59B0710D14FF0013400E0D0
:1008200008C208C91D1B9D4315EAC41FF8D013F068
:10083000FF0102F8011B0DD01B0AF8E711F8013B7C
:10084000002B02F8013B05D011F8013B002B02F808
:10085000013BF3D130BD10B5431C02E010F8011B81
:1008600071B18107FAD14FF0013202C88C1A8C4362
:1008700014EAC211F9D0C01A0A0603D0C01E10BD76
:10088000C01A10BD0A0401D0801E10BD0902FCD0A0
:10089000401E10BD032A40F2308010F0030C00F01F
:1008A000158011F8013BBCF1020F624498BF11F8AA
:1008B00001CB00F8013B38BF11F8013BA2F1040263
:1008C00098BF00F801CB38BF00F8013B11F00303DB
:1008D00000F02580083AC0F0088051F8043B083A3F
:1008E00051F804CBA0E80810F5E7121D5CBF51F8E1
:1008F000043B40F8043BAFF30080D20724BF11F85B
:10090000013B11F801CB48BF11F8012B24BF00F8BF
:10091000013B00F801CB48BF00F8012B704710B530
:10092000203AC0F00B80B1E81850203AA0E81850E7
:10093000B1E81850A0E81850BFF4F5AF5FEA027CA8
:1009400024BFB1E81850A0E8185044BF18C918C017
:10095000BDE810405FEA827C24BF51F8043B40F8B8
:10096000043B08BF7047D20728BF31F8023B48BF9D
:1009700011F8012B28BF20F8023B48BF00F8012BDB
:10098000704702F0FF0343EA032242EA024200F00A
:1009900002B84FF000020429C0F0128010F0030CDE
:1009A00000F01B80CCF1040CBCF1020F18BF00F862
:1009B000012BA8BF20F8022BA1EB0C0100F00DB811
:1009C0005FEAC17C24BF00F8012B00F8012B48BF6F
:1009D00000F8012B70474FF0000200B51346944613
:1009E0009646203922BFA0E80C50A0E80C50B1F187
:1009F0002001BFF4F7AF090728BFA0E80C5048BF9B
:100A00000CC05DF804EB890028BF40F8042B08BF38
:100A1000704748BF20F8022B11F0804F18BF00F834
:100A2000012B704710B5044610F0030F08BF11F0FA
:100A3000030F40F015804FF0013E121FC0F20E80F0
:100A400051F8043BA3EB0E0C2CEA030C1CEACE1C61
:100A500008BF40F8043BF0D0A1F1040102F1040208
:100A6000521E08DB11F8013B002B00F8013BF7D1C7
:100A70001146FFF78EFF204610BD00004FF0013CED
:100A800050F8042B51F8043B9A4221D1A2EB0C03FD
:100A9000934313EACC1317D150F8042B51F8043BBD
:100AA0009A4215D1A2EB0C03934313EACC130BD15A
:100AB00050F8042B51F8043B9A4209D1A2EB0C03E5
:100AC000934313EACC13DBD04FF00000704700BF14
:100AD000D01A01BAB1FA81F101F0180122FA01F03D
:100AE000CB40C1F12001DBB2C0B2C01A2CFA01F335
:100AF000D11A914311EAC311E6D17047704770478C
:100B00007047704700487047B002022000487047A5
:100B10009002022010B5FFF7F9FF006810BD10B574
:100B20000446FFF7F3FF046010BD2DE9F0470D46C2
:100B300099469246044600F124080168880604D5C7
:100B4000E06921F01001216000E00120A84201DDF0
:100B5000471B00E00027A1697A1902EB0900081A77
:100B6000A0612078C00602D42046FFF7E5FC0026ED
:100B700008E0D4E901211AF806009047206A401CD9
:100B8000761C20624E45F4DB2078C0060AD520464C
:100B9000FFF7D2FC06E0D4E9012130209047206A1B
:100BA000401C2062381EA7F10107F4DC07E0D4E9FD
:100BB000012118F805009047206A401C2062281E79
:100BC000A5F10105F3DC2046FFF7CCFC20780006F8
:100BD00002D50220BDE8F0870120FBE770472DE930
:100BE000FF4F0C461E464FF0FF378BB0D2E9000195
:100BF000DDF860800A908A46C1F30A5505B93D4682
:100C0000002108464FF00000BAF1000F00F4400048
:100C100005DA00EB80004FF4400101EA50004FEA92
:100C20009059B9F1010F00DDB9460A9850EA4A001F
:100C30000ED044F61050A5F2FF3545432F14B8F1FD
:100C4000000F1ED07542291E1EDDC9F100021CE0F6
:100C5000B8F1010F4FF0000001D0302103E0F24362
:100C600005E02154401CB042FBDB3046002200214D
:100C700021540B99C1F80880C1E900200FB0BDE8EC
:100C8000F08FBD1B6D1CDEE74A4600DA694206A8FC
:100C900000F074FB06AB93E8070003AB83E80700A2
:100CA00050460A9901F0FFF88DE80700A0F50050C2
:100CB0001F3800900398002D0ADD42F21F014A46BA
:100CC0000844002303A90390684601F0ABFB09E048
:100CD000A0F500504A461F38002303A90390684638
:100CE00001F0CAFB8DE807000004000C03D04FF0B0
:100CF000FF30410800E01046B8F1000F03D0002299
:100D0000009215461EE0751E05D400F00FFA303231
:100D100062556D1EF9D5B3460122084302D0002268
:100D20007F1C04E02078302801D100227F1E002A99
:100D3000099784D01DE0112D07DA00F0F7F9303261
:100D400062556D1C50EA0102F5D1084302D00098AB
:100D5000C8B10EE00021681E05E0235C625C6354AC
:100D60002254401E491C8142F7DBAB46A81B401EA3
:100D70000990002004F80B000B98099AC0F808802D
:100D8000C0E9002B7AE711264FF0000857E72DE95C
:100D9000F04F88460446D21D22F0070191B0D1E9F8
:100DA0000001CDE90A010AF087FD02460B98C00F49
:100DB00001D02D2007E02068810701D52B2002E01B
:100DC000202101EAC000032A099001D0072A05DB8F
:100DD00003464146204600F0EFF90BE120788006FB
:100DE00001D5E06900E00620B8F1650F814606D024
:100DF000B8F1660F18D0B8F1670F70D131E000205C
:100E0000B9F1110F009001DB112301E009F1010399
:100E10000AAA01A90CA8FFF7E2FEDDE90C70002682
:100E200009F10105834647E001204B4600904FF051
:100E300000470AAA01A90CA8FFF7D1FEDDE90DB011
:100E40000C995D46002610B909F101000D18B9EBA7
:100E5000050003D4C0F1FF3609F10105A5EB090037
:100E60002BE0B9F1010F01DA4FF001090020B9F1CF
:100E7000110F0090484601DD112300E003460AAA45
:100E800001A90CA8FFF7ABFEDDE90C704D4600266A
:100E90008346207800070AD4AB4500DA5D4601A8F6
:100EA000012D04DD411911F8011C302907D04F45EF
:100EB00002DA17F1040F04DA012082460FE06D1EFA
:100EC000EEE7002F02DCED1B3E4403E0781CA84255
:100ED00000DD7D1CB81B00F1010A4FF000472078AF
:100EE000000703D4AA4501DB4FF0FF3A0021B7F118
:100EF000004F0DF143088DF8431024D002202B231E
:100F0000002F01DA7F422D230A21021EA0F10100E9
:100F100000DC5FB197FBF1FC97FBF1F201FB1C7C5D
:100F200017460CF1300C08F801CDEEE7A8F10100EE
:100F300003702188090501D5452100E06521A0F154
:100F4000010800F8011C09980FA9A1EB0807FF1D73
:100F500000B10120411901EBEA70A1693844081A77
:100F6000401EA0612078C00602D42046FFF7E4FAB4
:100F7000099828B1D4E901219047206A401C2062D9
:100F80002078C00622D52046FFF7D6FA1EE0002EB4
:100F900004DBB34502DD01A8805D00E03020D4E928
:100FA00001219047206A401C2062761CAAF10100B2
:100FB0005FEA000A0AD1FFF7A5FDC0680168405C3E
:100FC000D4E901219047206A401C2062281EA5F127
:100FD0000105DCDC07E0D4E9012118F8010B90479A
:100FE000206A401C2062381EA7F10107F3DC20466E
:100FF000FFF7B8FA032011B041E6000001694A1C6E
:1010000002610878704700B58FB0CDE90131002149
:10101000059105497944CDE9031011466846FFF76B
:1010200043FB0FB000BD0000E5FFFFFF0A6802F8B8
:10103000010B0A607047D1E900239A4202D2531C87
:101040000B601070704710B5436913B1AFF30080A7
:1010500001E0FFF798FA012010BD127800F1240199
:101060000A7000224A700122EDE711684FF0FF324A
:10107000E9E70000074B70B50D467B44FFF7C3FF5F
:101080000446284600F0ECF910B14FF0FF3070BD77
:10109000204670BD0FA401007CB5054600236846BC
:1010A000CDE9003300F036F9694628460AF070FDB4
:1010B0007CBD2DE9F04791460F4680460446002648
:1010C00014F8015B2DB1FFF77DF90068405DC007A2
:1010D000F6D12B2D02D02D2D18D0641E4A4639464C
:1010E000204600F0A9F827B13968A14201D1C7F81C
:1010F00000804FF0020471050BD54042002803DD4B
:10110000FFF704FD0460A007BDE8F08746F48066A1
:10111000E4E70028F8DAFFF7F9FC04606FF000401C
:10112000F2E70000004870479002022030B5B0F1AD
:101130000A024FEA900E71F100034EEA817EB0EB95
:101140000E0061EB91014FEA101E4EEA017E10EB9A
:101150000E0041EB11114FEA102E4EEA016E10EB1A
:101160000E0041EB11214FEA104E4EEA014E10EBFA
:101170000E0041EB1141401841F100014FEAD0004F
:1011800040EA41704FEAD10110EB80054FEA81043B
:1011900044EA907444EB01046D1944EB0404521BBF
:1011A000A3414FF0000348BF0A3200D530BD401CB8
:1011B00041F1000130BD00002DE9F0411F46044619
:1011C00003260168072A01F4006004DB08B116A5B4
:1011D00005E016A503E008B115A500E015A521F06E
:1011E00010002060A069C01EA0610FB1401EA06168
:1011F0002046FFF7A1F94FB1D4E9012138469047C5
:10120000206A401C2062C01C206206E0206AFAE7C7
:10121000D4E9012115F8010B9047761EF8D220463B
:10122000FFF7A0F9BDE8F0814E414E006E616E00FF
:10123000494E4600696E66002DE9F05F824615460C
:101240008B4600270AF10104B9460078302801D006
:101250009DB113E014F8010B0127782803D058281A
:1012600001D045B10AE00DB1102D07D1002714F8C7
:10127000010B102502E0082500E00A250026B046F3
:101280000EE005FB080005FB06F101271FFA80F8B8
:1012900001EB1046B6F5803F00D3B94614F8010BB8
:1012A000294600F00FF90028EBDABBF1000F05D05A
:1012B0000FB1641E00E05446CBF80040B9F1000FB6
:1012C00006D0FFF723FC02210160C81EBDE8F09F95
:1012D00048EA0640FAE700000FB4002300B589B0E1
:1012E0000CA900910B99CB60214B7B440693214BB9
:1012F0007B44079304236FF00042CDE901321E4A7C
:101300007A446B4608920246002042F059FA09B02E
:101310005DF814FB70B506464FF0FF3015460C46DD
:10132000324686B00091CDE9010169460020049063
:1013300004A8FFF7D1FF02460498211825B108B18F
:10134000084600E020462860049800280DD0002AB6
:1013500002DD0098884208D03246081B6946009496
:10136000CDE9010404A8FFF7B7FF06B070BD000087
:10137000F30100000B020000AF0100002DE9F0476F
:10138000814616468AB0354878440DC88DE80D0070
:1013900032487844801C03AC0DC884E80D0041F647
:1013A0009B300844372190FBF1F290FBF1F5A5F159
:1013B000800501FB12041B3C02D56442012000E0C1
:1013C0000020DFF898A080460027FA44AAF1BE0A60
:1013D0000EE0E0070AD03246684607EB47010123DA
:1013E0000AEB810101F048F88DE8070064107F1CCA
:1013F000002CEED1194F7F44AE3F19E0E80715D01D
:1014000007EB04100DF1180A90E80E008AE80E00B0
:10141000C068F04201D1981908903246012306A90C
:1014200003A801F029F803AB83E807006D10641CE2
:10143000002DE3D14FF0010332466946B8F1000FA9
:1014400003A802D000F0EEFF01E001F015F8C9E9B1
:101450000001C9F808200AB0BDE8F08704EE0400D6
:10146000007B00F0800070477546FFF75BFEAE46DC
:1014700005006946534620F00700854618B020B5A0
:10148000FEF78CFFBDE820404FF000064FF000074C
:101490004FF000084FF0000B21F00701AC46ACE81C
:1014A000C009ACE8C009ACE8C009ACE8C0098D4689
:1014B000704710B50446FEF785FF0068005D00F038
:1014C000010010BD3A2800D2303820F02002412A15
:1014D00001D3A2F13700884201D34FF0FF307047AB
:1014E000426842B1016811F8013B23B1521EC0E9C4
:1014F0000012184670470121C160881E704742687B
:101500005AB1C368016843B983688B4205D0491E4C
:10151000521CC0E90012002070474FF0FF307047A6
:1015200010B50446AFF300802046BDE81040FEF73A
:10153000C5BE00002DE9FF4F06468BB00878FF2896
:1015400006D0491C2D2805D000244FF0000908E0E2
:1015500000200CE00124F8E709EB8903491C00EBAB
:1015600043090878FF28F7D114B1C9F1000081467A
:10157000107800252C46AA4629462D2801D02B2874
:1015800004D1521C2D2813D0002082468B4610789F
:10159000FF280FD04FF0000C0A21521CA5FB017848
:1015A00004FB018105FB0C11C5194BEB0104EEE7AF
:1015B0000120EAE7002108464FF00000BAF1000FD1
:1015C00002D000EB80004008C0F38157012F01DDFD
:1015D0004FF0FF370E9955EA040009EB01080BD0D4
:1015E0004FF0020918F5FA7F16DA4FEACA70002F99
:1015F000706008DD012007E04FEACA70C6E900B05C
:101600000FB0BDE8F08F00203060FFF77FFAC0F820
:1016100000901821084616E0B8F5FA7F18DD002F73
:1016200002DAF748784401E0F6487844D0E900103F
:10163000C6E9001040EACA707060FFF767FAC0F8A8
:101640000090142108460FB0BDE8F04F42F053B8A7
:10165000002108464FF00000B8F10001099002DABD
:10166000C7F1000200E03A4601DAC8F1000106A81D
:10167000FFF784FE06AB93E8070003AB83E807009F
:1016800044F23E005BEA04010090584604D144F263
:101690001E012C465D460091210C0904014306D130
:1016A0000099240444EA15442D041039009104F0F3
:1016B0007F41014306D10099240244EA15642D02BA
:1016C0000839009104F07041014306D100992401CA
:1016D00044EA15742D01091F009104F040410143B3
:1016E00006D10099A40044EA9574AD00891E0091CA
:1016F00004F00041084304D100986D196441401E74
:1017000000904FF001033A466846B8F1000FCDE96A
:10171000014503A902DD00F0C4FE01E000F097FEE0
:10172000BAF1000F04460D4601D084F000440021B8
:1017300008464FF00000099940F2FF77484010F04A
:101740000C0F07D124F00040284303D0C4F30A5003
:10175000B84212D1FFF7DAF9C0F80090C4F30A508A
:10176000B8420AD1A8487844D0E90010C6E9001070
:1017700004F000410843706042E7C6E900543FE7C7
:101780002DE9FF4F1F464FF0000A4FF0FF38454646
:1017900091B0D7E90146CDF83CA0FFF7B3F9C06896
:1017A0000168405C1090B96912986D1C8847396ACD
:1017B000814688470028F6D1B9F1FF3F0AD0002EB4
:1017C00024F4D06411DDB9F12B0F08D0B9F12D0F3D
:1017D0000BD102E0404615B013E744F48064B969C8
:1017E00012986D1C8847761E8146600504A901D5B4
:1017F0002D2000E02B20002E01F1010B0DF130080F
:101800008DF810003FDDB9F1690F08D0B9F1490F2B
:1018100005D0B9F16E0F02D0B9F14E0F1CD13B4685
:1018200001A8009580E85002DDE912126FF0020075
:1018300041F0CAFFC11CCED10EE0B96912986D1CEF
:10184000884781461398761E44F4007405600F980B
:10185000401C002E0F9016DDB9F1300FEDD0B9F11C
:10186000780F02D0B9F1580F0DD10F9801280AD185
:101870003B46CDE90054DDE91212001F029641F00B
:10188000A1FFC11CA7D1109989453ED144F0800425
:1018900006E01399681CAAF1010A44F40074086078
:1018A000B9696D1C1298761E884730288146F0D0A1
:1018B0002BE01099894505D1200603D4761E44F00B
:1018C000800418E048460AF094F908B3761E0DF13A
:1018D00023018B4544F4007408D2A9F130000BF8C1
:1018E000010B200607D5AAF1010003E0200602D46F
:1018F0000AF101008246A00502D51399681C086010
:10190000B96912986D1C88478146002ED1DC53E0DE
:10191000002E51DDB9F1650F02D0B9F1450F4BD161
:10192000A00549D5B9696D1C1298761E24F440743F
:101930008847002E81460CDD2B2804D0B9F12D0FED
:1019400007D144F48074B96912986D1C8847761EDB
:101950008146E00501D52D2100E02B2108F8011B6F
:10196000CDF8008021E0761E0DF13901884544F460
:1019700000740CD2A9F1300010F0FF0088F80000CC
:1019800002D10099884509D908F1010806E0E0056F
:1019900001D51E4801E042F20F708246B9691298E3
:1019A0006D1C8847814613980560002E04DD48466B
:1019B0000AF01FF90028D6D1F96912988847FF204C
:1019C00053468BF8000088F8000000200A900B9026
:1019D00004AA0CA90AA8FFF7ADFDA00502D46FF078
:1019E0000100F8E614F0240F12D0E0071CD138688B
:1019F000DDE90A12031D3B600068C0E9001213E034
:101A000060F1040052F1040016F00400F1D8FFFF69
:101A10000AA968460AF0BCF8E00705D13868009AC0
:101A2000011D3960006802602846D4E62DE9FF4FA9
:101A30001F464FF03C0987B04FF00042DDE914101B
:101A400001F10108DDF858A002EA4050039000209F
:101A500005908346054604460490B969461E0898D9
:101A60008847AAF1010A0290BAF1000F3BDD029803
:101A70002E2815D01021FFF725FD00282EDB4FF072
:101A8000010B0599014317D0B9F1000F0BDB4A4652
:101A9000C11700F0F5F905430C43A9F1040905E06D
:101AA000012004900BE008B145F0010501200590EC
:101AB000049820B9361D02E0049800B1361FB969B8
:101AC000089808F101088847BBF1000FAAF1010A44
:101AD0000290C9D00999C1F80080C5E70298702822
:101AE00008D0502806D0F96908988847BBF1000F44
:101AF00014D04FE0002002900120BBF1000F0490B1
:101B000009D0B969089808F101088847AAF10109C4
:101B1000B9F1000F07DCF969089888476FF00100F8
:101B20000BB0BDE8F08F2B2804D02D280CD14FF03E
:101B3000FF300490B969089808F101088847A9F1B5
:101B40000109B9F1000FE6DD411CE4D00A21FFF7DD
:101B5000B9FC0028DFDB029908F1010801EB8101E3
:101B600000EB41000290B969089888470A21FFF705
:101B7000A9FC099AA9F10109B9F1000FC2F8008086
:101B800001DD0028E7DAF969089888470499029886
:101B900000FB016655EA040004D004F0404109004E
:101BA00002D006E0039898E0A40044EA9574AD00E2
:101BB000B61E04F00041080002D16D196441761E82
:101BC000159810F0240F03D04FF00B095C4803E088
:101BD0004FF028096FF07D008246564507DAAAEBE0
:101BE00006018944B9F1410F01DD4FF0410901209F
:101BF0000021A9F1010200F043F9024628400B46FA
:101C00002140084301D0012100E00021501E029133
:101C100043F1FF3128402140084301D0012000E07A
:101C200000200299834651EA0B014FD0002108465B
:101C30004FF00000039900F4400039B100EB800040
:101C40004FF4400100EBD07001EA600080150128DC
:101C500002DD4FF0FF3000E013D0401C36D0029878
:101C600060B3BBF1000F0CD14A460120002100F007
:101C700007F928402140084301D0012000E000205E
:101C8000E0B101204A46002100F0FAF8034640196D
:101C90000A4661412D1A8C4111D3B9F1400F09DD7B
:101CA000159810F0240F02D0AAF1340603E0AAF12F
:101CB000170600E0761C00254FF0004406E05B1E8E
:101CC00042F1FF3220EA030521EA0204CAF10100D1
:101CD000B04206DA1B4903980843019000200090A7
:101CE0000EE0039AC4F3D321E80A0A43164940EAF6
:101CF00044500A433146CDE90002684609F051FFDD
:101D0000159810F0240F0BD01598C00715D138681E
:101D1000DDE90012031D3B600068C0E900120CE021
:101D200002A8694609F034FF1598C00705D1386844
:101D3000029A011D3960006802604046F0E600002A
:101D400002FCFFFF0000F07F0000F03F2DE9FF4F95
:101D500092461D4685B04FF00041DDE9124BDDE9AA
:101D600014727F1E01EA4B50414940F0FF4940EA9E
:101D70000108002122F020004928049102D04E28B9
:101D800028D04CE03BA0012607C88DE80700A969D0
:101D90000698641C88477F1E014606D41DF806007D
:101DA00018B121F0200181420BD0E96906988847DB
:101DB000032E34D0082E32D06FF0010009B0BDE8F8
:101DC000F08F761C032E01D0082EE0D1601CCAF8DB
:101DD0000000DCE7A9690698641C88477F1E2AD4A6
:101DE00020F02000412826D1A9690698641C884764
:101DF0007F1E20D420F020004E281CD1A96906980F
:101E0000641C88477F1E48F4002849F48009CAF8FA
:101E1000004001D4282806D0E969069888475FEA7F
:101E2000CB7012D022E0A9690698641C88477F1EF7
:101E300001D4002803DAE96906988847BCE7292815
:101E4000F1D1641CCAF80040E9E71BF0240F07D069
:101E500028680499031D2B600068C0E9001805E09C
:101E60002868021D2A600068C0F800902046A5E797
:101E70000000F07F494E46494E4954590000000089
:101E8000B2F120030AD5C2F1200301FA02F120FACF
:101E900003F300FA02F041EA0301704700FA03F18C
:101EA0004FF0000070475FEA400C08BF91F0000F50
:101EB0004FEA8C234FEAC12243EA51514FEA1C50AA
:101EC00018BF00F5F0404FEA300018BF41F0004164
:101ED0005FEA6C5C00F02980BCF1FF3F08BF40F076
:101EE00080407047130C06BF12044FF0100C4FF0E7
:101EF000000C130E04BF12020CF1080C130F04BFE8
:101F000012010CF1040C930F04BF92000CF1020CAF
:101F1000D30F04BF52000CF1010C11464FF0000228
:101F2000A0F11F00A0EB0C00704711F0004F08BF9C
:101F3000704731F000413FF4D5AF0B0C06BF0904E8
:101F40004FF0100C4FF0000C0B0E04BF09020CF107
:101F5000080C0B0F04BF09010CF1040C8B0F04BF1C
:101F600089000CF1020CCB0F04BF49000CF1010CED
:101F7000CCF12003A0EB0C0022FA03F302FA0CF2DE
:101F800041EA030100F10100704720F07F4C80EA34
:101F9000030023F07F47ACEB070303F57C5300F00D
:101FA000004003F1FF032DE980494FEA154B09B4C6
:101FB0004FEA144325EA0B4E24EA03480FF20426A5
:101FC00006EB132749083E785FEA320203FB0667F7
:101FD000C7F5000707FB06F64FEA54374FEAD64627
:101FE00006F1020607FB066CCCF1005C4FEA1C47C9
:101FF0002CEA074C07FB06F40CFB06F504EB154630
:102000004FEA961634BF00204FF000404FEAD13718
:1020100006FB07FC4FEA1C4C0CFB0BF7D21B03FB27
:102020000CF761EB07010CFB0EF7B0EB074072EB0E
:1020300017420CFB08F734BFA2EB0742B2EB074292
:1020400061EB17414FEA0C444FEA910706FB07FC8E
:102050004FEA1C4C0CFB0BF7B0EBC74072EB57324E
:1020600003FB0CF734BFA2EBC742B2EBC74261EBF4
:1020700057310CFB0EF7B0EBC70072EB57720CFB3D
:1020800008F734BFA2EBC702B2EBC70261EB57718E
:10209000039F4FEA816141EA921104EBCC044FEABD
:1020A000D1374FEA826206FB07FC42EA90124FEA00
:1020B00080604FEA1C4C0CFB0BF7D21B03FB0CF7A8
:1020C00061EB07010CFB0EF7B0EB074072EB174218
:1020D0000CFB08F734BFA2EB0742B2EB074261EBFF
:1020E00017414FEA8C554FEA910704EB9C2406FBFD
:1020F00007FC4FEA1C4C0CFB0BF7B0EBC74072EB34
:10210000573203FB0CF734BFA2EBC742B2EBC74216
:1021100061EB57310CFB0EF7B0EBC70072EB577257
:102120000CFB08F734BFA2EBC702B2EBC70261EBAE
:10213000577115EB4C254FEA816141EA92114FEA44
:1021400082624FEAD13742EA901206FB07FC44F163
:1021500000044FEA80604FEA1C4C0CFB0BF7D21BCB
:1021600003FB0CF761EB07010CFB0EF7B0EB07402C
:1021700072EB17420CFB08F734BFA2EB0742B2EB3D
:10218000074261EB174115EB1C154FEA813141EA1B
:1021900092414FEA823242EA90424FEA80304FEA5F
:1021A0000C7644F1000448EA03434EEA0B484FF032
:1021B000000EB2EB080C71EB030724BF62463946F0
:1021C0004EEB0E0E4FF0000B0018524149414BEB05
:1021D0000B0BB2EB080C71EB03077BF1000B24BF78
:1021E000624639464EEB0E0E4FF0000B001852417E
:1021F00049414BEB0B0BB2EB080C71EB03077BF186
:10220000000B24BF624639464EEB0E0E51EA020720
:1022100018BF46F0010616EB0E7655F1000254F198
:10222000000103D5BDE88901BDE80088BDE889014A
:10223000BDE80048B619524141EB0101A3F1010389
:10224000704780807F7E7D7C7B7A79787776767523
:102250007473727171706F6E6E6D6C6C6B6A6A699B
:102260006868676666656464636362616160605F35
:102270005F5E5E5D5D5C5C5B5B5A5A5959585857AE
:102280005756565555555454535352525251515016
:1022900050504F4F4F4E4E4D4D4D4C4C4C4B4B4B69
:1022A0004A4A4A49494948484847474747464646AF
:1022B00045454544444444434343434242424241EA
:1022C0004141000046EA0646A3F570534FEA164620
:1022D00046EA42564FEAD22242EA415210B54FEA4C
:1022E000D121A3F1010300F02FF820F0004000F10C
:1022F000020C00F0004701EB00501146BCF5006FE6
:1023000040EA070000D210BDBAF1000F0AD01CB598
:1023100003B44FF004004FF004014FF000000FBC75
:10232000BDE810404FF00001BBF1010FB9BF0448F8
:102330004FF0FF310348002140EA070010BD00BF05
:10234000FFFFEF7F0000F07F002B9C4630D477002A
:102350002BD01CB54FEA370703B44FF010004FF0F5
:102360001001BAF1000F06D0BCF1000FDCBF40F045
:10237000080040F008014FF000000FBCBDE810401D
:102380000BF1010BBBF1010F08BF5FEA170722BF7A
:1023900012F1010211F101014FF0004143F100037C
:1023A00000F0004043EA00007047F9D35708D0E737
:1023B00046EA064613F1400F4FEA16461FDD13F1B9
:1023C000200FDFBF16430A46002120335B42BED0F8
:1023D000C3F1200746EA064602FA07F74FEA164617
:1023E00046EA0706C3F1200722FA03F201FA07F7CB
:1023F00021FA03F14FF0000342EA0702A7E746EA99
:10240000020646EA06464FEA164646EA0106BCBF01
:1024100046EA0646360C4FF000034FF000024FF03C
:10242000000194E72DE9804C9A46934670B491E8F8
:10243000380007C831EA400C48BF34EA430C03D5E2
:10244000FFF7A3FDFFF780FFF0BCBDE8008C2DE98E
:10245000804C9A46934670B491E8380007C831EA38
:10246000400C48BF34EA430C03D5FFF78EFDFFF75D
:1024700029FFF0BCBDE8008C2DE9804C9A469346BC
:1024800070B491E8380007C810F0804F08BF13F00F
:10249000804F03D100F01AF8FFF756FFF0BCBDE8FB
:1024A000008C2DE9804C9A46934670B491E8380030
:1024B00007C810F0804F08BF13F0804F03D100F021
:1024C00005F8FFF7FFFEF0BCBDE8008C20F07F4769
:1024D00080EA030023F07F4C07EB0C03A3F57C5349
:1024E00000F00040A3F1FE0392F0000F00F0B38073
:1024F00095F0000F00F077802DE901494FEA114077
:102500004FEA144621EA004800FB06FC24EA06478D
:1025100008FB06F607FB08F800FB07F718EB064870
:102520004CEB164C4FEA124B18EB07484FEA154696
:102530004CEB174022EA0B4E0BFB06FC25EA064744
:102540000EFB06F607FB0EFE0BFB07F71EEB064E17
:102550004CEB164C4FF000061EEB074E4CEB174BA6
:1025600018EB0B0840F1000018EB0E0B58EB0008BD
:1025700040F100008F1A4FF000013CBFC943661BB9
:1025800014BFB5EB040C00213CBFC943F61B4FEA56
:1025900017444EEA8E0E27EA04454FEA1C4704FB17
:1025A00007622CEA074C05FB07F70CFB05F604FB5A
:1025B0000CFC16EB074642EB174216EB0C4642EBBF
:1025C0001C421BEB060658EB0202414146EA9E06FE
:1025D00001D5BDE80189B619524141EB0101A3F1D2
:1025E0000103BDE801894FEA14454FEA114724EA87
:1025F000054621EA074C05FB07F406FB07F70CFB31
:1026000006F105FB0CFC11EB074144EB17444FEAC4
:10261000124711EB0C4144EB1C4422EA074C05FB2A
:1026200007F206FB07F70CFB06F605FB0CFC16EBA6
:10263000074642EB174216EB0C4642EB1C456A1864
:1026400054F1000148BF7047B619524141EB0101F6
:10265000A3F10103704795F0000F37D04FEA114204
:102660004FEA144721EA024624EA074C02FB07F12D
:1026700006FB07F70CFB06F402FB0CFC14EB07440B
:1026800041EB17414FEA154714EB0C4441EB1C4159
:1026900025EA074C02FB07F506FB07F70CFB06F6DD
:1026A00002FB0CFC16EB074645EB174516EB0C46F8
:1026B00045EB1C42121951F1000148BF7047B61991
:1026C000524141EB0101A3F1010370474FEA144568
:1026D0004FEA114724EA054621EA074C05FB07F1BA
:1026E00006FB07F70CFB06F24FF0000605FB0CFC9F
:1026F00012EB074241EB174112EB0C4251EB1C412C
:1027000048BF7047921841EB0101A3F101037047E4
:1027100010B503F017F910BD70B506460C46154606
:1027200008E03046721C96B200F007F804F8010B7E
:10273000681E85B2002DF4D170BD70B50446002628
:1027400003F0C0F92546E11704EB11610912A0223C
:1027500002EB4101C8B203F081F903F0FFF9E11780
:1027600004EB11610912A4EB0121C8B203F076F960
:1027700003F0F4F903F0A6F9A12003F06FF903F0D8
:10278000EDF9002003F034F9064603F0C1F93046B4
:1027900070BD70B505460C46164606E02178284601
:1027A00000F009F8681C85B2641C301EA6F1010116
:1027B0008EB2F3D170BD70B504460E4603F082F9B7
:1027C0002546E11704EB11610912A02202EB410139
:1027D000C8B203F043F903F0C1F9E11704EB11614A
:1027E0000912A4EB0121C8B203F038F903F0B6F9DD
:1027F000304603F033F903F0B1F903F089F90A2008
:102800000EF048FF70BD00BFFEE710B502200EF0CD
:102810004DFF10BD10B500200A490860FFF7F5FF15
:1028200001200949C1F89802FFF7EFFF002007498E
:102830000860FFF7EAFF01200549C1F88C02FFF7A5
:10284000E4FF10BD8C024442008043429882434220
:102850000000444200B587B000BF002001901B4833
:10286000006840F08000194908600846006800F0E0
:102870008000019000BF00BF00BF0020019008460B
:10288000006840F4807008600846006800F48070BA
:10289000019000BF00BF4020029011200390012052
:1028A00004900320059002A9094801F04BFA082082
:1028B000029002A9074801F045FA01200649086084
:1028C0000649C1F8980207B000BD00003038024048
:1028D000001C0240002002408C024442008043421F
:1028E00010B5012007490860FFF78FFF0120064956
:1028F000C1F89802FFF789FF002004490860FFF73C
:1029000084FF10BD8C0244420080434298824342BF
:1029100070B505460024002613E06006040E012071
:102920000D490860FFF771FF0C48D0F80C0208B1A0
:10293000601CC4B2002008490860FFF766FF701CE5
:10294000C6B2082EE9DB15B9FFF7CAFF01E0FFF7B1
:1029500061FF204670BD000098824342000044425F
:1029600070B50446002511E0E0090B490860FFF747
:102970004CFF01200949C1F89802FFF746FF0020EB
:10298000074908606006040E681CC5B2082DEBDB21
:1029900001200149086070BD8C024442008043421E
:1029A0009882434210B50120094908600949C1F8DD
:1029B0009802FFF72AFF002005490860FFF725FF6E
:1029C00000200449C1F89802FFF71FFF10BD000066
:1029D0008C0244420080434210B500200749086041
:1029E000FFF713FF01200649C1F89802FFF70DFF1A
:1029F000012002490860FFF708FF10BD8C02444225
:102A00000080434270B50024002501201049086071
:102A1000FFF7FBFE01200F49C1F89802FFF7F5FE12
:102A200009E0601CC4B2FA2C03DDFFF7D5FF0125D5
:102A300006E0FFF7EAFE0648803800680028F0D17B
:102A400000BF002004490860FFF7DFFE284670BD84
:102A50008C02444200804342988243427047000007
:102A600070B504461D460023B5F5804F13D154F8C8
:102A700022300C480340D1E9000640EA06108E6877
:102A800040EA06208E8940EA06408E6930430343BF
:102A900044F8223003E06FF0704044F82200002038
:102AA00070BD00000000F0CF10B50246002308689A
:102AB00052F820301B480340D1E901042043CC6880
:102AC00020430C6920434C6920438C692043CC6926
:102AD00020430C6A20434C6A20438C6A2043CC6A12
:102AE0002043CC6B20430C6B20434C6B20430343AF
:102AF0008868082801D143F04003086842F8203074
:102B0000486BB0F5801F0AD1086840B14FF480705F
:102B100008614C6B08692043146820431060002052
:102B200010BD00008000E0FF30B5034614460022CF
:102B3000601C53F8202002F04042D1E9000540EA31
:102B400005108D6840EA05208D8940EA0545088A10
:102B5000401E45EA0055087D801E45EA00608D69EB
:102B600028430243601C43F82020186800F48010BA
:102B700038B1586820F47002088A401E42EA0052B8
:102B80005A60002030BD30B502460023002408689A
:102B9000012816D013686FF30E03D1E9010528430D
:102BA000CD6828430D6928434D6928438D69284322
:102BB000CD6928430D6A28434D6A284303431360B7
:102BC00019E013686FF30E03D1E9070528434D6A36
:102BD0002843034354686FF30E04D1E901052843E9
:102BE000CD6828430D6928434D6928438D692843E2
:102BF000044313605460002030BD0246506940EA2F
:102C00004100506100207047F8B506460C46154655
:102C1000002000900027D4E900010843A168491E64
:102C200040EA4110E16840EA41200090009830619C
:102C300001F0A8F9074609E0681C38B125B101F098
:102C4000A1F9C01BA84201D90320F8BDB06900F06A
:102C500020000028F0D100BFF7E770B50346154605
:102C600000220024012D1FD09A6802F070420868EB
:102C7000401E4E68761E40EA06168868401E46EAE8
:102C80000026C868401E46EA0036088A401E46EA0A
:102C90000046888A401E46EA0056087E401E46EAE4
:102CA000006002439A6022E0DA6802F0704208682D
:102CB000401E4E68761E40EA06168868401E46EAA8
:102CC0000026088A401E46EA0046087E401E46EA64
:102CD000006002439C6804F07044C868401E06030C
:102CE000888A401E46EA00500443DA609C60002057
:102CF00070BD000010B588B0012400BF0020009016
:102D00005548006840F08000534908600846006854
:102D100000F08000009000BF00BF00BF00200090C6
:102D20000846006840F4807008600846006800F4B7
:102D30008070009000BF00BF8020019000200290B2
:102D4000012003900320049001A9444800F0FAFFF9
:102D5000200201900120029001A9414800F0F2FFF9
:102D6000FFF778FD00203F49086014200EF092FC28
:102D700001203D49C1F8A00232200EF08BFC00205A
:102D80008DF81800022206A9A12000F07DF89DF818
:102D90001800302803D19DF81900032807D09DF8AA
:102DA0001900012803D09DF81900022824D19DF8AC
:102DB00019009DF8182000EB02212CA0FDF782FBE2
:102DC000012206A9002000F03FFA012206A9A42052
:102DD00000F03AFA16208DF81800012206A980208A
:102DE00000F032FA0C208DF81800012206A9882084
:102DF00000F02AFA00242BE0042206A948F2401031
:102E000000F01CFB00208DF81C0006A91AA0FDF79D
:102E100059FB1C480699016002208DF81800012218
:102E200006A948F2400000F017FD012206A948F269
:102E3000470000F003FB0A200EF02CFC00208DF868
:102E40001800012206A948F2400000F005FD002408
:102E5000204608B010BD000030380240001C02407F
:102E600000200240A002444200004442435450204B
:102E700049443A25780D0A004354502049443A25E4
:102E8000730D0A00440000202DE9F04106460F466C
:102E90001546FFF787FD7020FFF762FDFFF7B2FDD3
:102EA000F0B2FFF75DFDFFF7ADFDFFF77BFD712091
:102EB000FFF756FDFFF7A6FD00240BE0691EA142B7
:102EC00001D0012100E000210846FFF721FD38551F
:102ED000601CC4B2AC42F1DBFFF77EFDBDE8F081BF
:102EE00071B583B0002001900026CF480078401CC7
:102EF000CD490870084600780A2190FBF1F201FBE9
:102F0000120018B1C84800780A287DDAC7A1C8485D
:102F1000FDF7B4FDD8B9012203A948F24E1000F024
:102F20008DFA9DF80C0000F08000A8B19DF80C000F
:102F300000F00F00BF49097888420DDC00200190A5
:102F4000012201A948F24E1000F086FC04E00122A3
:102F500003A90220FFF798FF9DF80C0000F00F0076
:102F6000002851D09DF80C0000F00F00B1490978FD
:102F7000884249DC9DF80C0000F00F01FF208840DA
:102F8000C4B2AD48858EE04380B240F0C000AA498B
:102F9000888608468289A7480078401E0C3121F8AF
:102FA0001020A548028CA3480078401E143121F857
:102FB000102004200EF06EFB00200190AAE09E4835
:102FC000808E9DF8042001219140084000282FD0D8
:102FD00096A19748FDF752FDE8BB98499DF804205B
:102FE00031F81200042202A900F028FA924890F861
:102FF000440000F00100E0B19DF808009DF80910C0
:1030000000EB012081B200E0C2E08B480C309DF85B
:10301000042020F812109DF80A009DF80B1000EB18
:10302000012081B2844820309DF8042020F812103D
:103030006BE09DF808009DF8091000EB012081B2BB
:103040007D4820309DF8042020F812109DF80A00D9
:103050009DF80B1000E00CE000EB01207849098896
:10306000081A81B274480C309DF8042020F8121020
:103070004BE074499DF8042031F81200042202A9A3
:10308000FFF702FF6C4890F8440000F00100E0B147
:103090009DF809009DF8081001F00F0100EB0120D8
:1030A000654920319DF8042021F812009DF80B009D
:1030B0009DF80A1001F00F0100EB01205E490C3170
:1030C0009DF8042021F812001FE09DF809009DF8EA
:1030D000081001F00F0100EB012059490988081A76
:1030E00081B255480C309DF8042020F812109DF84C
:1030F0000B009DF80A1001F00F0100EB01204E4972
:1031000020319DF8042021F812009DF80400401C95
:10311000C0B201909DF80400464909788842FFF644
:103120004EAF01264448808945490988884205DC1C
:103130004148008C42494988884226DD9DF80C00B0
:1031400000F00F0001280ADD3B48C0893A49888118
:103150000846408C088400203349087018E0354840
:103160000078401E34490C3131F810000C39888148
:1031700030480078401E203131F810002039088492
:10318000802003900846858602E0002026490870CA
:1031900026A12748FDF772FCF0B99DF80C0000F05D
:1031A0008F00802835D1244890F8340000F080004A
:1031B00030B12148808E20F080001F49888628E0A9
:1031C0004FF6FF701C4988810884084690F8340047
:1031D00000F0E00088861CE09DF80C0000F01F0065
:1031E000B8B9154890F8340000F0800030B11248AA
:1031F000808E20F08000104988860AE04FF6FF702C
:103200000D4988810884084690F8340000F0E000F9
:10321000888605480078F02802DD0A2002490870F7
:10322000304604B070BD00004A0000203931310042
:10323000440000204900002050000020567F040870
:10324000C00800204C7F04082DE9F04105460E46D9
:1032500017464FF00008FFF7A5FB7020FFF780FB33
:10326000FFF7D0FBE8B2FFF77BFBFFF7CBFB0024B7
:103270000BE0305DFFF774FBFFF7C4FB8046B8F14D
:10328000000F00D003E0601CC4B2BC42F1DB00BF01
:10329000FFF7A2FB4046BDE8F081000000B589B011
:1032A00000BF002001905148006840F080004F4965
:1032B00008600846006800F08000019000BF00BF71
:1032C00000BF002001900846006840F4807008604C
:1032D0000846006800F48070019000BF00BF8020A5
:1032E000029000200390012004900320059002A981
:1032F0003F4800F027FD4FF48070029001200390BA
:1033000002A93C4800F01EFDFFF7A4FA00203A494C
:1033100008600A200EF0BEF901203849C1F8A00269
:103320000A200EF0B7F9802002900020039004904C
:103330000320059002A92E4800F004FD64200EF041
:10334000A9F9042207A948F2401000F077F80020FC
:103350008DF8200007A92AA0FDF7B4F82BA107A833
:10336000FDF78CFB88B12AA107A8FDF787FB60B1A8
:1033700029A107A8FDF782FB38B129A107A8FDF70D
:103380007DFB10B1012009B000BD21A107A8FDF708
:1033900075FB40BB02208DF81C00012207A948F2F2
:1033A000400000F059FA012207A948F2470000F056
:1033B00045F89DF81C00602807DA9DF81C101AA03B
:1033C000FDF780F8012000F019FA0A200EF062F9EA
:1033D00000208DF81C00012207A948F2400000F0EF
:1033E0003BFA0020CFE70020CDE700003038024054
:1033F000001C024000200240A0024442000044425F
:103400004354502049443A25730D0A0039313100A4
:103410003931343700000000313135380000000008
:10342000393237310000000044656661756C7420E4
:103430005665723A25640D0A000000002DE9F0413E
:1034400005460F461646FFF7ADFA2820FFF788FA23
:10345000FFF7D8FA2812FFF783FAFFF7D3FAE8B29A
:10346000FFF77EFAFFF7CEFAFFF79CFA2920FFF765
:1034700077FAFFF7C7FA00240BE0711EA14201D0D2
:10348000012100E000210846FFF742FA3855601C90
:10349000C4B2B442F1DBFFF79FFABDE8F08100004F
:1034A00071B583B000240026D0480078401CCF4975
:1034B0000870084600780A2190FBF1F201FB120027
:1034C00018B1CA4800780A2871DA012203A948F223
:1034D0004E10FFF7B3FF9DF80C0000F0800068B1BC
:1034E0009DF80C0000F00F00062807DA002001907C
:1034F000012201A948F24E1000F0AEF99DF80C002F
:1035000000F00F00002852D09DF80C0000F00F00D2
:103510000628D9DA9DF80C0000F00F01FF20884042
:10352000C0B20190B24890F834509DF80400C043F6
:1035300080B240F0C000AE49888608468189818209
:10354000018C01850024F9E0A948808E0121A14069
:10355000084000282AD0A74931F81400042202A903
:10356000FFF76CFFA448808845F21051884236D19D
:103570009F4890F8440000F00100C8B19DF8080091
:103580009DF8091000EB012081B29948203020F805
:1035900014109DF80A009DF80B1000EB0120C0F5F7
:1035A000487081B292480C3020F81410C4E0F5E065
:1035B0009DF808009DF8091000EB012081B28C48AD
:1035C0000C3020F814109DF80A009DF80B1000EB49
:1035D000012081B28648203020F81410ACE08648E3
:1035E000808844F24231884235D1814890F84400C5
:1035F00000F00100B0B19DF808009DF8091000EB43
:10360000012081B27A480C3020F814109DF80A008D
:103610009DF80B1000EB012081B27548203020F896
:10362000141089E09DF808009DF8091000EB0120B6
:1036300081B26F48203020F814109DF80A009DF8E0
:103640000B1000EB0120C0F5887081B268480C3087
:1036500020F8141070E06848808844F28431884271
:1036600035D1634890F8440000F00100B0B19DF8F6
:1036700008009DF8091000EB012081B25C480C3075
:1036800020F814109DF80A009DF80B1000EB0120A3
:1036900081B25748203020F814104DE09DF8080002
:1036A0009DF8091000EB012081B25148203020F82C
:1036B00014109DF80A009DF80B1000EB0120C0F5D6
:1036C000F07081B24A480C3020F8141034E04848B9
:1036D00090F8440000F00100C0B19DF808009DF88A
:1036E000091000EB012081B24148203020F814106D
:1036F0009DF80A009DF80B1000EB0120C0F5487002
:1037000081B23B480C3020F8141015E09DF80800F9
:103710009DF8091000EB012081B235480C3020F8EB
:1037200014109DF80A009DF80B1000EB012081B2E7
:103730002F48203020F81410601CC4B2052CFFF66E
:1037400003AF01262A4880892B490988884205DC75
:103750002748008C2849498888421CDD9DF80C00C8
:1037600000F00F0001280ADD2148C0892049888126
:103770000846408C088400201C4908700EE01C4854
:10378000808A1B4988810846008D08848020039028
:103790000846858602E00020144908709DF80C0058
:1037A00000F08F00802817D1114890F8340000F005
:1037B000800030B10E48808E20F080000C49888651
:1037C0000AE04FF6FF700A4988810884084690F89D
:1037D000340000F0E000888604480078F02802DD1C
:1037E0000A2002490870304604B070BD4B0000202A
:1037F0005000002018800408C008002038B5054695
:10380000002400208DF800008DF8015000BF09E071
:103810009DF800000F49095D0844C0B28DF8000012
:10382000601CC4B2B82CF3D39DF80000C043401C08
:10383000C0B28DF80000B822064948F2470000F0F7
:103840000BF80222694648F2FF0000F005F800205C
:1038500038BD0000607F04082DE9F04104460E46A3
:1038600017464FF00008FFF79DF82820FFF778F87B
:10387000FFF7C8F82012FFF773F8FFF7C3F8E0B2BC
:10388000FFF76EF8FFF7BEF800250BE0705DFFF75D
:1038900067F8FFF7B7F88046B8F1000F00D003E0F3
:1038A000681CC5B2BD42F1DB00BFFFF795F840468A
:1038B000BDE8F08100B589B000BF00200190484804
:1038C000006840F08000464908600846006800F043
:1038D0008000019000BF00BF00BF0020019008469B
:1038E000006840F4807008600846006800F480704A
:1038F000019000BF00BF80200290002003900120B3
:1039000004900320059002A9364800F01BFA4FF4FA
:10391000807002900120039002A9334800F012FA4F
:10392000FEF798FF00224FF480712F4800F024FB2F
:103930000A200DF0AFFE012211022B4800F01CFB03
:103940000A200DF0A7FE8020029000200390049032
:103950000320059002A9234800F0F4F964200DF03B
:1039600099FE042207A948F2401000F055F8002003
:103970008DF8200007A91DA0FCF7A4FD1FA107A832
:10398000FDF77CF848BB02208DF81C00012207A936
:1039900048F24000FFF760FF012207A948F2470004
:1039A000FFF74CFD9DF81C00412807DA9DF81C101C
:1039B00014A0FCF787FD012000F068F90A200DF043
:1039C00069FE00208DF81C00012207A948F2400082
:1039D000FFF742FF002009B000BD0120FBE7000017
:1039E00030380240001C0240002002404354502066
:1039F00049443A25730D0A0D0A0000003932373167
:103A00000000000044656661756C74205665723A6A
:103A100025640D0A000000002DE9F04105460F461F
:103A20001646FEF7BFFF2820FEF79AFFFEF7EAFFD3
:103A30002812FEF795FFFEF7E5FFE8B2FEF790FFCC
:103A4000FEF7E0FFFEF7AEFF2920FEF789FFFEF745
:103A5000D9FF00240BE0711EA14201D0012100E03A
:103A600000210846FEF754FF3855601CC4B2B4422A
:103A7000F1DBFEF7B1FFBDE8F081000071B583B066
:103A80000020019000267D480078401C7B4908708A
:103A9000084600780A2190FBF1F201FB120018B1F0
:103AA000764800780A286EDA012203A948F24E10FF
:103AB000FFF7B2FF9DF80C0000F0800068B19DF8A0
:103AC0000C0000F00F000B2807DA00200190012203
:103AD00001A948F24E1000F007F99DF80C0000F023
:103AE0000F0000284FD09DF80C0000F00F000B28AD
:103AF000D9DA9DF80C0000F00F014FF6FF708840F6
:103B000084B25F48858EE04380B240F0C0005C49DB
:103B1000888608468189C183018C418600200190F6
:103B200053E05748808E9DF80420012191400840C1
:103B300040B354499DF8042031F81200062202A92E
:103B4000FFF76AFF4E4890F8440000F00100D8B13A
:103B50009DF80A009DF80B1000EB012081B2484847
:103B600020309DF8042020F812109DF808009DF8E0
:103B7000091000EB012081B241480C309DF804206F
:103B800020F812101CE051E09DF80A009DF80B107F
:103B900000EB0120C0F5487081B239480C309DF827
:103BA000042020F812109DF808009DF8091000EB81
:103BB000012081B2324820309DF8042020F81210F4
:103BC0009DF80400401CC0B201909DF804000A2832
:103BD000A7DB01262A4880892B490988884205DC11
:103BE0002748008C2849498888421CDD9DF80C0034
:103BF00000F00F0001280ADD2148C0892049888192
:103C00000846408C088400201C4908700EE01C48BF
:103C1000C08B1B4988810846408E08848020039011
:103C20000846858602E00020144908709DF80C00C3
:103C300000F08F00802816D1114890F8340000F071
:103C4000800030B10E48808E20F080000C498886BC
:103C500009E04FF6FF700A49888108840846808E83
:103C600000F46040888605480078F02802DD0A20CC
:103C700002490870304604B070BD00004C000020BE
:103C800050000020DC800408C008002038B505463C
:103C9000002400208DF800008DF8015000BF09E0DD
:103CA0009DF800000F49095D0844C0B28DF800007E
:103CB000601CC4B2B82CF3D39DF80000C043401C74
:103CC000C0B28DF80000BA22064948F2470000F061
:103CD0000BF80222694648F2FF0000F005F80020C8
:103CE00038BD0000228004082DE9F04104460E464C
:103CF00017464FF00008FEF755FE2820FEF730FE6D
:103D0000FEF780FE2012FEF72BFEFEF77BFEE0B2F0
:103D1000FEF726FEFEF776FE00250BE0705DFEF74F
:103D20001FFEFEF76FFE8046B8F1000F00D003E0E3
:103D3000681CC5B2BD42F1DB00BFFEF74DFE404638
:103D4000BDE8F081F8B502460B46002500240020AE
:103D50000021E6E0012606FA01F51E6806EA0504E0
:103D6000AC4273D15E68022E02D05E68122E13D16F
:103D7000CF0802F1200656F827004E07F70E0F264F
:103D8000BE40B0434F07FF0E1E69BE403043CF0810
:103D900002F1200646F8270010684F000326BE40B7
:103DA000B0431E7906F003064F00BE40304310605A
:103DB0005E68012E08D05E68022E05D05E68112E66
:103DC00002D05E68122E13D190684F000326BE40C9
:103DD000B0434F00DE68BE4030439060506801261B
:103DE0008E40B0431E79C6F300168E4030435060BB
:103DF000D0684F000326BE40B0434F009E68BE40CF
:103E00003043D0605E6806F08056B6F1805FA8D17E
:103E100000BF00260096454E366846F48046434F64
:103E20003E603E46366806F48046009600BF00BFFE
:103E30003F4E8F0856F827008E07370F0F26BE40DB
:103E4000B0433C4EB24202D100262EE068E03A4E2A
:103E5000B24201D1012628E0384EB24201D10226F9
:103E600023E0374EB24201D103261EE0354EB24266
:103E700001D1042619E0344EB24201D1052614E0E6
:103E8000324EB24201D106260FE0314EB24201D18C
:103E900007260AE02F4EB24201D1082605E02E4E39
:103EA000B24201D1092600E00A268F073F0FBE402B
:103EB00030431F4E8F0846F82700284E3068A04335
:103EC0005E6806F48036B6F5803F00D12043234E6D
:103ED0003060361D3068A0435E6806F40036B6F5E3
:103EE000003F00D120431D4E361D3060361D306826
:103EF000A0435E6806F48016B6F5801F00D120430B
:103F0000164E08363060361D3068A0435E6806F4F1
:103F10000016B6F5001F00D12043104E0C3630605D
:103F2000491C1029FFF416AFF8BD000044380240C8
:103F3000083801400000024000040240000802402E
:103F4000000C024000100240001402400018024021
:103F5000001C02400020024000240240003C0140BE
:103F6000024613690B400BB1012000E000207047AE
:103F700042694A40426170470AB1816101E00B0425
:103F800083617047014800687047000024000020EA
:103F900002480068401C0149086070472400002066
:103FA00010B50D48006840F400700B4908600846E1
:103FB000006840F4806008600846006840F4807043
:103FC0000860052000F04EFA0F2000F007F800F01E
:103FD000F9F9002010BD0000003C024070B5044615
:103FE00000F0B2FD4FF47A71B0FBF1F5284601F014
:103FF000CFF900222146501E00F0F6F9002070BDD6
:1040000070B504460E46154600BF94F8A00001287E
:1040100001D1022070BD012084F8A00000BF022061
:1040200084F8A10005EB850101EBC50204F138011C
:1040300001EB820034223146FCF771FC2A463146FE
:10404000204605F0B5FD01202168486284F8A100F2
:1040500000BF002084F8A00000BF00BFDAE7000026
:1040600070B50446002500260CB9012070BD94F8F7
:10407000A10028B9002084F8A000204600F084F8B0
:10408000022084F8A1002068806920F07040216837
:104090008861D4E901010843E168084321690843C4
:1040A00021688969084321688861206880683549EA
:1040B000084021688860A08A050420688068A1699A
:1040C00029430843216888602068C0682D4908405A
:1040D0002168C860A08B05042068C068216A294354
:1040E00008432168C86020680069264908402168A3
:1040F0000861A08C050420680069A16A294308436F
:1041000021680861206840691E49084021684861AB
:10411000A08D050420684069216B2943084321686C
:10412000486194F83500050294F8360006042068CA
:10413000C06A00F07F402168C86246EA050094F832
:10414000341008432168C96A08432168C86220689E
:10415000406B40F00400216848632068406B40F0E9
:104160000200216848632068806940F001002168EE
:1041700088610020C4F8A400012084F8A100002078
:1041800074E7000000F800F010B586B0044600BFE8
:10419000002000904D48006840F080604B49086066
:1041A0000846006800F08060009000BF00BF00BFBC
:1041B0000020009045481438006840F4000043494E
:1041C000143908600846006800F40000009000BF41
:1041D00000BF00BF002000900846006840F00200C9
:1041E00008600846006800F00200009000BF00BFB1
:1041F00000BF002000900846006840F020000860E2
:104200000846006800F02000009000BF00BF00BF1B
:10421000002000900846006840F040000860084612
:10422000006800F04000009000BF00BF00BF002009
:1042300000900846006840F080000860084600686A
:1042400000F08000009000BF00BF00BF0020009081
:104250000846006840F4807008600846006800F472
:104260008070009000BF00BF2020019001200290CC
:1042700003900320049001A91548FFF763FD4FF454
:10428000806001900220029000200390032004909F
:104290000E20059001A90F48FFF754FD4FF40C6064
:1042A000019001A90C48FFF74DFD4FF47E400190AD
:1042B00001A90A48FFF746FD40F2F760019001A905
:1042C0000748FFF73FFD06B010BD0000443802402C
:1042D000000402400014024000180240001C02408A
:1042E000002002402DE9F04104460E46174698464C
:1042F00000BF94F8A000012802D10220BDE8F0819F
:10430000012084F8A00000BF022084F8A10008EB7F
:10431000880000EBC80104F1380000EB81052E6035
:10432000A86A30446860AF60E86A3844E860424692
:104330002946204605F03CFC01202168486284F8AB
:10434000A10000BF002084F8A00000BF00BFD5E797
:104350002DE9F04105460E461746984600BF95F8F0
:10436000A000012802D10220BDE8F081012085F8DB
:10437000A00000BF022085F8A10008EB880000EB38
:10438000C80105F1380000EB81040020206020689E
:10439000304460600020A060A0683844E060A662FD
:1043A000E76242462146284605F002FC01202968C2
:1043B000486285F8A10000BF002085F8A00000BF7A
:1043C00000BFD1E708B50020009000BF08BD00BFC6
:1043D00000F01F02012191404209920002F1E02207
:1043E000C2F8001100BF70472DE9F05F80460D460E
:1043F0001646002705F0E8FC074639462A463346AC
:1044000001F00700C0F1070ABAF1040F02D94FF01A
:10441000040A01E0C0F1070AD14600F1040ABAF12A
:10442000070F02D24FF0000A01E0A0F1030AD446C0
:104430004FF0010A0AFA09FAAAF1010A0AEA020A85
:104440000AFA0CFA4FF0010B0BFA0CFBABF1010B63
:104450000BEA030B4AEA0B042146404605F0BCFC7C
:10446000BDE8F09F00BF00F00702064B19684FF649
:10447000FF031940044B0B4343EA0221014B19602F
:1044800000BF70470CED00E00000FA0538B50024CD
:1044900000BF002000902348006840F08050214970
:1044A00008600846006800F08050009000BF00BF20
:1044B0000120010491FAA1F1B1FA81F11A4A42F8FE
:1044C0002100FFF75FFD044607E0FFF75BFD001BDF
:1044D000B0F57A7F01D9032038BD1448406800F454
:1044E0008030B0F5803FF0D10120410491FAA1F174
:1044F000B1FA81F10C4A42F82100FFF743FD04466E
:1045000007E0FFF73FFD001BB0F57A7F01D90320DC
:10451000E2E70648406800F40030B0F5003FF0D113
:104520000020D9E74038024000000E4200700040F1
:10453000F8B5044600250026207800F0010020B9D7
:10454000207800F00200022866D10020CC4988665D
:10455000FFF718FD054606E0FFF714FD401B642831
:1045600001D90320F8BDC7480068C0F3C060002827
:10457000F2D1207800F0010098B147F6C07191FAAD
:10458000A1F1B1FA81F1606888404FF0E04292FAFF
:10459000A2F2B2FA82F2A16891400843B94984318B
:1045A0000860207800F00200022821D1B54884304C
:1045B000006800F0E0404FF0E04191FAA1F1B1FA5B
:1045C00081F120FA01F660688101207B41EA0060F8
:1045D00040EA0670AB4984310860AA488C30006814
:1045E00020F01F00E169491E0843A6498C3108608C
:1045F0000120A3498866FFF7C5FC054606E0FFF7E2
:10460000C1FC401B642801D90320ABE79D4800682A
:10461000C0F3C0600028F2D0207800F00400042825
:1046200004D0207800F0080008287DD100209449AB
:104630000867FFF7A7FC054606E0FFF7A3FC401B51
:10464000642801D903208DE78E480068C0F34070CC
:104650000028F2D1207800F00400042834D18948E1
:104660008830006800F0E0404FF0E04191FAA1F19D
:10467000B1FA81F120FA01F647F6C07191FAA1F181
:10468000B1FA81F1206988404FF0706292FAA2F28B
:10469000B2FA82F26169914008434FF0E04191FA29
:1046A000A1F1B1FA81F106FA01F1084375498831A7
:1046B0000860081D006820F4F851206A401E41EA95
:1046C000002070498C310860207800F0080008282C
:1046D00034D16C488830006800F070604FF0706131
:1046E00091FAA1F1B1FA81F120FA01F647F6C07111
:1046F00091FAA1F1B1FA81F1206988404FF070611F
:1047000091FAA1F1B1FA81F106FA01F108434FF0F3
:10471000E04292FAA2F2B2FA82F2A1699140084311
:1047200058498831086000E01CE0081D006820F44A
:104730004030616A084353498C3108600120504978
:104740000867FFF71FFC054606E0FFF71BFC401B50
:10475000642801D9032005E74A480068C0F3407087
:104760000028F2D0207800F0200020287DD100BF62
:104770000020009043484030006840F0805041499C
:10478000403108600846006800F08050009000BF8B
:1047900000BF3D48006840F480703B490860FFF767
:1047A000F1FB054606E0FFF7EDFB401B642801D94D
:1047B0000320D7E63448006800F480700028F2D067
:1047C00030487030006800F44070218D01F4407171
:1047D00088424AD02B487030006820F4407601208F
:1047E0002A4908600020086026487030066006F0FC
:1047F000020098B1FFF7C6FB054608E0FFF7C2FBD1
:10480000401B41F28831884201D90320AAE61D48A5
:1048100070300068C0F340000028EFD000BF208D4A
:1048200000F44070B0F5407F0CD1164808300068A5
:1048300020F4F810164AA16A1140084311490831C2
:10484000086007E00F480830006820F4F8100D49B0
:10485000083108600B4870300068218DC1F30B01EE
:10486000084308497031086000BF207800F010004C
:10487000102803D194F82C0006490860002071E646
:10488000000047420038024000700040400E47429E
:10489000FFFCFF0FE011474270B504460E460025AD
:1048A000A748006800F00F00B0426FD2A4490E7014
:1048B0000846006800F00F00B04201D0012070BD32
:1048C000207800F00200022807D19E48006820F0FE
:1048D000F000A16808439B490860207800F00100BF
:1048E00000283ED06068012807D196480838006843
:1048F000C0F34040B8B90120E1E76068022802D067
:104900006068032807D18F4808380068C0F340600A
:1049100048B90120D3E78B4808380068C0F340004D
:1049200008B90120CBE78748006820F003006168E0
:10493000084384490860FFF725FB054660680128A5
:1049400010D108E0FFF71EFB401B41F2883188427E
:1049500001D90320B3E77B48006800F00C0004286D
:10496000F0D1CDE06068022811D108E0FFF70AFB22
:10497000401B41F28831884201D903209FE77148EA
:10498000006800F00C000828F0D1B9E024E060686D
:10499000032810D108E0FFF7F5FA401B41F28831F7
:1049A000884201D903208AE76648006800F00C00BD
:1049B0000328F0D1A4E008E0FFF7E4FA401B41F23D
:1049C0008831884201D9032079E75E48006800F009
:1049D0000C000028F0D193E0207800F002000228BB
:1049E00007D15848006820F0F000A16808435549F5
:1049F0000860207800F00100002877D06068012866
:104A000007D1504808380068C0F34040B8B90120C9
:104A100055E76068022802D06068032807D149483A
:104A200008380068C0F3406048B9012047E74548AE
:104A300008380068C0F3400008B901203FE741484A
:104A4000006820F00300616808433E490860FFF7F2
:104A500099FA05466068012810D108E0FFF792FA3C
:104A6000401B41F28831884201D9032027E73548AD
:104A7000006800F00C000428F0D137E060680228DC
:104A800010D108E0FFF77EFA401B41F288318842DE
:104A900001D9032013E72B48006800F00C00082818
:104AA000F0D123E06068032810D108E0FFF76AFA2C
:104AB000401B41F28831884201D90320FFE621489A
:104AC000006800F00C000328F0D10FE008E0FFF7C9
:104AD00059FA401B41F28831884201D90320EEE6A1
:104AE0001848006800F00C000028F0D114490E703E
:104AF0000846006800F00F00B04201D00120DEE659
:104B0000207800F00400042807D10E48006820F443
:104B1000E050E16808430B490860207800F0080085
:104B2000082808D10748006820F46040216940EA5D
:104B3000C100044908600F20FFF750FA0020BEE6CC
:104B4000003C02400838024010B500F045F8094921
:104B5000096801F0F001F02292FAA2F2B2FA82F2B0
:104B6000D140054A515CC8400449086008460068C5
:104B700010BD000008380240FC3704080000002087
:104B800010B5FFF7E1FF0749096801F4E0514FF460
:104B9000E05292FAA2F2B2FA82F2D140024A515C99
:104BA000C84010BD08380240FC37040810B5FFF7B4
:104BB000CBFF0749096801F460414FF4604292FA63
:104BC000A2F2B2FA82F2D140024A515CC84010BD52
:104BD00008380240FC37040870B500210022002389
:104BE0000020274C246804F00C0424B1042C04D0C9
:104BF000082C41D103E0234840E023483EE0204C0C
:104C0000241F246804F03F011D4C241F246804F471
:104C1000800484B11C4CB4FBF1F5194C241F2468AA
:104C200047F6C076344096FAA6F6B6FA86F6F44011
:104C300005FB04F20FE0134CB4FBF1F5104C241FFC
:104C4000246847F6C076344096FAA6F6B6FA86F699
:104C5000F44005FB04F20A4C241F246804F4403499
:104C60004FF4403595FAA5F5B5FA85F5EC40641C8E
:104C70006300B2FBF3F001E0024800BF00BF70BD6B
:104C8000083802400024F40040787D0138B504461D
:104C90000025207800F00100002866D0F748006861
:104CA00000F00C0004280DD0F448006800F00C005F
:104CB000082813D1F148001F006800F48000B0F507
:104CC000800F0BD1ED4808380068C0F34040002841
:104CD0004BD06068002848D1012038BD0020E7494A
:104CE000891F0870FFF74EF9054608E0FFF74AF9FB
:104CF000401B41F28831884201D90320EDE7DF48AB
:104D000008380068C0F340400028EFD12079DB4923
:104D1000891F08706068A0B1FFF734F9054608E004
:104D2000FFF730F9401B41F28831884201D9032056
:104D3000D3E7D24808380068C0F340400028EFD0DD
:104D400013E0FFF71FF9054608E0FFF71BF9401BCA
:104D500041F28831884201D90320BEE7C7480838AC
:104D60000068C0F340400028EFD1207800F0020036
:104D7000022869D1C148006800F00C0058B1BF4852
:104D8000006800F00C00082821D1BC48001F006812
:104D900000F48000D8B9B94808380068C0F3400072
:104DA00020B1E068012801D0012096E7B348083817
:104DB000006820F0F800F82292FAA2F2B2FA82F229
:104DC000216991400843AD49083908603CE0E0683A
:104DD00028B30120AA490860FFF7D4F8054606E089
:104DE000FFF7D0F8401B642801D9032075E7A348DA
:104DF00008380068C0F340000028F1D09F48083808
:104E0000006820F0F800F82292FAA2F2B2FA82F2D8
:104E100021699140084399490839086014E000204D
:104E200097490860FFF7AEF8054606E0FFF7AAF8D5
:104E3000401B642801D903204FE7904808380068D8
:104E4000C0F340000028F1D1207800F008000828C5
:104E50002CD16069A8B101208A490860FFF792F857
:104E6000054606E0FFF78EF8401B642801D90320B1
:104E700033E782486C300068C0F340000028F1D06E
:104E800014E000207F490860FFF77CF8054606E043
:104E9000FFF778F8401B642801D903201DE7774805
:104EA0006C300068C0F340000028F1D1207800F099
:104EB000040004286FD100BF002000906F483830F4
:104EC000006840F080506D4938310860084600683D
:104ED00000F08050009000BF00BF6B48006840F4B5
:104EE000807069490860FFF74DF8054606E0FFF756
:104EF00049F8401B642801D90320EEE662480068A7
:104F000000F480700028F2D000205C4968310870FD
:104F1000FFF738F8054608E0FFF734F8401B41F288
:104F20008831884201D90320D7E6544868300068A8
:104F3000C0F340000028EFD1207A50496831087052
:104F4000A068A0B1FFF71EF8054608E0FFF71AF8C1
:104F5000401B41F28831884201D90320BDE6474811
:104F600068300068C0F340000028EFD013E0FFF77E
:104F700009F8054608E0FFF705F8401B41F28831C3
:104F8000884201D90320A8E63C4868300068C0F395
:104F900040000028EFD1A069F0B33848006800F065
:104FA0000C00082872D0A069022850D10020344992
:104FB0000866FEF7E7FF054606E0FEF7E3FF401B45
:104FC000642801D9032088E62C4808380068C0F31B
:104FD00040600028F1D1D4E90701084347F6C072C8
:104FE00092FAA2F2B2FA82F2616A91400843012277
:104FF000A16AC2EB51014FF4403292FAA2F2B2FA26
:1050000082F2914008434FF0706292FAA2F2B2FA33
:1050100082F2E16A914000E03AE008431749091F33
:105020000860012016490866FEF7ACFF054606E059
:10503000FEF7A8FF401B642801D903204DE60F4866
:1050400008380068C0F340600028F1D020E000205C
:105050000B490866FEF796FF054606E0FEF792FF4D
:10506000401B642801D9032037E60448083800684B
:10507000C0F340600028F1D10AE007E008380240A0
:1050800000004742800E474200700040012024E6A5
:10509000002022E670B504460D460CB9012070BD13
:1050A00094F82C0028B9002084F82D00204600F048
:1050B00011F8022084F82C00211D2068FDF763FD03
:1050C0002946D4E90002FDF7C8FD012084F82C0030
:1050D0000020E4E710B586B0044600BF0020009031
:1050E0004348006840F001004149086008460068F4
:1050F00000F00100009000BF00BF00BF0020009042
:105100003B480838006840F0040039490839086015
:105110000846006800F00400009000BF00BF00BF18
:10512000002000900846006840F00800086008462B
:10513000006800F00800009000BF00BF00BF002022
:1051400000900846006840F01000086008460068BB
:1051500000F01000009000BF00BF00BF00200090D2
:105160000846006840F0200008600846006800F02B
:105170002000009000BF00BF00BF00200090084644
:10518000006840F0400008600846006800F04000F9
:10519000009000BF00BF0D2001900220029001206E
:1051A0000390032004900C20059001A91148FEF7FC
:1051B000C9FD4CF20370019001A90F48FEF7C2FD32
:1051C0004FF68370019001A90C48FEF7BBFD4FF626
:1051D0003F00019001A90A48FEF7B4FD48F23710DC
:1051E000019001A90748FEF7ADFD06B010BD000013
:1051F0003838024000080240000C02400010024013
:10520000001402400018024070B504460D4694F8A0
:105210002C00022800D170BD022084F82C00294601
:105220002068FDF7EAFC012084F82C000020F2E75A
:1052300070B504460D46164694F82C00022800D19D
:1052400070BD022084F82C00324629462068FDF704
:10525000DBFC2868022803D1052084F82C0002E03A
:10526000012084F82C000020EAE770B504460E46C1
:1052700015460CB9012070BD94F8490028B90020EA
:1052800084F84800204600F01DF804F10801206869
:10529000FDF70AFC3146A2682068FDF745FC294667
:1052A000236BD4E90102FDF7DBFBA168206850F80D
:1052B000210040F00100A268216841F8220000208E
:1052C000D9E7000010B586B0044600BF002000906A
:1052D0002248006840F00100204908600846006844
:1052E00000F00100009000BF00BF00BF0020009050
:1052F0001A480838006840F0080018490839086062
:105300000846006800F00800009000BF00BF00BF22
:10531000002000900846006840F010000860084631
:10532000006800F01000009000BF00BF4EF2B370A4
:1053300001900220029001200390032004900C2091
:10534000059001A90648FEF7FDFC4FF6807001901C
:1053500001A90448FEF7F6FC06B010BD383802403B
:10536000000C024000100240042808D14FF0E02158
:10537000096941F004014FF0E022116107E04FF0AC
:10538000E021096921F004014FF0E022116170472A
:1053900070B504462546681EB0F1807F01D3012018
:1053A0000FE0681E4FF0E02148610F214FF0FF3001
:1053B00004F012FD00204FF0E02188610720086111
:1053C000002070BD70477047704710B504462068D4
:1053D0000069C0F34000D8B12068C068C0F3400045
:1053E000B0B16FF0020021680861012020762068CA
:1053F000806900F0030018B12046FFF7E5FF05E0E3
:10540000204600F0ADF8204600F0ABF800202076F2
:1054100020680069C0F38000D8B12068C068C0F37C
:105420008000B0B16FF0040021680861022020768E
:105430002068806900F4407018B12046FFF7C4FF6F
:1054400005E0204600F08CF8204600F08AF80020A5
:10545000207620680069C0F3C000D8B12068C06819
:10546000C0F3C000B0B16FF00800216808610420EB
:1054700020762068C06900F0030018B12046FFF7CD
:10548000A3FF05E0204600F06BF8204600F069F825
:105490000020207620680069C0F30010D8B1206891
:1054A000C068C0F30010B0B16FF01000216808614F
:1054B000082020762068C06900F4407018B12046AA
:1054C000FFF782FF05E0204600F04AF8204600F092
:1054D00048F8002020762068006900F0010058B1EB
:1054E0002068C06800F0010030B16FF00100216851
:1054F0000861204600F036F820680069C0F3C0104B
:1055000058B12068C068C0F3C01030B16FF080009F
:10551000216808612046FFF755FF20680069C0F345
:10552000801058B12068C068C0F3801030B16FF0AF
:10553000400021680861204600F015F820680069E5
:10554000C0F3401058B12068C068C0F3401030B1BB
:105550006FF02000216808612046FFF734FF10BD7E
:1055600070477047704770477047014691F839009F
:105570007047F8B50446002500262068006800F052
:1055800001052068C06800F480767DB176B100BF67
:10559000002000902068006800902068406800901B
:1055A00000BF00BFE06B40F00100E06320680068CE
:1055B000C0F340052068406900F001067DB176B176
:1055C00000BF0020009020680068009020684068BC
:1055D000009000BF00BFE06B40F00400E063206873
:1055E0000068C0F380052068406900F001067DB1C5
:1055F00076B100BF0020009020680068009020680D
:105600004068009000BF00BFE06B40F00200E06324
:1056100020680068C0F3C0052068406900F00106FA
:105620007DB176B100BF0020009020680068009036
:1056300020684068009000BF00BFE06B40F00800A9
:10564000E06320680068C0F340152068C06800F07F
:1056500020061DB116B1204605F05CFF20680068E9
:10566000C0F3C0152068C06800F080061DB116B1F7
:10567000204606F0BFF820680068C0F38015206857
:10568000C06800F040061DB116B1204605F02AFFA3
:10569000E06B28B1012084F839002046FFF764FF51
:1056A000F8BD10B504460CB9012010BDA06900B1C9
:1056B00000E000BF94F8390028B9002084F83800D1
:1056C000204600F025F8022084F839002068C068E0
:1056D00020F400502168C860204605F079FF20685A
:1056E000006920F49040216808612068406920F03A
:1056F0002A00216848612068C06840F40050216891
:10570000C8600020E063012084F839000020CCE765
:1057100010B586B004462E492068884255D100BF96
:1057200000BF002000902B48006840F0100029497D
:1057300008600846006800F01000009000BF00BF3D
:1057400000BF00BF00BF002000902248143800684E
:1057500040F001001F49143908600846006800F055
:105760000100009000BF00BF00BF00BF00BF0020CD
:1057700000900846006840F0010008600846006894
:1057800000F00100009000BF00BF00BF481501906D
:10579000022002900120039002200490072005902F
:1057A00001A90D48FEF7CEFA4FF480600190072062
:1057B000059001A90848FEF7C5FA2520FEF707FE67
:1057C000032211462520FEF70FFE06B010BD000093
:1057D00000100140443802400000024030B503464A
:1057E000002493F83940012C01D0122C37D101B19B
:1057F0000AB9012030BD00BF93F83800012801D15B
:105800000220F7E7012083F8380000BF99629A85EB
:10581000DA850020D86393F83900122803D13220AA
:1058200083F8390002E0222083F839001868C06844
:1058300040F480701D68E8601868406940F001001D
:105840001D68686100BF002083F8380000BF186839
:10585000C06840F020001D68E8600020CAE7022010
:10586000C8E700001D4A0168914236D11C490988E9
:1058700001F4004189BB1A49098801F4804171B1E2
:10588000184909780A2903D00021154A118024E01B
:105890001349098841F40041114A11801DE0114962
:1058A00009780D2906D10E49098841F480410C4A36
:1058B000118012E00B490978094A1288C2F30D02DF
:1058C000094B995406490988491C054A118011461B
:1058D0000988C72901DD00211180704700100140AF
:1058E000300000203200002068070020704700BF11
:1058F000FEE7000010B500200F4908600F4800685F
:1059000020F440600D4908600846006840F480605B
:10591000086000200A49C1F8940202200BF0C6FE7C
:1059200001200549086002200BF0C0FE0020044958
:10593000C1F8900210BD000090824342001C02405A
:105940000080434200B587B000BF0020019010489E
:10595000006840F080000E4908600846006800F0CA
:105960008000019000BF00BF302002900120039012
:1059700004900220059002A90648FEF7E3F90120F1
:10598000054908600549C1F8900207B000BD000054
:1059900030380240001C024094824342008043425F
:1059A00010B500200F4908600F48006820F44060DF
:1059B0000D4908600846006840F4806008600120D6
:1059C0000A49C1F8940202200BF070FE012005493B
:1059D000086002200BF06AFE00200449C1F8900222
:1059E00010BD000090824342001C024000804342F0
:1059F00070B5054600241648006820F4406014493C
:105A00000860084600680860002616E0002011497A
:105A1000086002200BF04AFE01200F49C1F89002F5
:105A20006006040E0B487C38006808B1601CC4B2E4
:105A300001200BF03BFE701CC6B2082EE6DB15B948
:105A4000FFF7AEFF01E0FFF755FF204670BD0000F5
:105A5000001C0240908243420080434270B50446DD
:105A60001548006820F44060134908600846006843
:105A700040F480600860002010490860002517E0AD
:105A8000E0090E49091D08606006040E02200BF0B3
:105A90000DFE01200A49C1F8900202200BF006FE1B
:105AA00000200649086002200BF000FE681CC5B209
:105AB000082DE5DB70BD0000001C024090824342CF
:105AC0000080434210B50F48006820F440600D4943
:105AD00008600846006840F48060086001200A49B8
:105AE00008600A49C1F8900204200BF0DFFD002095
:105AF0000549086004200BF0D9FD00200349C1F8D6
:105B0000900210BD001C0240948243420080434238
:105B100010B50F48006820F440600D490860084641
:105B2000006840F48060086000200A4908600A4963
:105B3000C1F8940204200BF0B9FD0120054908606A
:105B400004200BF0B3FD01200349C1F8940210BDFD
:105B5000001C0240908243420080434210B5002462
:105B60001348006820F44060114908600846006846
:105B7000086001200F4908600BF098FD01200E49D4
:105B8000C1F890020BF092FD07E0601CC4B2FA2C41
:105B900003DDFFF7BDFF012010BD06488038006817
:105BA0000028F2D10349091F086000BFF4E7000094
:105BB000001C0240948243420080434270B5044678
:105BC00000260D4805880D48006818B1204603F0EE
:105BD00009FC0FE00848408845430021084603F0CF
:105BE00009FA03F0BFFB002602E005490C80761C91
:105BF000AE42FAD370BD0000C0080020EC090020BE
:105C0000000008602DE9FF4F81B080460D469146A7
:105C1000DDF838A01848006840B1CDF800A04A4629
:105C200029464046049B03F003FC21E0A9EB080051
:105C3000401C86B20498401B401C1FFA80FB0024C5
:105C400014E0281981B2404603F0D4F903F08AFB2E
:105C5000002707E004FB06703AF8100007490880A7
:105C6000781C87B2B742F5DB601C84B25C45E8DB88
:105C700005B0BDE8F08F0000EC09002000000860CE
:105C800010B50446604884716048006850B12046F1
:105C900003F086FC5D48C08A5B4908805B48008B46
:105CA000488010BD002C58D1F020574908804FF48F
:105CB000A07048800846808845F21051884210D173
:105CC0004FF43050504908814FF4285048814FF428
:105CD0002C5088814FF4F07008804FF44870488051
:105CE0001AE04948808841F6631188420DD12C2082
:105CF000454908812B2048812A2088814FF4F07083
:105D000008804FF44870488006E02C203E49088106
:105D10002A2048812B2088813B48808845F2103119
:105D2000884205D03848808847F29671884206D16B
:105D30004FF4A070344908804FF4F0704880324826
:105D4000808849F60601884258D14FF4F0702E49F8
:105D500008804FF44870488050E04FF4A0702A4902
:105D60000880F02048800846808845F2105188421B
:105D700010D14FF43050244908814FF42850488105
:105D80004FF42C5088814FF4487008804FF4F07025
:105D9000488020E01C48808841F66311884205D085
:105DA0001948808849F6060188420DD12C201649F1
:105DB00008812A2048812B2088814FF44870088070
:105DC0004FF4F070488006E02C200F4908812A200B
:105DD00048812B2088810C48808845F21031884208
:105DE00005D00948808847F29671884206D14FF461
:105DF000F070054908804FF4A0704880002002F040
:105E0000DBFF00BF4DE70000C0080020EC090020C8
:105E10002DE9FF4F85B081468A460020049003900B
:105E20000798A0EB09050898A0EB0A06CDF80890A2
:105E3000CDF804A0002D01DD012705E00DB90027F4
:105E400002E04FF0FF376D42002E02DD4FF00108F7
:105E500006E016B94FF0000802E04FF0FF38764236
:105E6000B54201DD2C4600E034464FF0000B21E046
:105E7000019A91B2029A90B200F022F80498284454
:105E800004900398304403900498A04205DD0498E0
:105E9000001B04900298384402900398A04205DD4C
:105EA0000398001B03900198404401900BF10100FE
:105EB0001FFA80FB601C8345DADD09B0BDE8F08F76
:105EC00070B504460D460A48006830B109482946B5
:105ED0000268204603F07AFB09E02946204603F0D9
:105EE00089F803F03FFA034800880349088070BD31
:105EF000EC09002034000020000008602DE9F04784
:105F000006460F469046002445460320A0EB48096C
:105F10003CE07A1B91B2321990B2FFF7D1FF3A1BE5
:105F200091B2721990B2FFF7CBFF3A1991B2721980
:105F300090B2FFF7C5FF7A1991B2321990B2FFF70C
:105F4000BFFF7A1991B2321B90B2FFF7B9FF3A192D
:105F500091B2721B90B2FFF7B3FF7A1B91B2321B62
:105F600090B2FFF7ADFF3A1B91B2721B90B2FFF7F0
:105F7000A7FF641CB9F1000F03DAA000801D814463
:105F800004E0601B80000A3081446D1EAC42C0DD1D
:105F9000BDE8F08770B504460D4616463D480068DA
:105FA00028B132462946204603F010FB70BD3A481E
:105FB000808845F21051884220D13749488903F042
:105FC000CBF9201203F0C2F933494989491C88B240
:105FD00003F0C2F9E0B203F0B9F92F49888903F060
:105FE000BBF9281203F0B2F92B498989491C88B200
:105FF00003F0B2F9E8B203F0A9F942E0264880883C
:1060000041F66311884228D12348807920B922487B
:106010000088401E001B84B21F49488903F09CF988
:10602000201203F093F9E0B203F090F9201203F08C
:106030008DF9E0B203F08AF91749888903F08CF9E9
:10604000281203F083F9E8B203F080F9281203F074
:106050007DF9E8B203F07AF913E00F49488903F0BB
:106060007BF9201203F072F9E0B203F06FF90A49EC
:10607000888903F071F9281203F068F9E8B203F097
:1060800065F90548008905490880891C0E8000BF14
:106090008CE70000EC090020C0080020FEFF07602C
:1060A00000B595B003F014FDFE498880084680884D
:1060B00018B103F065FB02F0E3BD00BF00200190C2
:1060C000F948006840F00200F74908600846006897
:1060D00000F00200019000BF00BF202010900120BE
:1060E000119012900320139010A9F048FDF72AFE9A
:1060F0004FF02040EE490860EE484860002088607C
:106100000021EB48C16001611021416100218161E2
:10611000C16141624FF4805181620021C1624FF43C
:10612000804101630021416381634FF48011C163A9
:106130000F20099000200A9046200B9000200F901D
:106140000F200290002003900F2004900020089060
:1061500002AA09A9D648FFF788F832200BF09AFA6C
:10616000D32003F0F9F802F0F1FDCE49888002F067
:10617000EDFDCC49888002F0E9FDCA4988800846D7
:1061800080884FF6FF7101EA0020C649888002F03E
:10619000DDFDC44989880843C24988800846808853
:1061A00049F2413188427CD0042003F0D5F802F056
:1061B000CDFDBC49888002F0C9FDBA49888002F053
:1061C000C5FDB8498880084680884FF6FF7101EA0E
:1061D0000020B449888002F0B9FDB249898808439B
:1061E000B04988800846808848F25251884203D1DD
:1061F00047F28970AB498880AA48808847F2897144
:106200008842D0D0D42003F0A7F802F09FFDA54922
:10621000888002F09BFDA349888002F097FDA14988
:106220008880084680884FF6FF7101EA00209D496A
:10623000888002F08BFD9B498988084399498880B2
:106240000846808845F210318842ACD0D32003F054
:1062500083F802F07BFD9349888002F077FD914935
:10626000888002F073FD8F498880084680884FF649
:10627000FF7101EA00208B49888002F067FD89499F
:1062800089880843874988800846808847F2967144
:10629000884288D055214FF4704003F06DF8AA2150
:1062A00000E07EE04FF2010003F066F852214FF269
:1062B000020003F061F808214FF2030003F05CF8DC
:1062C00001214FF2040003F057F84FF4454003F06A
:1062D00043F802F03BFD73498880084680884FF6FA
:1062E000FF7101EA00206F4988804CF2015003F0F1
:1062F00033F802F02BFD6B4989880843694988808F
:1063000005200BF0C7F96748808845F21051884294
:1063100047D0D32003F020F802F018FD61498880AF
:1063200002F014FD5F49888002F010FD5D4988800D
:10633000084680884FF6FF7101EA0020594988809D
:1063400002F004FD57498988084356498880084669
:10635000808849F60601884223D0A12002F0FCFF84
:1063600002F0F4FC4F49888002F0F0FC4D4988802F
:10637000084680884FF6FF7101EA0020494988806D
:1063800002F0E4FC4749898808434649888008466A
:10639000808845F26171884203D141F6631041491A
:1063A00088804048818844A0FAF78CF83D4880886E
:1063B00049F24131884273D1CF2002F0CDFF002055
:1063C00002F0C4FFC12002F0C1FF302002F0BEFF86
:1063D000ED2002F0C1FF642002F0B8FF032002F0BC
:1063E000B5FF122002F0B2FF812002F0AFFFE820DB
:1063F00002F0B2FF852002F0A9FF102002F0A6FFF4
:106400007A2002F0A3FFCB2002F0A6FF392002F091
:106410009DFF2C2002F09AFF002002F097FF34200D
:1064200002F094FF022002F091FFF72002F094FFA7
:10643000202002F08BFFEA2002F08EFF002002F005
:1064400085FF002002F082FFC02002F085FF1B20A4
:1064500002F07CFFC12002F07FFF012002F076FFF6
:10646000C52002F079FF302002F070FF302002F0EA
:106470006DFFC72002F070FFB72002F067FF3620E3
:1064800002F06AFF482002F061FF3A2002F064FF48
:10649000552002F05BFFB12002F05EFF002013E008
:1064A000B4E00000C0080020303802400004024080
:1064B00070080020040100A0204C43442049443AC5
:1064C00025780D0A0000000002F040FF1A2002F0BB
:1064D0003DFFB62002F040FF0A2002F037FFA22065
:1064E00002F034FFF22002F037FF002002F02EFF0E
:1064F000262002F031FF012002F028FFE02002F008
:106500002BFF0F2002F022FF2A2002F01FFF28207D
:1065100002F01CFF082002F019FF0E2002F016FF07
:10652000082002F013FF542002F010FFA92002F00F
:106530000DFF432002F00AFF0A2002F007FF0F20A0
:1065400002F004FF002002F001FF002002F0FEFE36
:10655000002002F0FBFE002002F0F8FEE12002F035
:10656000FBFE002002F0F2FE152002F0EFFE1720E5
:1065700002F0ECFE072002F0E9FE112002F0E6FE38
:10658000062002F0E3FE2B2002F0E0FE562002F08F
:10659000DDFE3C2002F0DAFE052002F0D7FE1020DE
:1065A00002F0D4FE0F2002F0D1FE3F2002F0CEFE1A
:1065B0003F2002F0CBFE0F2002F0C8FE2B2002F09D
:1065C000CBFE002002F0C2FE002002F0BFFE012040
:1065D00002F0BCFE3F2002F0B9FE2A2002F0BCFE11
:1065E000002002F0B3FE002002F0B0FE002002F016
:1065F000ADFEEF2002F0AAFE112002F0ADFE7820E1
:106600000BF048F8292002F0A7FE54E5FE488088E8
:1066100047F2897188427CD1112002F09DFE7820DA
:106620000BF038F8362002F097FE002002F08EFEC4
:106630003A2002F091FE052002F088FEB22002F01E
:106640008BFE0C2002F082FE0C2002F07FFE002068
:1066500002F07CFE332002F079FE332002F076FE59
:10666000B72002F079FE352002F070FEBB2002F068
:1066700073FE322002F06AFEC02002F06DFE0C2094
:1066800002F064FEC22002F067FE012002F05EFE0E
:10669000C32002F061FE102002F058FEC42002F078
:1066A0005BFE202002F052FEC62002F055FE0F20B5
:1066B00002F04CFED02002F04FFEA42002F046FE75
:1066C000A12002F043FEE02002F046FED02002F0BE
:1066D0003DFE002002F03AFE022002F037FE0720C5
:1066E00002F034FE0A2002F031FE282002F02EFED5
:1066F000322002F02BFE442002F028FE422002F05D
:1067000025FE062002F022FE0E2002F01FFE1220BF
:1067100000E056E002F01AFE142002F017FE1720E7
:1067200002F014FEE12002F017FED02002F00EFE6F
:10673000002002F00BFE022002F008FE072002F00B
:1067400005FE0A2002F002FE282002F0FFFD3120A3
:1067500002F0FCFD542002F0F9FD472002F0F6FDA6
:106760000E2002F0F3FD1C2002F0F0FD172002F0D5
:10677000EDFD1B2002F0EAFD1E2002F0E7FD2A20BD
:1067800002F0EAFD002002F0E1FD002002F0DEFD53
:10679000002002F0DBFDEF2002F0D8FD2B2002F0FC
:1067A000DBFD002002F0D2FD002002F0CFFD012031
:1067B00002F0CCFD3F2002F0C9FD292002F0CCFD03
:1067C00079E49148808845F21031884240F07C8716
:1067D000ED2002F0C1FD012002F0B8FDFE2002F024
:1067E000B5FDEE2002F0B8FDDE2002F0AFFD212065
:1067F00002F0ACFDF12002F0AFFD012002F0A6FD99
:10680000DF2002F0A9FD102002F0A0FDC42002F05C
:10681000A3FD8F2002F09AFDC62002F09DFD00200E
:1068200002F094FDE22002F091FDE22002F08EFDE4
:10683000E22002F08BFDBF2002F08EFDAA2002F0C4
:1068400085FDB02002F088FD0D2002F07FFD0020C4
:1068500002F07CFD0D2002F079FD002002F076FDB3
:10686000112002F073FD002002F070FD192002F0EB
:106870006DFD002002F06AFD212002F067FD00207E
:1068800002F064FD2D2002F061FD002002F05EFDAB
:106890003D2002F05BFD002002F058FD5D2002F07B
:1068A00055FD002002F052FD5D2002F04FFD00205A
:1068B00002F04CFDB12002F04FFD802002F046FDB9
:1068C000002002F043FD8B2002F040FD002002F08A
:1068D0003DFD962002F03AFD002002F037FDB22087
:1068E00002F03AFD002002F031FD002002F02EFD02
:1068F000022002F02BFD002002F028FD032002F010
:1069000025FD002002F022FDB32002F025FD00202D
:1069100002F01CFD002002F019FD002002F016FD1F
:10692000002002F013FD002002F010FD002002F014
:106930000DFD002002F00AFD002002F007FD0020FE
:1069400002F004FD002002F001FD002002F0FEFC38
:10695000002002F0FBFC002002F0F8FC002002F016
:10696000F5FC002002F0F2FC002002F0EFFC002019
:1069700002F0ECFC002002F0E9FC002002F0E6FC52
:10698000002002F0E3FC002002F0E0FC002002F016
:10699000DDFC002002F0DAFC002002F0D7FCB4207D
:1069A00002F0DAFC8B2002F0D1FC002002F0CEFCD9
:1069B000962002F0CBFC002002F0C8FCA12002F0DF
:1069C000C5FC002002F0C2FCB52002F0C5FC02208C
:1069D00002F0BCFC002002F0B9FC032002F0B6FC7F
:1069E000002002F0B3FC042002F0B0FC002002F012
:1069F000ADFCB62002F0B0FC002002F0A7FC0020A5
:106A000002F0A4FCB72001E0C008002002F0A4FCC2
:106A1000002002F09BFC002002F098FC3F2002F0D6
:106A200095FC002002F092FC5E2002F08FFC00201A
:106A300002F08CFC642002F089FC002002F086FC4D
:106A40008C2002F083FC002002F080FCAC2002F0DD
:106A50007DFC002002F07AFCDC2002F077FC0020B4
:106A600002F074FC702002F071FC002002F06EFC59
:106A7000902002F06BFC002002F068FCEB2002F09A
:106A800065FC002002F062FCDC2002F05FFC0020CC
:106A900002F05CFCB82002F05FFC002002F056FC23
:106AA000002002F053FC002002F050FC002002F015
:106AB0004DFC002002F04AFC002002F047FC0020C0
:106AC00002F044FC002002F041FCBA2002F044FC39
:106AD000242002F03BFC002002F038FC002002F0F1
:106AE00035FC002002F032FCC12002F035FC2020F1
:106AF00002F02CFC002002F029FC542002F026FCBD
:106B0000002002F023FCFF2002F020FC002002F015
:106B10001DFCC22002F020FC0A2002F017FC00201D
:106B200002F014FC042002F011FC002002F00EFC24
:106B3000C32002F011FC3C2002F008FC002002F00F
:106B400005FC3A2002F002FC002002F0FFFB392095
:106B500002F0FCFB002002F0F9FB372002F0F6FB0C
:106B6000002002F0F3FB3C2002F0F0FB002002F0DA
:106B7000EDFB362002F0EAFB002002F0E7FB3220BA
:106B800002F0E4FB002002F0E1FB2F2002F0DEFB2C
:106B9000002002F0DBFB2C2002F0D8FB002002F0EA
:106BA000D5FB292002F0D2FB002002F0CFFB2620EB
:106BB00002F0CCFB002002F0C9FB242002F0C6FB4F
:106BC000002002F0C3FB242002F0C0FB002002F0F2
:106BD000BDFB232002F0BAFB002002F0B7FB3C20F3
:106BE00002F0B4FB002002F0B1FB362002F0AEFB55
:106BF000002002F0ABFB322002F0A8FB002002F0E4
:106C0000A5FB2F2002F0A2FB002002F09FFB2C200E
:106C100002F09CFB002002F099FB292002F096FB79
:106C2000002002F093FB262002F090FB002002F0EF
:106C30008DFB242002F08AFB002002F087FB242039
:106C400002F084FB002002F081FB232002F07EFB97
:106C5000002002F07BFBC42002F07EFB622002F0E9
:106C600075FB002002F072FB052002F06FFB002094
:106C700002F06CFB842002F069FB002002F066FB4E
:106C8000F02002F063FB002002F060FB182002F00D
:106C90005DFB002002F05AFBA42002F057FB00200D
:106CA00002F054FB182002F051FB002002F04EFBD2
:106CB000502002F04BFB002002F048FB0C2002F0B9
:106CC00045FB002002F042FB172002F03FFB0020B2
:106CD00002F03CFB952002F039FB002002F036FB6D
:106CE000F32002F033FB002002F030FBE62002F03C
:106CF0002DFB002002F02AFBC52002F02DFB3220E4
:106D000002F024FB002002F021FB442002F01EFBD5
:106D1000002002F01BFB652002F018FB002002F0AF
:106D200015FB762002F012FB002002F00FFB8820FA
:106D300002F00CFB002002F009FBC62002F00CFB65
:106D4000202002F003FB002002F000FB172002F0DD
:106D5000FDFA002002F0FAFA012002F0F7FA002012
:106D600002F0F4FAC72002F0F7FA002002F0EEFA7F
:106D7000002002F0EBFA002002F0E8FA002002F016
:106D8000E5FAC82002F0E8FA002002F0DFFA00205D
:106D900002F0DCFA002002F0D9FA002002F0D6FA64
:106DA000C92002F0D9FA002002F0D0FA002002F047
:106DB000CDFA002002F0CAFA002002F0C7FA002043
:106DC00002F0C4FA002002F0C1FA002002F0BEFA7C
:106DD000002002F0BBFA002002F0B8FA002002F016
:106DE000B5FA002002F0B2FA002002F0AFFA00205B
:106DF00002F0ACFA002002F0A9FA002002F0A6FA94
:106E0000002002F0A3FAE02002F0A6FA162002F019
:106E10009DFA002002F09AFA1C2002F097FA002056
:106E200002F094FA212002F091FA002002F08EFA8A
:106E3000362002F08BFA002002F088FA462002F099
:106E400085FA002002F082FA522002F07FFA002038
:106E500002F07CFA642002F079FA002002F076FA5F
:106E60007A2002F073FA002002F070FA8B2002F010
:106E70006DFA002002F06AFA992002F067FA002009
:106E800002F064FAA82002F061FA002002F05EFA33
:106E9000B92002F05BFA002002F058FAC42002F098
:106EA00055FA002002F052FACA2002F04FFA0020F0
:106EB00002F04CFAD22002F049FA002002F046FA21
:106EC000D92002F043FA002002F040FAE02002F05C
:106ED0003DFA002002F03AFAF32002F037FA0020DF
:106EE00002F034FAE12002F037FA162002F02EFA0E
:106EF000002002F02BFA1C2002F028FA002002F0F9
:106F000025FA222002F022FA002002F01FFA362091
:106F100002F01CFA002002F019FA452002F016FADD
:106F2000002002F013FA522002F010FA002002F0C2
:106F30000DFA642002F00AFA002002F007FA7A2023
:106F400002F004FA002002F001FA8B2002F0FEF9B0
:106F5000002002F0FBF9992002F0F8F9002002F07D
:106F6000F5F9A82002F0F2F9002002F0EFF9B920BB
:106F700002F0ECF9002002F0E9F9C42002F0E6F991
:106F8000002002F0E3F9CA2002F0E0F9002002F04C
:106F9000DDF9D22002F0DAF9002002F0D7F9D8208A
:106FA00002F0D4F9002002F0D1F9E02002F0CEF98D
:106FB000002002F0CBF9F32002F0C8F9002002F023
:106FC000C5F9E22002F0C8F9052002F0BFF900205F
:106FD00002F0BCF90B2002F0B9F9002002F0B6F97A
:106FE0001B2002F0B3F9002002F0B0F9342002F0C7
:106FF000ADF9002002F0AAF9442002F0A7F9002020
:1070000002F0A4F94F2002F0A1F9002002F09EF94D
:10701000612002F09BF9002002F098F9792002F03B
:1070200095F9002002F092F9882002F08FF90020F3
:1070300002F08CF9972002F089F9002002F086F91D
:10704000A62002F083F9002002F080F9B72002F0B8
:107050007DF9002002F07AF9C22002F077F90020D1
:1070600002F074F9C72002F071F9002002F06EF905
:10707000D12002F06BF9002002F068F9D62002F06E
:1070800065F9002002F062F9DD2002F05FF90020CE
:1070900002F05CF9F32002F059F9002002F056F9F1
:1070A000E32002F059F9052002F050F9002002F027
:1070B0004DF90A2002F04AF9002002F047F91C209D
:1070C00002F044F9002002F041F9332002F03EF9C9
:1070D000002002F03BF9442002F038F9002002F0D1
:1070E00035F9502002F032F9002002F02FF9622029
:1070F00002F02CF9002002F029F9782002F026F99C
:10710000002002F023F9882002F020F9002002F08C
:107110001DF9972002F01AF9002002F017F9A620B5
:1071200002F014F9002002F011F9B72002F00EF974
:10713000002002F00BF9C22002F008F9002002F052
:1071400005F9C72002F002F9002002F0FFF8D12073
:1071500002F0FCF8002002F0F9F8D52002F0F6F871
:10716000002002F0F3F8DD2002F0F0F8002002F039
:10717000EDF8F32002F0EAF8002002F0E7F8E4204E
:1071800002F0EAF8012002F0E1F8002002F0DEF857
:10719000012002F0DBF8002002F0D8F8022002F013
:1071A000D5F8002002F0D2F82A2002F0CFF8002013
:1071B00002F0CCF83C2002F0C9F8002002F0C6F83A
:1071C0004B2002F0C3F8002002F0C0F85D2002F06E
:1071D000BDF8002002F0BAF8742002F0B7F80020E1
:1071E00002F0B4F8842002F0B1F8002002F0AEF80A
:1071F000932002F0ABF8002002F0A8F8A22002F0E1
:10720000A5F8002002F0A2F8B32002F09FF80020B9
:1072100002F09CF8BE2002F099F8002002F096F8E7
:10722000C42002F093F8002002F090F8CD2002F084
:107230008DF8002002F08AF8D32002F087F80020B1
:1072400002F084F8DD2002F081F8002002F07EF8E0
:10725000F32002F07BF8002002F078F8E52002F03D
:107260007BF8002002F072F8002002F06FF8002096
:1072700002F06CF8002002F069F8022002F066F8D3
:10728000002002F063F8292002F060F8002002F0EC
:107290005DF83C2002F05AF8002002F057F84B202D
:1072A00002F054F8002002F051F85D2002F04EF890
:1072B000002002F04BF8742002F048F8002002F0A1
:1072C00045F8842002F042F8002002F03FF89320B5
:1072D00002F03CF8002002F039F8A22002F036F863
:1072E000002002F033F8B32002F030F8002002F062
:1072F0002DF8BE2002F02AF8002002F027F8C42062
:1073000002F024F8002002F021F8CD2002F01EF84F
:10731000002002F01BF8D32002F018F8002002F041
:1073200015F8DC2002F012F8002002F00FF8F3202C
:1073300002F00CF8002002F009F8E62002F00CF848
:10734000112002F003F8002002F000F8342001F0D0
:10735000FDFF002001F0FAFF562001F0F7FF0020AA
:1073600001F0F4FF762001F0F1FF002001F0EEFFC4
:10737000772001F0EBFF002001F0E8FF662001F02C
:10738000E5FF002001F0E2FF882001F0DFFF002090
:1073900001F0DCFF992001F0D9FF002001F0D6FFB9
:1073A000BB2001F0D3FF002001F0D0FF992001F0B5
:1073B000CDFF002001F0CAFF662001F0C7FF0020CA
:1073C00001F0C4FF552001F0C1FF002001F0BEFF15
:1073D000552001F0BBFF002001F0B8FF452001F06F
:1073E000B5FF002001F0B2FF432001F0AFFF002005
:1073F00001F0ACFF442001F0A9FF002001F0A6FF3E
:10740000E72001F0A9FF322001F0A0FF002001F0E9
:107410009DFF552001F09AFF002001F097FF762094
:1074200001F094FF002001F091FF662001F08EFF33
:10743000002001F08BFF672001F088FF002001F0A1
:1074400085FF672001F082FF002001F07FFF872089
:1074500001F07CFF002001F079FF992001F076FF18
:10746000002001F073FFBB2001F070FF002001F04D
:107470006DFF992001F06AFF002001F067FF77207F
:1074800001F064FF002001F061FF442001F05EFF85
:10749000002001F05BFF562001F058FF002001F0B2
:1074A00055FF232001F052FF002001F04FFF332051
:1074B00001F04CFF002001F049FF452001F046FF9C
:1074C000002001F043FFE82001F046FF002001F01A
:1074D0003DFF002001F03AFF992001F037FF002026
:1074E00001F034FF872001F031FF002001F02EFF72
:1074F000882001F02BFF002001F028FF772001F009
:1075000025FF002001F022FF662001F01FFF002070
:1075100001F01CFF882001F019FF002001F016FF88
:10752000AA2001F013FF002001F010FFBB2001F0A2
:107530000DFF002001F00AFF992001F007FF002055
:1075400001F004FF662001F001FF002001F0FEFEC3
:10755000552001F0FBFE002001F0F8FE552001F05F
:10756000F5FE002001F0F2FE442001F0EFFE0020C5
:1075700001F0ECFE442001F0E9FE002001F0E6FEFF
:10758000552001F0E3FE002001F0E0FEE92001F0CB
:10759000E3FEAA2001F0DAFE002001F0D7FE002071
:1075A00001F0D4FE002001F0D1FE002001F0D4FE55
:1075B000AA2001F0CBFECF2001F0CEFE002001F08A
:1075C000C5FE002001F0C2FE002001F0BFFE002039
:1075D00001F0BCFE002001F0B9FE002001F0B6FE73
:1075E000002001F0B3FE002001F0B0FE002001F009
:1075F000ADFE002001F0AAFE002001F0A7FE002051
:1076000001F0A4FE002001F0A1FE002001F09EFE8A
:10761000002001F09BFE002001F098FE002001F008
:1076200095FEF02001F098FE002001F08FFE502022
:1076300001F08CFE002001F089FE002001F086FEA2
:10764000002001F083FEF32001F086FE002001F00F
:107650007DFEF92001F080FE062001F077FE10206B
:1076600001F074FE292001F071FE002001F06EFE91
:107670003A2001F071FE552001F068FE112001F062
:107680006BFE64200AF006F8292001F065FE352023
:1076900001F062FE002001F059FE512001F05CFE75
:1076A000FF2001F053FE532001F056FE2C2001F084
:1076B0004DFE552001F050FE822001F047FE2C20A7
:1076C00001F04AFE01F0DCBAFE48808845F2105114
:1076D00088427DD155214FF4704001F04DFEAA2122
:1076E0004FF2010001F048FE52214FF2020001F07A
:1076F00043FE08214FF2030001F03EFE01214FF24C
:10770000040001F039FE0D214FF4304001F034FE49
:107710000D214BF2010001F02FFE0D214BF2020072
:1077200001F02AFE34214FF4364001F025FE3421C9
:107730004BF2016001F020FE34214BF2026001F0B7
:107740001BFE0D214FF4314001F016FE0D214BF2CE
:10775000011001F011FE0D214BF2021001F00CFEA0
:1077600034214FF4374001F007FE34214BF2017011
:1077700001F002FE34214BF2027001F0FDFD002108
:107780004FF4324001F0F8FD00214BF2012001F0EE
:10779000F3FD00214BF2022001F0EEFD24214FF415
:1077A000384001F0E9FD24214BF6010001F0E4FD31
:1077B00024214BF6020001F0DFFD01214FF43F4090
:1077C00001F0DAFD0F214FF4334001F0D5FD00E068
:1077D000FDE30F214BF2013001F0CEFD0F214BF202
:1077E000023001F0C9FD34214FF4394001F0C4FDED
:1077F00034214BF6011001F0BFFD34214BF602108D
:1078000001F0BAFD08214FF4354001F0B5FD082123
:107810004BF2015001F0B0FD08214BF2025001F093
:10782000ABFD03214FF4424001F0A6FD24214FF4AB
:107830003A4001F0A1FD24214BF6012001F09CFD0E
:1078400024214BF6022001F097FD00214FF43C402B
:1078500001F092FD78214BF6014001F08DFD0021F1
:107860004BF6024001F088FD00214FF43D4001F04D
:1078700083FD78214BF6015001F07EFD00214BF68F
:10788000025001F079FD00214FF43E4001F074FDFB
:1078900064214BF6016001F06FFD00214FF451406F
:1078A00001F06AFD33214DF2011001F065FD002168
:1078B0004DF2021001F060FD34214DF2031001F091
:1078C0005BFD00214DF2041001F056FD3A214DF20E
:1078D000051001F051FD00214DF2061001F04CFDA4
:1078E0004A214DF2071001F047FD00214DF208102A
:1078F00001F042FD5C214DF2091001F03DFD002137
:107900004DF20A1001F038FD81214DF20B1001F00B
:1079100033FD00214DF20C1001F02EFDA6214DF299
:107920000D1001F029FD00214DF20E1001F024FD93
:10793000E5214DF20F1001F01FFD01214DF2101055
:1079400001F01AFD13214DF2111001F015FD012176
:107950004DF2121001F010FD54214DF2131001F000
:107960000BFD01214DF2141001F006FD82214DF2B4
:10797000151001F001FD01214DF2161001F0FCFC83
:10798000CA214DF2171001F0F7FC02214DF2181038
:1079900001F0F2FC00214DF2191001F0EDFC022182
:1079A0004DF21A1001F0E8FC01214DF21B1001F01C
:1079B000E3FC02214DF21C1001F0DEFC34214DF2FB
:1079C0001D1001F0D9FC02214DF21E1001F0D4FC73
:1079D00067214DF21F1001F0CFFC02214DF2201063
:1079E00001F0CAFC84214DF2211001F0C5FC0221F6
:1079F0004DF2221001F0C0FCA4214DF2231001F041
:107A0000BBFC02214DF2241001F0B6FCB7214DF26F
:107A1000251001F0B1FC02214DF2261001F0ACFC62
:107A2000CF214DF2271001F0A7FC02214DF22810C2
:107A300001F0A2FCDE214DF2291001F09DFC022193
:107A40004DF22A1001F098FCF2214DF22B1001F0BA
:107A500093FC02214DF22C1001F08EFCFE214DF220
:107A60002D1001F089FC03214DF22E1001F084FC51
:107A700010214DF22F1001F07FFC03214DF2301048
:107A800001F07AFC33214DF2311001F075FC032135
:107A90004DF2321001F070FC6D214DF2331001F007
:107AA0006BFC00214FF4524001F066FC33214DF293
:107AB000012001F061FC00214DF2022001F05CFC8C
:107AC000342101E0C00800204DF2032001F054FCF5
:107AD00000214DF2042001F04FFC3A214DF2052027
:107AE00001F04AFC00214DF2062001F045FC4A213C
:107AF0004DF2072001F040FC00214DF2082001F07A
:107B00003BFC5C214DF2092001F036FC00214DF2D6
:107B10000A2001F031FC81214DF20B2001F02CFCF8
:107B200000214DF20C2001F027FCA6214DF20D2082
:107B300001F022FC00214DF20E2001F01DFCE52198
:107B40004DF20F2001F018FC01214DF2102001F040
:107B500013FC13214DF2112001F00EFC01214DF216
:107B6000122001F009FC54214DF2132001F004FC15
:107B700001214DF2142001F0FFFB82214DF215206E
:107B800001F0FAFB01214DF2162001F0F5FBCA21AC
:107B90004DF2172001F0F0FB02214DF2182001F008
:107BA000EBFB00214DF2192001F0E6FB02214DF222
:107BB0001A2001F0E1FB01214DF21B2001F0DCFB5A
:107BC00002214DF21C2001F0D7FB34214DF21D2083
:107BD00001F0D2FB02214DF21E2001F0CDFB672106
:107BE0004DF21F2001F0C8FB02214DF2202001F0D0
:107BF000C3FB84214DF2212001F0BEFB02214DF296
:107C0000222001F0B9FBA4214DF2232001F0B4FBA6
:107C100002214DF2242001F0AFFBB7214DF22520C7
:107C200001F0AAFB02214DF2262001F0A5FBCF2195
:107C30004DF2272001F0A0FB02214DF2282001F097
:107C40009BFBDE214DF2292001F096FB02214DF233
:107C50002A2001F091FBF2214DF22B2001F08CFB48
:107C600002214DF22C2001F087FBFE214DF22D2048
:107C700001F082FB03214DF22E2001F07DFB10214B
:107C80004DF22F2001F078FB03214DF2302001F05E
:107C900073FB33214DF2312001F06EFB03214DF2D5
:107CA000322001F069FB6D214DF2332001F064FBBD
:107CB00000214FF4534001F05FFB33214DF20130BE
:107CC00001F05AFB00214DF2023001F055FB342146
:107CD0004DF2033001F050FB00214DF2043001F071
:107CE0004BFB3A214DF2053001F046FB00214DF2ED
:107CF000063001F041FB4A214DF2073001F03CFB18
:107D000000214DF2083001F037FB5C214DF20930C3
:107D100001F032FB00214DF20A3001F02DFB8121F0
:107D20004DF20B3001F028FB00214DF20C3001F038
:107D300023FBA6214DF20D3001F01EFB00214DF278
:107D40000E3001F019FBE5214DF20F3001F014FB6C
:107D500001214DF2103001F00FFB13214DF21130D3
:107D600001F00AFB01214DF2123001F005FB542114
:107D70004DF2133001F000FB01214DF2143001F0FF
:107D8000FBFA82214DF2153001F0F6FA01214DF295
:107D9000163001F0F1FACA214DF2173001F0ECFA79
:107DA00002214DF2183001F0E7FA00214DF21930AE
:107DB00001F0E2FA02214DF21A3001F0DDFA012160
:107DC0004DF21B3001F0D8FA02214DF21C3001F0C7
:107DD000D3FA34214DF21D3001F0CEFA02214DF2DA
:107DE0001E3001F0C9FA67214DF21F3001F0C4FACC
:107DF00002214DF2203001F0BFFA84214DF22130F2
:107E000001F0BAFA02214DF2223001F0B5FAA421B4
:107E10004DF2233001F0B0FA02214DF2243001F08E
:107E2000ABFAB7214DF2253001F0A6FA02214DF24E
:107E3000263001F0A1FACF214DF2273001F09CFA53
:107E400002214DF2283001F097FADE214DF229305F
:107E500001F092FA02214DF22A3001F08DFAF2215E
:107E60004DF22B3001F088FA02214DF22C3001F056
:107E700083FAFE214DF22D3001F07EFA03214DF2FE
:107E80002E3001F079FA10214DF22F3001F074FA02
:107E900003214DF2303001F06FFA33214DF23130D1
:107EA00001F06AFA03214DF2323001F065FA6D21DA
:107EB0004DF2333001F060FA00214FF4544001F0EC
:107EC0005BFA33214DF2014001F056FA00214DF2E8
:107ED000024001F051FA34214DF2034001F04CFA16
:107EE00000214DF2044001F047FA3A214DF20540DD
:107EF00001F042FA00214DF2064001F03DFA4A211C
:107F00004DF2074001F038FA00214DF2084001F02F
:107F100033FA5C214DF2094001F02EFA00214DF2B6
:107F20000A4001F029FA81214DF20B4001F024FAB8
:107F300000214DF20C4001F01FFAA6214DF20D4038
:107F400001F01AFA00214DF20E4001F015FAE52178
:107F50004DF20F4001F010FA01214DF2104001F0F6
:107F60000BFA13214DF2114001F006FA01214DF2F6
:107F7000124001F001FA54214DF2134001F0FCF9D6
:107F800001214DF2144001F0F7F982214DF2154024
:107F900001F0F2F901214DF2164001F0EDF9CA218C
:107FA0004DF2174001F0E8F902214DF2184001F0BE
:107FB000E3F900214DF2194001F0DEF902214DF202
:107FC0001A4001F0D9F901214DF21B4000E005E310
:107FD00001F0D2F902214DF21C4001F0CDF934211B
:107FE0004DF21D4001F0C8F902214DF21E4001F092
:107FF000C3F967214DF21F4001F0BEF902214DF295
:10800000204001F0B9F984214DF2214001F0B4F98A
:1080100002214DF2224001F0AFF9A4214DF223409C
:1080200001F0AAF902214DF2244001F0A5F9B7218F
:108030004DF2254001F0A0F902214DF2264001F059
:108040009BF9CF214DF2274001F096F902214DF224
:10805000284001F091F9DE214DF2294001F08CF920
:1080600002214DF22A4001F087F9F2214DF22B4016
:1080700001F082F902214DF22C4001F07DF9FE2140
:108080004DF22D4001F078F903214DF22E4001F020
:1080900073F910214DF22F4001F06EF903214DF2DA
:1080A000304001F069F933214DF2314001F064F9BB
:1080B00003214DF2324001F05FF96D214DF2334062
:1080C00001F05AF900214FF4554001F055F93321E0
:1080D0004DF2015001F050F900214DF2025001F033
:1080E0004BF934214DF2035001F046F900214DF2D5
:1080F000045001F041F93A214DF2055001F03CF9EC
:1081000000214DF2065001F037F94A214DF2075097
:1081100001F032F900214DF2085001F02DF95C21F7
:108120004DF2095001F028F900214DF20A5001F0FA
:1081300023F981214DF20B5001F01EF900214DF27F
:108140000C5001F019F9A6214DF20D5001F014F96F
:1081500000214DF20E5001F00FF9E5214DF20F50C4
:1081600001F00AF901214DF2105001F005F9132137
:108170004DF2115001F000F901214DF2125001F0C1
:10818000FBF854214DF2135001F0F6F801214DF2A5
:10819000145001F0F1F882214DF2155001F0ECF885
:1081A00001214DF2165001F0E7F8CA214DF21750A7
:1081B00001F0E2F802214DF2185001F0DDF8002143
:1081C0004DF2195001F0D8F802214DF21A5001F089
:1081D000D3F801214DF21B5001F0CEF802214DF2EF
:1081E0001C5001F0C9F834214DF21D5001F0C4F8C3
:1081F00002214DF21E5001F0BFF867214DF21F50D1
:1082000001F0BAF802214DF2205001F0B5F88421B6
:108210004DF2215001F0B0F802214DF2225001F050
:10822000ABF8A4214DF2235001F0A6F802214DF243
:10823000245001F0A1F8B7214DF2255001F09CF82F
:1082400002214DF2265001F097F8CF214DF2275030
:1082500001F092F802214DF2285001F08DF8DE2154
:108260004DF2295001F088F802214DF22A5001F018
:1082700083F8F2214DF22B5001F07EF802214DF2ED
:108280002C5001F079F8FE214DF22D5001F074F8D8
:1082900003214DF22E5001F06FF810214DF22F50B6
:1082A00001F06AF803214DF2305001F065F83321F6
:1082B0004DF2315001F060F803214DF2325001F0DF
:1082C0005BF86D214DF2335001F056F800214FF468
:1082D000564001F051F833214DF2016001F04CF8A5
:1082E00000214DF2026001F047F834214DF20360A5
:1082F00001F042F800214DF2046001F03DF83A210E
:108300004DF2056001F038F800214DF2066001F0F1
:1083100033F84A214DF2076001F02EF800214DF2AA
:10832000086001F029F85C214DF2096001F024F8A1
:1083300000214DF20A6001F01FF881214DF20B601F
:1083400001F01AF800214DF20C6001F015F8A62199
:108350004DF20D6001F010F800214DF20E6001F0B9
:108360000BF8E5214DF20F6001F006F801214DF206
:10837000106001F001F813214DF2116000F0FCFFD4
:1083800001214DF2126000F0F7FF54214DF213600D
:1083900000F0F2FF01214DF2146000F0EDFF8221A8
:1083A0004DF2156000F0E8FF01214DF2166000F07B
:1083B000E3FFCA214DF2176000F0DEFF02214DF20B
:1083C000186000F0D9FF00214DF2196000F0D4FFD1
:1083D00002214DF21A6000F0CFFF01214DF21B6027
:1083E00000F0CAFF02214DF21C6000F0C5FF3421ED
:1083F0004DF21D6000F0C0FF02214DF21E6000F042
:10840000BBFF67214DF21F6000F0B6FF02214DF265
:10841000206000F0B1FF84214DF2216000F0ACFF3C
:1084200002214DF2226000F0A7FFA4214DF223604B
:1084300000F0A2FF02214DF2246000F09DFFB72161
:108440004DF2256000F098FF02214DF2266000F009
:1084500093FFCF214DF2276000F08EFF02214DF2F5
:10846000286000F089FFDE214DF2296000F084FFD2
:1084700002214DF22A6000F07FFFF2214DF22B60C5
:1084800000F07AFF02214DF22C6000F075FFFE2112
:108490004DF22D6000F070FF03214DF22E6000F0D0
:1084A0006BFF10214DF22F6000F066FF03214DF2AB
:1084B000306000F061FF33214DF2316000F05CFF6D
:1084C00003214DF2326000F057FF6D214DF2336011
:1084D00000F052FF55214FF4704000F04DFFAA21EB
:1084E0004FF2010000F048FF52214FF2020000F06D
:1084F00043FF08214FF2030000F03EFF00214FF23E
:10850000040000F039FFCC214FF4314000F034FF7B
:1085100000214BF2011000F02FFF05214FF43640EF
:1085200000F02AFF70214FF4374000F025FF702142
:108530004BF2017000F020FF01214FF4384000F0B1
:108540001BFF03214BF6010000F016FF03214BF641
:10855000020000F011FF03214BF6030000F00CFFB6
:1085600002214FF43C4000F007FF00214BF6014090
:1085700000F002FF00214BF6024000F0FDFED0218A
:108580004FF4494000F0F8FE02214CF6011000F0D3
:10859000F3FE50214CF6021000F0EEFE50214CF696
:1085A000031000F0E9FE50214CF6041000F0E4FE48
:1085B00000214FF4545000F0DFFE55214FF4685075
:1085C00000F0DAFE4FF4885000F0C6FE782009F083
:1085D0006DF84FF4245000F0BFFE51E3FE48808850
:1085E00047F2967188427CD1112000F0B5FE7820C8
:1085F00009F050F8362000F0AFFE482000F0A6FE4B
:108600003A2000F0A9FE552000F0A0FEF02000F076
:10861000A3FEC32000F09AFEF02000F09DFE9620FD
:1086200000F094FEB42000F097FE012000F08EFED2
:10863000B62000F091FE0A2000F088FEA22000F093
:1086400085FEB72000F088FEC62000F07FFEB9202E
:1086500000F082FE022000F079FEE02000F076FEBD
:10866000C02000F079FE802000F070FE162000F09F
:108670006DFEC12000F070FE192000F067FEC220E0
:1086800000F06AFEA72000F061FEC52000F064FE45
:10869000162000F05BFEE82000F05EFE402000F0B7
:1086A00055FE8A2000F052FE002000F04FFE002010
:1086B00000F04CFE292000F049FE192000F046FE93
:1086C000A52000F043FE332000F040FEE02000F043
:1086D00043FEF02000F03AFE072000F037FE0D20A8
:1086E00000E065E000F032FE042000F02FFE0520DF
:1086F00000F02CFE142000F029FE362000F026FEAB
:10870000542000F023FE4C2000F020FE382000F022
:108710001DFE132000F01AFE142000F017FE2E207C
:1087200000F014FE342000F011FEE12000F014FEF1
:10873000F02000F00BFE102000F008FE142000F0E6
:1087400005FE0E2000F002FE0C2000F0FFFD0820C8
:1087500000F0FCFD352000F0F9FD442000F0F6FDAE
:108760004C2000F0F3FD262000F0F0FD102000F07A
:10877000EDFD122000F0EAFD2C2000F0E7FD322094
:1087800000F0E4FDF02000F0E7FD3C2000F0DEFD0D
:10879000F02000F0E1FD692000F0D8FD782008F01D
:1087A00079FF212000F0D8FD292000F0D5FD67E2F7
:1087B0008948808849F6060188427CD1FF2000F074
:1087C000CBFDFF2000F0C2FD982000F0BFFD062089
:1087D00000F0BCFDBC2000F0BFFD012000F0B6FDA4
:1087E0000F2000F0B3FD612000F0B0FDFF2000F08D
:1087F000ADFD012000F0AAFD012000F0A7FD0B2037
:1088000000F0A4FD102000F0A1FD372000F09EFD37
:10881000632000F09BFDFF2000F098FDFF2000F09A
:1088200095FD012000F092FD012000F08FFD002059
:1088300000F08CFD002000F089FDFF2000F086FD97
:10884000522000F083FD012000F080FD002000F0A8
:108850007DFD402000F07AFDBD2000F07DFD01206F
:1088600000F074FD232000F071FD452000F06EFD46
:10887000672000F06BFD012000F068FD232000F070
:1088800065FD452000F062FD672000F05FFDBE2021
:1088900000F062FD002000F059FD012000F056FDBF
:1088A000AB2000F053FD602000F050FD222000F0CE
:1088B0004DFD222000E025E100F048FD222000F0DF
:1088C00045FD222000F042FD222000F03FFDC720A0
:1088D00000F042FD362000F039FDED2000F03CFDB7
:1088E0007F2000F033FD0F2000F030FDC02000F0AD
:1088F00033FD0F2000F02AFD0B2000F027FD0A2099
:1089000000F024FDFC2000F027FD082000F01EFDF3
:10891000DF2000F021FD002000F018FD002000F015
:1089200015FD002000F012FD002000F00FFD0020DA
:1089300000F00CFD202000F009FDF32000F00CFDFC
:10894000742000F003FDB42000F006FD002000F0CC
:10895000FDFC002000F0FAFC002000F0F7FCF720FE
:1089600000F0FAFC822000F0F1FCB12000F0F4FCF1
:10897000002000F0EBFC132000F0E8FC132000F0D6
:10898000E5FCF22000F0E8FC802000F0DFFC042091
:1089900000F0DCFC402000F0D9FC282000F0D6FCE0
:1089A000C12000F0D9FC172000F0D0FC882000F096
:1089B000CDFC882000F0CAFC202000F0C7FCE0209D
:1089C00000F0CAFC002000F0C1FC0A2000F0BEFC50
:1089D000122000F0BBFC01E0C0080020102000F0D5
:1089E000B5FC0E2000F0B2FC202000F0AFFCCC2043
:1089F00000F0ACFC072000F0A9FC062000F0A6FC6B
:108A00000B2000F0A3FC0E2000F0A0FC0F2000F0D3
:108A10009DFC0D2000F09AFC152000F097FC102022
:108A200000F094FC002000F091FCE12000F094FCA8
:108A3000002000F08BFC0B2000F088FC132000F0DD
:108A400085FC0D2000F082FC0E2000F07FFC1B2036
:108A500000F07CFC712000F079FC062000F076FC30
:108A6000062000F073FC0A2000F070FC0F2000F0DC
:108A70006DFC0E2000F06AFC0F2000F067FC152052
:108A800000F064FC0C2000F061FC002000F05EFCB3
:108A90002A2000F061FC002000F058FC002000F0CB
:108AA00055FC012000F052FCDF2000F04FFC2B2091
:108AB00000F052FC002000F049FC002000F046FCD1
:108AC000032000F043FC1F2000F040FC3A2000F09F
:108AD00043FC552000F03AFC362000F03DFC00201D
:108AE00000F034FC112000F037FC782008F0D2FDB3
:108AF000292000F031FC142008F0CCFD2C2000F0DF
:108B00002BFCBDE08848808841F663118842F8D18B
:108B1000E22000F021FC1D2000F018FC022000F0F3
:108B200015FC042000F012FC642008F0BFFDE020DA
:108B300000F012FC012000F009FC0A2008F0AAFD58
:108B4000E02000F009FC032000F000FC0C2008F0FD
:108B5000A1FD012000F000FC0A2008F09BFDE620AA
:108B600000F0FAFB2F2000F0F1FBFF2000F0EEFBFD
:108B7000FF2000F0EBFBB02000F0EEFB202000F027
:108B8000E5FB002000F0E2FB032000F0DFFB40F2F9
:108B90001F3000F0DBFB012000F0D8FB40F2DF10BB
:108BA00000F0D4FB002000F0D1FBB42000F0D4FB97
:108BB000042000F0CBFB40F21F4000F0C7FB002078
:108BC00000F0C4FB2E2000F0C1FB002000F0BEFB33
:108BD000002000F0BBFB002000F0B8FB002000F0FC
:108BE000B5FBB62000F0B8FB022000F0AFFB4FF45D
:108BF000037000F0ABFB002000F0A8FB172000F092
:108C0000A5FB152000F0A2FB002000F09FFB002038
:108C100000F09CFBF02000F09FFB032000F096FB8F
:108C2000292000F099FBD02000F096FB002000F0F6
:108C30008DFBBE2000F090FB052000F087FBFE209E
:108C400000F084FB012000F081FB002000F07EFB9F
:108C5000002000F07BFB002000F078FBB82000F043
:108C60007BFB032000F072FB012000F06FFBBA20B9
:108C700000F072FB012000F069FB642000F06CF84A
:108C80002948808849F24131884223D0264880888B
:108C900045F2103188421DD02348808845F210519A
:108CA000884217D02048808841F66311884211D04D
:108CB0001D48808847F2897188420BD01A48808805
:108CC00047F29671884205D01748808849F6060118
:108CD00088421CD11548006820F00F004FF0204159
:108CE000C1F804010846D0F8040120F47060C1F80E
:108CF00004010846D0F8040140F00500C1F8040161
:108D00000846D0F8040140F4A060C1F80401002036
:108D1000FCF7B6FF0120064908604FF6FF70FCF72C
:108D20004DFF15B000BD0000C0080020040100A0E8
:108D30009482404210B50246012000E050430B1ED1
:108D4000A1F10104E1B2F9D110BD00000149088888
:108D5000704700000000086070B52DED048B0446DC
:108D6000BE2000F0F9FA052000F0F0FA20463AF0B3
:108D700001F941EC190B9FED0E0B53EC102B3AF05F
:108D800049F941EC180B3AF0B1F885B2284600F0E9
:108D9000DDFA012000F0DAFAFF2000F0D7FA002017
:108DA00000F0D4FA002000F0D1FABDEC048B70BDC5
:108DB000666666666666044070B504460023002653
:108DC0008B488079012805D18948808841F6631154
:108DD000884208D186488079F0B98548808841F674
:108DE0006311884218D1082C15D2DFE804F004067C
:108DF000080A0C0E101206240DE007240BE00424D0
:108E000009E0052407E0012405E0002403E0032431
:108E100001E0022400BF00BF082C1CD2DFE804F0F0
:108E20000406090C0F12151800BF14E043F080036C
:108E300011E043F040030EE043F0C0030BE043F0C9
:108E4000200308E043F0600305E043F0A00302E0E4
:108E500043F0E00300BF00BF36266548808845F236
:108E60001051884200D136026148808849F2413170
:108E700088420BD05E48808847F28971884205D0CD
:108E80005B48808847F29671884201D143F008031D
:108E90001946304600F070FA5548808841F6631153
:108EA00088421DD003F0200068B151480088504925
:108EB0004988884214DA4E48058840884C49088021
:108EC000084645800CE04A4800884949498888425C
:108ED00006DD4748058840884549088008464580A2
:108EE0004348808845F21051884252D14049488910
:108EF00000F032FA002000F029FA3D494989491C66
:108F000088B200F029FA002000F020FA3849498997
:108F1000891C88B200F020FA35490988491EC1F33E
:108F20000F2000F013FA32494989C91C88B200F0B9
:108F300013FA2F490978491EC8B200F007FA2C49E4
:108F4000888900F009FA002000F000FA2849898990
:108F5000491C88B200F000FA002000F0F7F924491B
:108F60008989891C88B200F0F7F921494988491E8E
:108F7000C1F30F2000F0EAF91D498989C91C88B2A4
:108F800000F0EAF91A498978491EC8B200F0DEF902
:108F90002DE01749488900F0DFF9002000F0D6F9EC
:108FA000002000F0D3F912490988491EC1F30F20AF
:108FB00000F0CCF90E490978491EC8B200F0C6F994
:108FC0000B49888900F0C8F9002000F0BFF90020A3
:108FD00000F0BCF906494988491EC1F30F2000F092
:108FE000B5F903498978491EC8B200F0AFF970BDE0
:108FF000C008002000B502460B464548808841F66F
:109000006311884247D142488079A8B94048008816
:10901000401E801A82B23E49488900F09DF9002026
:1090200000F094F9002000F091F9101200F08EF990
:10903000D0B200F08BF916E03549488900F08CF980
:10904000101200F083F9D0B200F080F9304909889D
:10905000491EC1F30F2000F079F92D490978491E06
:10906000C8B200F073F92A49888900F075F918121E
:1090700000F06CF9D8B200F069F925494988491E19
:10908000C1F30F2000F062F921498978491EC8B266
:1090900000F05CF93AE01E48808845F210518842A1
:1090A00020D11B49488900F057F9101200F04EF901
:1090B00017494989491C88B200F04EF9D0B200F036
:1090C00045F91349888900F047F9181200F03EF974
:1090D0000F498989491C88B200F03EF9D8B200F0E6
:1090E00035F913E00A49488900F036F9101200F00A
:1090F0002DF9D0B200F02AF90549888900F02CF941
:10910000181200F023F9D8B200F020F900BD0000D9
:10911000C00800202DE9F84F80460F4616461C4631
:10912000BB462046E31704EB5373DB1021464FEA9E
:10913000E47C04EB5C7C4FEAEC0CA4EBCC0CBCF1C3
:10914000000F02D04FF0010C01E04FF0000C63441F
:10915000224604EBD27C4FEA6C0C03FB0CF3DBB22F
:109160000093A6F12000C6B200255EE00C2C07D1CA
:1091700006EB46002F4901EB800010F805901BE03C
:10918000102C05D12C4800EB061010F8059013E0C8
:10919000182C07D106EBC600284901EB800010F817
:1091A000059009E0202C05D1254800EBC61010F8E9
:1091B000059001E0BDE8F88F4FF0000A2FE009F0BC
:1091C000800030B11F48394602684046FCF7E2FE95
:1091D00007E00A9828B91C48394602684046FCF75F
:1091E000D9FE4FEA49604FEA1069781C87B21748E8
:1091F0004088B84200DCDDE7A7EB0B00A0420AD1B3
:109200005F4608F101001FFA80F8104800884045C9
:1092100000DCCFE706E00AF1010000F0FF0ABAF136
:10922000080FCCDB00BF681CC5B2009885429DDBEF
:1092300000BFBFE70C380408803C040870420408F3
:10924000CC4F04083400002038000020C008002063
:109250002DE9FF4F81B0074691461E460E9D4FF007
:10926000000A002439E0301B401EC1B20A20FFF77B
:1092700061FDB9FBF0F00A21B0FBF1F201FB12082D
:10928000BAF1000F16D1701EA04213DDB8F1000F25
:109290000ED10020AB4605EBDB71491001FB0471D8
:1092A000009088B22B4620220299FFF733FF12E08C
:1092B0004FF0010A0020AB4605EBDB71491001FBC2
:1092C0000471009088B208F13001CAB22B460299AD
:1092D000FFF720FF00BF601CC4B2B442C3DB05B07F
:1092E000BDE8F08F2DE9F84F04460D4690469946AB
:1092F000DDE90A6704F0FF0A08EB04001FFA80F8B2
:1093000009EB05001FFA80F916E0444502DB5446DC
:10931000A81985B24D4500DB14E0002000903A7892
:10932000334629462046FFF7F5FE304606EBD0715E
:1093300004EB61018CB27F1C38787E2802DC38781F
:109340002028E2DA00BFBDE8F88F000000BF014925
:10935000088070470000086000BF0149088070471E
:10936000FEFF07600248008902490880704700003C
:10937000C0080020FEFF0760024A1080921C118086
:1093800070470000FEFF076000B587B000BF0020F7
:1093900001901248006840F0020010490860084639
:1093A000006800F00200019000BF00BF032002909F
:1093B0000120039004900320059002A90848FAF7C1
:1093C000C1FC012211460648FAF7D6FD012202210E
:1093D0000348FAF7D1FD07B000BD00003038024065
:1093E0000004024018B5044606480094008B401E55
:1093F00083B20448C08A401E82B20021084600F0B1
:109400000DF918BDEC09002070B58CB004460E466D
:109410001546082000900494069609956846FBF7C7
:1094200087F810B900200CB070BD0120FBE70000E8
:109430002DE9F84F04460D4616464FF0000CDFF8B4
:10944000509199F81590B9F1000F04D020462946A3
:1094500032461F4611E02846DFF83491D9F80490CF
:10946000A9EB0609A9F101011A46DFF82491D9F800
:109470000490A9EB0409A9F10107DFF81491B9F8E8
:109480000090A2EB000A0AF1010AA9EB0A091FFAEF
:1094900089F8DFF8FC9099F81490DFF8F8A05AF8F2
:1094A0002990DFF8ECA0DAF81CA0DFF8E4B0DBF8D4
:1094B00000B00BFB010B0AFB0B9E00BF4FF0000935
:1094C000CDF80090DFF8D090D9F8009049F4000969
:1094D000DFF8C4A0CAF80090D146D9F8009009F48A
:1094E0000009CDF8009000BF00BFDFF8B090D9F8B8
:1094F000009029F00109DFF8A4A0CAF800904FF00D
:109500000009CAF800904FF00209CAF81C904FF009
:109510000009CAF81090D146C9F84080DDF82890BB
:10952000CAF80C90D146C9F83CE0A7EB010909F153
:109530000109A2EB000A0AF1010A49EA0A49DFF827
:109540005CA0CAF84490D146D9F8009049F00109CE
:10955000CAF8009005E00CF1010CBCF5001F00D327
:1095600008E0DFF83890D9F8049009F00209B9F161
:10957000000FF0D000BFDFF82490D9F8089049F030
:109580000209DFF818A0CAF80890BDE8F88F0000BB
:10959000EC0900203C0000203038024000B00240BE
:1095A0000949487530B98988074AD1821146098826
:1095B000118308E0012806D103490988024AD182B3
:1095C0001146898811837047EC09002070B5114B52
:1095D0005B7D6BB10F4BDB690E4D2D6805FB010503
:1095E0006B430C4D2D7D0C4E56F82550EA520FE082
:1095F000084B1D685B681B1A5B1E05FB0313054DBA
:10960000ED696B43034D2D7D034E56F82550EA520C
:1096100070BD0000EC0900203C0000202DE9F84F4F
:1096200004460D4616464FF0000CDFF8449199F8B9
:109630001590B9F1000F04D02046294632461F4646
:1096400011E02846DFF82891D9F80490A9EB060923
:10965000A9F101011A46DFF81891D9F80490A9EB95
:109660000409A9F10107DFF80891B9F80090A2EB0D
:10967000000A0AF1010AA9EB0A091FFA89F8DFF8C2
:10968000F09099F81490DFF8ECA05AF82990DFF8E0
:10969000E0A0DAF81CA0DFF8D8B0DBF800B00BFBD4
:1096A000010B0AFB0B9E00BF4FF00009CDF80090A4
:1096B000DFF8C490D9F8009049F40009DFF8B8A0A9
:1096C000CAF80090D146D9F8009009F40009CDF805
:1096D000009000BF00BFDFF8A490D9F8009029F0F7
:1096E0000109DFF898A0CAF800904FF44039CAF891
:1096F00000904FF00209CAF83490D146C9F8408072
:10970000C9F83CE0A7EB010909F10109A2EB000A45
:109710000AF1010A49EA0A49DFF860A0CAF8449050
:10972000DDF82890CAF83890D146D9F8009049F071
:109730000109CAF8009005E00CF1010CBCF5001F0E
:1097400000D308E0DFF83490D9F8049009F002095A
:10975000B9F1000FF0D000BFDFF82090D9F80890E1
:1097600049F00209DFF814A0CAF80890BDE8F88FA4
:10977000EC0900203C0000203038024000B00240DC
:109780001FB5002400F0A4F9044644F2423084429C
:1097900018D14FF4F0709C4908604FF4887048600D
:1097A000012008814881282088810820C88105205F
:1097B000088208204882820304214FF49070FFF74A
:1097C00023FE82E047F28400844219D14FF44870AE
:1097D0008D4908604FF4F07048600120088148818D
:1097E0002E2088811720C881D22008821620488226
:1097F0004FF4803203214FF4C670FFF705FE64E09A
:1098000047F2160084421AD14FF480607E49086006
:109810004FF41670486014200881032048818C2082
:1098200088811420C881A02008820C2048824FF42F
:10983000803202214FF4B470FFF7E6FD45E047F2B5
:109840001800844207D14FF4A0606F4908604FF4BC
:109850004870486039E044F2843084421AD14FF4B1
:109860004870694908604FF4F0704860582088815A
:1098700028200882302008812020C8810D204882BD
:10988000032048814FF4803203214FF4C670FFF764
:10989000BBFD1AE041F21800844216D14FF4A060DB
:1098A000594908604FF4487048608C2088810A202C
:1098B00008820881C8814882032048814FF48032A1
:1098C00002214FF4B470FFF79FFD4F4800884F49C5
:1098D00008804D488088488002204B49C8614C4828
:1098E0004C4908604C484D49086000204860002100
:1098F0004A488160C16041F21800844204D14FF0AF
:1099000080514648016102E00021444801613E481F
:109910000089401E414948613B484089401E88619A
:1099200039480089384989890844401E3B49C86143
:10993000354840893449C9890844401E374908627E
:10994000314800893049898908442F490968084409
:10995000401E324948622C4840892B49C989084435
:10996000294949680844401E2C49886226480089D4
:109970002549898908442449096808442249098AF3
:109980000844401E2549C8621F4840891E49C989AC
:1099900008441D49496808441B49498A0844401E37
:1099A0001E49086300211D4880F8361080F83510E4
:1099B00080F83410FAF754FB002007210622CDE985
:1099C0000002CDE902101348FF23022201680020A3
:1099D00000F028F80C48808880B200900A4800887F
:1099E00083B200221146104600F05AF80020FFF71B
:1099F000D7FD002000F0D6F8012009490860801E3C
:109A0000FFF7F0FC1FBD0000EC090020C00800209B
:109A1000000000C03C000020006801400409002054
:109A2000948240422DE9F04F8DB005460E46174610
:109A30009846DDE917ABDDF85890199C002000909E
:109A400002901548006801901348406803900497FD
:109A5000CDF81480CDF818904FEA0A2007904FEA0D
:109A60000B20089009960C4800680A900A48406844
:109A70000B90002001148DF8321001128DF8311076
:109A8000E0B28DF830002A4669460448FAF7B8FA81
:109A90000DB0BDE8F08F0000EC09002004090020A3
:109AA0002DE9F04104460E4617461D46DDF81880A4
:109AB00023463A4631460548FAF714FC2346424607
:109AC00029460248FAF744FCBDE8F0810409002069
:109AD00010B586B0002400BF002000902E4800681A
:109AE00040F040002C4908600846006800F0400043
:109AF000009000BF00BF00BF002000900846006833
:109B000040F4807008600846006800F4807000909F
:109B100000BF00BF40200190002002900120039070
:109B20000320049001A91D48FAF70CF98420019044
:109B300001A91B48FAF706F940211848FAF710FA6C
:109B4000044604211648FAF70BFA44EA4000C4B26E
:109B500080211348FAF704FA44EA8000C4B2062CC4
:109B600017D2DFE804F003070A0D101344F2423065
:109B700006B010BD47F28400FAE747F21600F7E797
:109B800047F21800F4E744F28430F1E741F218009C
:109B9000EEE70020ECE700003038024000180240F9
:109BA000002002400149087570470000EC090020C0
:109BB000F0B50023002400258E880768FF68C7F3EE
:109BC0000B473E44330406688436802707FB026651
:109BD000766806F47047066884364FF0800C0CFBFC
:109BE000026677600E680768FF68C7F30B473E445C
:109BF000761C1E43076884370CFB02777E608E89D3
:109C00000768FF68C7F30A073E44330406688436D2
:109C1000802707FB0266B66806F47047066884363C
:109C20000CFB0266B7608E680768FF68C7F30A0717
:109C30003E44761C1E43076884370CFB0277BE60E7
:109C400006688436802707FB0266366926F0070718
:109C5000066884360CFB026637610F690668843635
:109C60000CFB026637613126765C33023226765C65
:109C700034040E7E350606688436802707FB0266AC
:109C8000B6690027066884360CFB0266B76191F856
:109C900030601E4326432E43076884370CFB02774F
:109CA000BE6106688436802707FB0266766926F067
:109CB000FF07066884360CFB026677614F69066809
:109CC00084360CFB0266776106688436802707FBC2
:109CD0000266F76940F20776B743066884360CFBE4
:109CE0000266F761D1E907673E43076884370CFBDA
:109CF0000277FE6106688436802707FB0266B66A33
:109D00000027066884360CFB0266B7624F6A066855
:109D100084360CFB0266B7620E690EB9042313E0A9
:109D20000E69012E01D103230EE00E69042E08D026
:109D30000E69022E05D00E69032E02D00E69072E81
:109D400001D1022300E0012306688436802707FB47
:109D50000266F66A06F0E027066884364FF0800C4B
:109D60000CFB0266F762D1E90076F61B5E43F71C36
:109D70000E8D5E4347EA0647066884360CFB026692
:109D8000F76206688436802707FB0266366BF70A9F
:109D9000FF02066884360CFB02663763CF6A0668EA
:109DA00084360CFB0266376306688436D701F659A1
:109DB00046F00107066884364FEAC21C46F80C706C
:109DC000F0BD00BFFEE7704702480068C0F3022004
:109DD000704700000CED00E010B5002807DA0A0714
:109DE000140E054A00F00F031B1FD45403E00A07AA
:109DF000130E024A135410BD18ED00E000E400E019
:109E000000B587B00020069000BF00902B48006886
:109E100040F08000294908600846006800F0800092
:109E2000009000BF00BF00BF0020009008460068FF
:109E300040F4807008600846006800F4807000906C
:109E400000BF00BF802001900020029001200390FD
:109E50000320049001A91A48F9F774FF4FF48070A9
:109E600001900120029001A91648F9F76BFFF8F75D
:109E7000F1FC002014490860642007F00BFC01206D
:109E80001249C1F8A002642007F004FC012000F090
:109E900053F9012206A94FF4506000F01FF89DF815
:109EA00018100BA0F6F70EFB9DF81800802802D1C1
:109EB000002007B000BD0120FBE700003038024061
:109EC000001C024000200240A00244420000444224
:109ED0004354502049443A25780D0A002DE9F041B9
:109EE00005460F461646F8F75DFDB220F8F738FD37
:109EF000F8F788FD2812F8F733FDF8F783FDE8B28C
:109F0000F8F72EFDF8F77EFDF8F74CFDB320F8F7D3
:109F100027FDF8F777FD00240BE0711EA14201D068
:109F2000012100E000210846F8F7F2FC3855601CDA
:109F3000C4B2B442F1DBF8F74FFDBDE8F081000098
:109F400031B52DED068B82B00024002571480078D4
:109F5000401C70490870084600780A2190FBF1F215
:109F600001FB120018B16B4800780A287EDA012242
:109F700008A90020FFF7B2FF9DF8200000F01F00A5
:109F8000002873D09DF8200000F01F0040F0C000B2
:109F900061498886002485E05F48808E0121A140C8
:109FA000084000287CD05D4931F81400042201A942
:109FB000FFF794FF584890F8440000F00100D0B338
:109FC0009DF807109DF8062001EB022038F0BBFF3A
:109FD00041EC190B9FED520B53EC102B39F01AF892
:109FE00041EC180B38F082FF81B24B48203020F84A
:109FF00014109DF805109DF8042001EB022038F0A4
:10A00000A2FF41EC1A0B9FED480B53EC102B39F0DB
:10A0100001F841EC190B9FED460B53EC102B39F076
:10A020002DF941EC180B38F061FF81B23A480C3041
:10A0300020F8141034E0FFE79DF807109DF8062083
:10A0400001EB022038F07FFF41EC190B9FED340B40
:10A0500053EC102B38F0DEFF41EC180B38F046FFC4
:10A0600081B22D480C3020F8141000E029E09DF852
:10A0700005109DF8042001EB022038F064FF41EC4C
:10A08000190B9FED290B53EC102B38F0C3FF41EC5B
:10A09000180B38F02BFF81B21F48203020F8141025
:10A0A000601CC4B2052CFFF677AF01251A488089E1
:10A0B00020B91948008C08B90020089000201549E3
:10A0C00008709DF8200000F01F00B8B9124890F801
:10A0D000340000F0800030B10F48808E20F0800006
:10A0E0000D4988860AE04FF6FF700B498881088485
:10A0F000084690F8340000F0E000888605480078B3
:10A10000F02802DD0A2003490870284602B0BDECA1
:10A11000068B38BD4D00002050000020F080040860
:10A120007B14AE47E17AD43FD881734694F6D23F90
:10A13000000000000000894038B50446002000906F
:10A140000CB180200090012269464FF4506000F06D
:10A1500001F838BD2DE9F04104460E4617464FF090
:10A160000008F8F71FFCB220F8F7FAFBF8F74AFCF2
:10A170002012F8F7F5FBF8F745FCE0B2F8F7F0FB32
:10A18000F8F740FC00250BE0705DF8F7E9FBF8F705
:10A1900039FC8046B8F1000F00D003E0681CC5B25E
:10A1A000BD42F1DB00BFF8F717FC4046BDE8F08187
:10A1B00000B587B0164817490860002048600121A3
:10A1C000144881600821C160102101614021416172
:10A1D0004FF4C07181610021C1614FF400610162DF
:10A1E00049004162490081620220009008200190EC
:10A1F0000620029003900220049005900690694684
:10A200000448FAF747FF034800F006F807B000BD1E
:10A21000400100A0D008002070B5054600240023AE
:10A2200001221146184600F021F84FF4FA7007F0A9
:10A230003DFA002301220221184600F017F80023FE
:10A2400008220321184600F011F84FF40C7423463D
:10A2500001220421002000F009F840F2AB2102485D
:10A26000FAF7D2FF70BD0000D00800202DE9FF41B1
:10A2700004460D4616461F464FF0000814B94FF02D
:10A28000100803E0012C01D14FF008080095CDF82B
:10A290000480029603974FF4805269460448FAF707
:10A2A000C7FF18B9002004B0BDE8F0810120FAE72B
:10A2B000D00800202DE9F04192B0054688461646A8
:10A2C0001F46002400BF002000902648006840F090
:10A2D0008050244908600846006800F080500090D3
:10A2E00000BF00BF00BF002000901F48006840F47E
:10A2F00040401D4908600846006800F44040009056
:10A3000000BF00BF01200690079002200C9041057D
:10A310000D91CDF838800F951096119706A8FAF791
:10A32000B5FC04460CB100BFFEE7FAF7AFF80446EF
:10A330000CB100BFFEE70F20019002200290002028
:10A3400003904FF4A05004904FF4805005900521E5
:10A3500001A8FAF7A1FA04460CB100BFFEE712B05B
:10A36000BDE8F081403802400070004010B5F9F7B8
:10A370000FFE38F075F9012801D037F0D3FD10BD7C
:10A380001448006840F470001249086012480068E0
:10A3900040F001001049086000200F4908310860B2
:10A3A0000D4800680D4908400B4908600C48091D1C
:10A3B0000860081F006820F48020091F0860002042
:10A3C00005490C3108604FF000600249803908608F
:10A3D0007047000088ED00E000380240FFFFF6FE05
:10A3E0001030002410B50248FAF7EFFF10BD00004E
:10A3F0000C0A00202DE9FC5F04460D4617461E4658
:10A40000DDE90EABDDE90C894FF47840574908606F
:10A4100057A01021CDE90010564843880288A0219A
:10A420002820FEF75FFF54A01021CDE9001051480D
:10A4300043880288A0217820FEF754FF4FA0102106
:10A44000CDE900104B4843880288B4212820FEF74C
:10A4500049FF4BA01021CDE90010464843880288EF
:10A46000B4217820FEF73EFF46A01021CDE9001070
:10A47000404843880288C8212820FEF733FF42A0C5
:10A480001021CDE900103B4843880288C82178207C
:10A49000FEF728FF3DA01021CDE900103548438884
:10A4A0000288DC212820FEF71DFF39A01021CDE90C
:10A4B0000010304843880288DC217820FEF712FF24
:10A4C00034A01021CDE900102A4843880288F021E9
:10A4D0002820FEF707FF102004232246A021009029
:10A4E0004020FEF7B5FE102004232A46A02100904C
:10A4F0009020FEF7ADFE102004233A46B4210090D0
:10A500004020FEF7A5FE102004233246B42100901F
:10A510009020FEF79DFE102004234246C8210090A3
:10A520004020FEF795FE102004234A46C8210090E3
:10A530009020FEF78DFE102004235246DC2100906F
:10A540004020FEF785FE102004235A46DC210090AF
:10A550009020FEF77DFE102003230090F021602064
:10A56000109AFEF775FEBDE8FC9F00003400002045
:10A5700078313A00C008002079313A0078323A0048
:10A5800079323A0078333A0079333A0078343A0035
:10A5900079343A006661632069733A0000B597B078
:10A5A000002012900B9012901F21FE4801604FF680
:10A5B000FF71FD4801600846FBF700FB4FF478414E
:10A5C000F84801604FF6FF70FBF7F8FA0020F549F4
:10A5D0000860F648006810216423A022CDE900102D
:10A5E00028210846FEF77EFE4FF4784214210846E3
:10A5F00000F054FC0020EE4988869FEDEE0A0846E4
:10A6000080ED0E0A46E2EA4840680A9001200A9965
:10A610008847E74890F8340000F0C00040287AD11D
:10A6200000200B90E248808E20F04000E0498886B0
:10A630000846818913AA129822F82010DC48018C60
:10A64000129802EB800041801298401CC0B2129018
:10A650001298012806D0022815D0032829D00428F2
:10A6600010D141E04FF6FF721421084600F016FCAD
:10A67000D1480088143880B24FF4784214210A90EF
:10A6800000F00CFCE5E3CC480088143880B24FF6AB
:10A69000FF7214210A9000F001FCC748408814386A
:10A6A00080B24FF4784201460A90142000F0F6FB85
:10A6B000CFE3C1484088143880B24FF6FF7201469C
:10A6C0000A90142000F0EAFBBB484088143880B29E
:10A6D0000A90B9480088143880B24FF47842099043
:10A6E0000A9900F0DBFBB4E3BDF84C10BDF8500054
:10A6F000081A0A90002801DB0A9801E00A984042F3
:10A700000F90BDF84E1013A8C088081A0A900028B0
:10A7100002DB0A9802E09DE30A9840420E900F98EF
:10A7200040430F900E9840430E90DDE90E10084410
:10A73000059038F01FFCCDE906019DED060B01F0F8
:10A74000B7F98DED080B9DED080B51EC100B38F0AF
:10A75000CDFB80B21190BDF85400BDF85810401ADE
:10A760000A90002801DB0A9801E00A9840420F9005
:10A7700013A84189C089081A0A90002801DB0A98A9
:10A7800001E00A9840420E900F9840430F900E98B7
:10A7900040430E90DDE90E100844059038F0EAFBC6
:10A7A000CDE906019DED060B01F082F98DED080B58
:10A7B0009DED080B51EC100B38F098FB80B2109017
:10A7C0009DED110AF8EE400A9DED100AB8EE401A10
:10A7D00080EE810A8DED0A0A0A9838F011FFCDE962
:10A7E0000C019FED760B53EC102B9DED0C0B51ECF7
:10A7F000100B38F0D3FB0ED39FED720B53EC102BE4
:10A800009DED0C0B51EC100B38F002FD03D31198A9
:10A8100008B11098F0BB00201290674840881438A7
:10A8200080B20A9064480088143880B24FF6FF72F4
:10A8300009900A9900F032FB4FF47842142108463F
:10A8400000F02CFB9FED610B53EC102B9DED0C0BDE
:10A8500051EC100B38F0DEFBCDE908019DED080B43
:10A8600051EC100B38F042FB80B213A90A90C98951
:10A87000BDF8582013AB5B89CDE90132CDE9031057
:10A88000BDF85400009013A8C0880990BDF850008E
:10A89000089000E00AE0BDF84E000790BDF84C00BB
:10A8A000069007A90EC9FFF7A5FDE2E2BDF84C101E
:10A8B000BDF85400081A0A90002801DB0A9801E04C
:10A8C0000A9840420F90BDF84E1013A84089081A0C
:10A8D0000A90002801DB0A9801E00A9840420E9095
:10A8E0000F9840430F900E9840430E90DDE90E10F4
:10A8F0000844059038F03EFBCDE906019DED060BBE
:10A9000001F0D6F88DED080B9DED080B51EC100B06
:10A9100038F0ECFA80B21190BDF85010BDF8580034
:10A92000081A0A90002801DB0A9801E00A984042C0
:10A930000F9013A8C188C089081A0A90002801DB6B
:10A940000A9801E00A9840420E900F9840430F90F9
:10A950000E9840430E90DDE90E100844059038F043
:10A9600009FBCDE906019DED060B01F0A1F88DED87
:10A97000080B9DED080B51EC100B38F0B7FA80B2C4
:10A9800010909DED110AF8EE400A9DED100AB8EE08
:10A99000401A80EE810A8DED0A0A0A9838F030FEDE
:10A9A00018E000003400002038000020FC8004087B
:10A9B0005000002000000000C008002066666666A7
:10A9C0006666EE3FCDCCCCCCCCCCF03F0000000096
:10A9D00000005940CDE90C011FED080B53EC102B82
:10A9E0009DED0C0B51EC100B38F0D8FA0AD31FED8B
:10A9F0000B0B53EC102B9DED0C0B51EC100B38F0A6
:10AA000007FC48D200201290F7484088143880B2E2
:10AA10000A90F5480088143880B24FF6FF7209900A
:10AA20000A9900F03BFA4FF478421421084600F0EE
:10AA300035FA1FED1A0B53EC102B9DED0C0B51EC5E
:10AA4000100B38F0E7FACDE908019DED080B51EC49
:10AA5000100B38F04BFA80B213A90A90C989BDF8DF
:10AA6000582013AB5B89CDE90132CDE90310BDF865
:10AA70005400009013A8C0880990BDF850000890B9
:10AA8000BDF84E000790BDF84C00069007A90EC90E
:10AA9000FFF7B0FCEDE1BDF85000BDF85410401ACE
:10AAA0000A90002801DB0A9801E00A9840420F90C2
:10AAB00013A8C1884089081A0A90002801DB0A9867
:10AAC00001E00A9840420E900F9840430F900E9874
:10AAD00040430E90DDE90E100844059038F04AFA24
:10AAE000CDE906019DED060B00F0E2FF8DED080BB0
:10AAF0009DED080B51EC100B38F0F8F980B2119075
:10AB0000BDF84C00BDF85810401A0A90002801DB2F
:10AB10000A9801E00A9840420F90BDF84E1013A821
:10AB2000C089081A0A90002801DB0A9801E00A98F7
:10AB300040420E900F9840430F900E9840430E9065
:10AB4000DDE90E100844059038F014FACDE906014D
:10AB50009DED060B00F0ACFF8DED080B9DED080B95
:10AB600051EC100B38F0C2F980B210909DED110A33
:10AB7000F8EE400A9DED100AB8EE401A80EE810A08
:10AB80008DED0A0A0A9838F03BFDCDE90C011FED66
:10AB9000750B53EC102B9DED0C0B51EC100B38F09A
:10ABA000FDF90AD31FED790B53EC102B9DED0C0B27
:10ABB00051EC100B38F02CFB49D2002012908A483F
:10ABC0004088143880B20A9087480088143880B2D0
:10ABD0004FF6FF7209900A9900F060F94FF478423D
:10ABE0001421084600F05AF91FED880B53EC102B86
:10ABF0009DED0C0B51EC100B38F00CFACDE908016F
:10AC00009DED080B51EC100B38F070F980B2014645
:10AC10000A9013A8C289BDF8580013AB5B89CDE92F
:10AC20000130CDE90321BDF85400009013A8C0887D
:10AC30000990BDF850000890BDF84E000790BDF88F
:10AC40004C00069007A90EC9FFF7D4FB11E1BDF82F
:10AC50005000BDF84C10401A00EE100AF8EEC00A81
:10AC600061480088283800EE100AB8EEC00A80EE6D
:10AC7000201A5E4880ED0E1ABDF85000BDF84C1049
:10AC8000084400EE100AF8EEC00A5748008800EEAB
:10AC9000100AB8EE400A554890ED0E1A01EE600A0F
:10ACA000F0EE000A80EE201ABDEEC10A10EE100A86
:10ACB00001B24E48A0F8401013A84089BDF84E10CC
:10ACC000401A00EE100AF8EEC00A474840882838BB
:10ACD00000EE100AB8EEC00A80EE201A434880ED5C
:10ACE0000F1A13A84089BDF84E10084400EE100A50
:10ACF000F8EEC00A3C48408800EE100AB8EE400A60
:10AD00003A4890ED0F1A01EE600AF0EE000A80EE6C
:10AD1000201ABDEEC10A10EE100A00B23349A1F8A4
:10AD20004200084690ED0E0ABDEEC00A8DED090AFC
:10AD30000998002801DB099801E00998404202289F
:10AD40000FDC2A4890ED0F0ABDEEC00A8DED0A0A0D
:10AD50000A98002801DB0A9801E00A98404202287C
:10AD600054DD0020129020484088143880B20A90A8
:10AD70001D480088143880B24FF6FF7209900A9976
:10AD800000F08CF84FF478421421084600F086F861
:10AD900017A01021CDE90010134840880A901248EE
:10ADA0000088099002461A2128200A9BFEF79AFA89
:10ADB0000E4890F8440008B9012000E000200B493B
:10ADC00081F84400084690F8440030B190200D49C5
:10ADD0000870D0210C48017005E0D02109480170AD
:10ADE00090200949087044E0C0080020500000206D
:10ADF0005450204E65656420726561646A75737491
:10AE00002100000098000020990000201F211B480D
:10AE100001604FF6FF70FAF7D1FE19A01021CDE9BD
:10AE200000101D4840880A901B480088099002467F
:10AE30006E2123200A9BFEF755FA4FF47A7006F034
:10AE400029FC00F0A1FA4FF6FF70FAF7B7FE17B031
:10AE500000BD00BF0A2006F01DFC0B98401C80B20C
:10AE60000B900B98B0F57A7F02DD00F04FF802E00E
:10AE700000BFFFF7C8BB00BF00BFE8E734000020F9
:10AE8000546F7563682053637265656E2041646A10
:10AE9000757374204F4B2100C008002070B5044624
:10AEA0000D4616461848066004F10D018AB219399C
:10AEB00088B22B462946FAF7ABFF05F10D0083B2A5
:10AEC000193881B222462046FAF7A2FF6A1C91B2D5
:10AED000621C90B2FAF7F4FF6A1C91B2621E90B243
:10AEE000FAF7EEFF6A1E91B2621C90B2FAF7E8FF21
:10AEF0006A1E91B2621E90B2FAF7E2FF062229465C
:10AF00002046FAF7FBFF70BD3400002010B5362054
:10AF1000F7F713FC04460A2C18D10E220C492820FE
:10AF2000F7F7FAFB0A48383890F8440030B190201F
:10AF300008490870D0200849087005E0D02005496C
:10AF40000870902004490870012010BD0020FCE723
:10AF500088000020980000209900002000B587B0EC
:10AF60007F48808847F2967188420FD1F8F796F9AA
:10AF700060B97C487C494860084690F8440040F03D
:10AF8000800081F84400002007B000BD744880882C
:10AF900045F21051884211D07148808844F2423104
:10AFA00088420BD06E48808844F28431884205D0B4
:10AFB0006B48808849F60601884220D1F8F76EF97F
:10AFC00018B968486849486004E0FEF719FF674807
:10AFD00065494860644890F8440040F08000624948
:10AFE00081F84400084690F844005D49897901F0F1
:10AFF000010108435C4981F844000020C4E7584837
:10B00000808841F6631188420BD05548808847F20A
:10B010008401884205D05248808847F21601884250
:10B0200018D1F7F767FE52484F494860084690F834
:10B03000440040F0800081F84400084690F8440045
:10B040004749897901F001010843474981F84400E3
:10B05000002099E74248808841F21801884218D1BF
:10B06000F8F728FC434840494860084690F84400F7
:10B0700040F0800081F84400084690F844003849C8
:10B08000897901F001010843374981F84400002023
:10B090007AE700BF002001903748006840F0800048
:10B0A000354908600846006800F08000019000BF44
:10B0B00000BF00BF002001900846006840F4807087
:10B0C00008600846006800F48070019000BF00BF6F
:10B0D00000BF002001900846006840F04000086072
:10B0E0000846006800F04000019000BF00BF40200B
:10B0F00002900120039004900320059002A91F48AC
:10B10000F8F720FE4FF48470029002A91C48F8F76B
:10B1100019FE802002900020039002A91748F8F73A
:10B1200011FE0820029002A91648F8F70BFE0E49FE
:10B130002031A1F1140000F0AFF8F7F7E9FAFFF7BA
:10B14000E5FE08B100201FE74FF6FF70FAF736FD65
:10B15000FFF724FA00F018F9FFF7D8FE012013E7F3
:10B16000C0080020A134000850000020419F0008C2
:10B17000E12E00087D3A000830380240001C0240F1
:10B18000002002400018024070B506460025002449
:10B1900000201E4908601E49C1F88C021D49086044
:10B1A000304600F079F9062006F080FA00201A49AE
:10B1B000C1F89802012006F079FA012013490860CD
:10B1C00006F074FA00201449C1F8980200BF14E098
:10B1D0004FF6FF7000EA440400200C49086001208B
:10B1E00006F064FA01200C49C1F898020B48006887
:10B1F00008B1601C84B2681CC5B2102DE8DB2411B4
:10B20000012004490860204670BD00009882434236
:10B2100000004442A0024442008043420C024342E8
:10B220002DE9FE4380460027002406E04046FFF754
:10B23000ABFF2DF81400601C84B2052CF6DB002453
:10B2400016E0601C85B20FE03DF814003DF81510C3
:10B25000884207DD3DF814603DF815002DF8140014
:10B260002DF81560681C85B2052DEDDB601C84B2DD
:10B27000042CE6DB0027012405E03DF814003844E7
:10B2800087B2601C84B2042CF7DB032097FBF0F03C
:10B2900086B23046BDE8FE832DE9F04104460D46F6
:10B2A00007480078FFF7BCFF064606480078FFF71E
:10B2B000B7FF074626802F800120BDE8F0810000FF
:10B2C00098000020990000207FB504460D4602A991
:10B2D00003A8FFF7E1FF064616B9002004B070BDD1
:10B2E000694601A8FFF7D8FF06460EB90020F5E72A
:10B2F000BDF80400BDF80C10884206DCBDF80C1047
:10B30000BDF80400323081420CDBBDF80C00BDF802
:10B310000410884236DCBDF80410BDF80C00323051
:10B3200081422FDABDF80000BDF80810884206DC23
:10B33000BDF80810BDF80000323081420CDBBDF8CA
:10B340000800BDF8001088421CDCBDF80010BDF8F4
:10B3500008003230814215DABDF80C10BDF8042027
:10B36000881800EBD071C1F34F012180BDF808109F
:10B37000BDF80020881800EBD071C1F34F0129807F
:10B380000120ABE70020A9E710B50E2204492820D0
:10B39000F7F7FFF90A213620F7F70DFA10BD000084
:10B3A0008800002010B504463948006800284DD1B7
:10B3B0002CB13849A1F11400FFF786FF35E035497B
:10B3C000A1F11400FFF780FF78B332482038B0F9BC
:10B3D000400000EE100AB8EEC00A2E48203890ED6A
:10B3E0000E1A808900EE900AF8EE600A01EE200A3B
:10B3F000BCEEC00A10EE100A2649203988810846A2
:10B40000B0F9420000EE100AB8EEC00A084690ED0E
:10B410000F1A008C00EE900AF8EE600A01EE200A86
:10B42000BCEEC00A10EE100A08841A48203890F8C2
:10B43000340000F0800020BBC020164920398886E7
:10B44000084681898182018C01851AE011482038E3
:10B4500090F8340000F0800040B10E482038808E13
:10B4600020F080000B49203988860AE00021094835
:10B470002038818201854FF6FF7006492039888186
:10B4800008840448203890F8340000F0800010BD93
:10B490001C8243427000002070B50446002500BFA6
:10B4A00017E004F0800018B101200B49086002E0A9
:10B4B0000020094908606006040E00200749086062
:10B4C000012006F0F3F801200549C1F89802681C34
:10B4D000C5B2082DE5DB70BD8C0244429882434220
:10B4E0000080434210B504462068C06820F0400048
:10B4F0002168C86094F83900322803D1222084F8EA
:10B50000390002E0012084F839002046FAF7EEF90C
:10B51000002010BD70B50446002694F83960222E34
:10B5200001D0322E52D1A068B0F5805F13D1A56A48
:10B53000206940B920684068C0F308002880A06AEC
:10B54000801CA06219E020684068C0B22880A06A10
:10B55000401CA06211E0206938B920684068C1B27F
:10B56000A26A501CA062117007E02068406800F0D9
:10B570007F01A26A501CA0621170E08D401E80B253
:10B58000E08508BB2068C06820F020002168C86002
:10B5900094F83900322803D1122084F839000EE0E3
:10B5A0002068C06820F480702168C8602068406905
:10B5B00020F0010021684861012084F8390020460C
:10B5C000FAF750F9002070BD0020FCE70220FAE7EE
:10B5D0002DE9F041044600252068056925F4405511
:10B5E000E0680543206805612068C56849F20C6081
:10B5F00085432169A068084361690843E1690843FC
:10B6000005432068C5602068456925F44075A06938
:10B61000054320684561E069B0F5004F72D1734978
:10B620002068884203D072492068884234D1F9F7F3
:10B63000BDFA00EBC00101EB001061684900B0FBEE
:10B64000F1F06421B0FBF1F6F9F7B0FA00EBC001BC
:10B6500001EB001061684900B0FBF1F7F9F7A6FAB9
:10B6600000EBC00101EB001061684900B0FBF1F094
:10B670006421B0FBF1F000EBC00101EB0010A7EB7F
:10B680008000322101EB00106421B0FBF1F066F381
:10B690001F1021688860A6E0F9F772FA00EBC0017C
:10B6A00001EB001061684900B0FBF1F06421B0FBD0
:10B6B000F1F6F9F765FA00EBC00101EB00106168E3
:10B6C0004900B0FBF1F7F9F75BFA00EBC00101EBC1
:10B6D000001061684900B0FBF1F06421B0FBF1F0AB
:10B6E00000EBC00101EB0010A7EB8000322101EB61
:10B6F00000106421B0FBF1F066F31F102168886030
:10B7000071E0FFE739492068884203D03849206852
:10B71000884234D1F9F74AFA00EBC00101EB00107E
:10B7200061688900B0FBF1F06421B0FBF1F6F9F734
:10B730003DFA00EBC00101EB001061688900B0FB2D
:10B74000F1F7F9F733FA00EBC00101EB0010616883
:10B750008900B0FBF1F06421B0FBF1F000EBC00117
:10B7600001EB0010A7EB8000322101EB00106421F7
:10B77000B0FBF1F066F31F102168886033E0F9F741
:10B78000FFF900EBC00101EB001061688900B0FB1C
:10B79000F1F06421B0FBF1F6F9F7F2F900EBC0012A
:10B7A00001EB001061688900B0FBF1F7F9F7E8F9E7
:10B7B00000EBC00101EB001061688900B0FBF1F003
:10B7C0006421B0FBF1F000EBC00101EB0010A7EB2E
:10B7D0008000322101EB00106421B0FBF1F066F330
:10B7E0001F1021688860BDE8F08100000010014052
:10B7F0000014014010B50146002391F83930122B96
:10B8000001D0322B2CD18868B0F5805F0FD10A6A45
:10B810001088C0F308000C686060086918B9086AED
:10B82000801C086209E0086A401C086205E00C6A96
:10B83000601C086220780C686060C88C401E80B272
:10B84000C88458B90868C06820F080000C68E060BF
:10B850000868C06840F040000C68E060002010BD3F
:10B860000220FCE770B500240F4D1048F9F781FE67
:10B8700000BF03E0641CAC4200D904E00B48F9F7B8
:10B8800074FE0128F6D100BF002403E0641CAC4222
:10B8900000D906E0012206490448F9F79FFF002875
:10B8A000F4D100BF70BD0000FFFF01003008002090
:10B8B0003200002000BFFEE703B401984100009869
:10B8C00050EAC12018BF04204A0D18BF40F0010003
:10B8D00040F2FF72B2EB515F08BF40F00200012856
:10B8E00008BF052002B0704730B52DED048B81B044
:10B8F000B0EE408AF0EE608A6A4651EC180B0FF009
:10B90000FFFD00989FED329B7E300090002821DCE7
:10B9100053EC192B51EC180B37F0ACFA1AD000216C
:10B9200040F608004FF00000044651EC180B37F0C9
:10B93000B3F908EE100A40F6080004EA00014FF0DF
:10B940000000B5EEC08AF1EE10FA04BF0220F5F750
:10B95000E6F82DE00098FF2830DB002108464FF084
:10B96000000000F4400553EC192B51EC180B37F094
:10B970004FFC8CBF002401240220F5F7D0F89FED86
:10B98000168A4DB1002C0CBF4FF400004FF480001C
:10B99000A84218BF9FED118A042108464FF000000D
:10B9A000002C01BFB1EE480A01B0BDEC048B30BDE4
:10B9B000B0EE480A01B0BDEC048B30BD51EC180B61
:10B9C00037F06AF901B000EE100ABDEC048B30BD0F
:10B9D00000000000000000000000807FFFFF7F7F6C
:10B9E00030B540F2FF742DED048BF0EE608A18EE56
:10B9F000901A85B0B0EE408A9FED2B9B05468DEDE9
:10BA0000008B34EA115147D053EC192B51EC180B31
:10BA100037F030FA40D02A4651EC180B37F0A2FE2E
:10BA200041EC180B18EE900A8DED008B34EA1050A3
:10BA30001CD053EC192B51EC180B37F01BFA2BD1FF
:10BA40000220F5F76CF800F093F810EE901A18EE5B
:10BA5000900A8DED020B8DED008B61F31E000390BB
:10BA60009DED020B05B0BDEC048B30BD0220F5F757
:10BA700056F800F06DF810EE901A18EE900A8DED61
:10BA8000020B8DED008B61F31E0003909DED020B08
:10BA900005B0BDEC048B30BD05B0B0EE480AF0EE49
:10BAA000680ABDEC048B30BD0000000000000000FF
:10BAB00000B52DED048BB0EE409AF0EE609A83B0A5
:10BAC00051EC190B37F0E6FB41EC180B18EE100A9D
:10BAD00018EE901A8DED008B002818BF0120084346
:10BAE00020F00040C0F17F6000F1E040C00F14D0B2
:10BAF00019EE101A19EE900A8DED009B002918BF5F
:10BB00000121084320F00040C0F17F6000F1E040D7
:10BB1000C00F04BF0120F5F702F8B0EE480A03B0E9
:10BB2000F0EE680ABDEC048B00BD000008B59FED87
:10BB3000060A0A4601468DED000A6846F5F7ACFA9A
:10BB40009DED000A08BD000000000000000000009C
:10BB50009FED050B10B553EC102B51EC100B37F08B
:10BB600059FA41EC100B10BD0000000000000070FD
:10BB70009FED050B10B553EC102B51EC100B37F06B
:10BB800049FA41EC100B10BD00000000000000104D
:10BB900010B5044691ED000BFFF7A6FE84ED000AF8
:10BBA00010BD10B5044690ED000B0846FFF718FFD6
:10BBB00084ED000B10BD70B50446002508E0216837
:10BBC000481C20600878303805EB850100EB410502
:10BBD0002168087800F004F80028F0D1284670BDEC
:10BBE0000146302903DB392901DC012070470020A0
:10BBF000FCE730380A2801D2012070470020704746
:10BC000010B54021074801F097FB00221E2106488D
:10BC100029F080FA0549086002F0BCFE00200449C2
:10BC2000087010BD640C002061EA000818020020B2
:10BC30001402002030B50346B1F90040B2F90050BB
:10BC4000AC4202DDB1F9004001E0B2F900401C80D5
:10BC5000B1F90240B2F90250AC4202DDB1F9024042
:10BC600001E0B2F902405C80B1F90440B2F904503D
:10BC7000AC4202DAB1F9044001E0B2F904409C8020
:10BC8000B1F90640B2F90650AC4202DAB1F9064009
:10BC900001E0B2F90640DC800120B3F90040B3F9BD
:10BCA0000450AC4205DCB3F90240B3F90650AC4293
:10BCB00000DD002030BDF8B504460D4616460027CD
:10BCC000B4F90000B5F90010884212DBB4F90200A3
:10BCD000B5F9021088420CDBB4F90400B5F9041080
:10BCE000884206DCB4F90600B5F90610884200DC8B
:10BCF00001270FB90020F8BD0EB90120FBE720880D
:10BD0000ADF800006088ADF802003246694628466A
:10BD100000F0A7F808B90020EDE7A088ADF8000012
:10BD20006088ADF8020032466946284600F099F86E
:10BD300008B90020DFE72088ADF80000E088ADF802
:10BD4000020032466946284600F08BF808B9002008
:10BD5000D1E7A088ADF80000E088ADF802003246D7
:10BD60006946284600F07DF808B90020C3E70120A5
:10BD7000C1E70246B2F90000B1F90430984213DC81
:10BD8000B2F90400B1F9003098420DDBB2F90200BB
:10BD9000B1F90630984207DCB2F90600B1F9023079
:10BDA000984201DB012070470020FCE7F8B504460B
:10BDB0000D461646B4F90400B5F90010884211DBAF
:10BDC000B4F90600B5F9021088420BDBB4F90000A3
:10BDD000B5F90410884205DCB4F90200B5F9061083
:10BDE000884201DD0120F8BD0EB90020FBE7208864
:10BDF000ADF800006088ADF802003246694628467A
:10BE000000F02FF808B10020EDE7A088ADF80000A1
:10BE10006088ADF8020032466946284600F021F8F5
:10BE200008B10020DFE72088ADF80000E088ADF819
:10BE3000020032466946284600F013F808B1002097
:10BE4000D1E7A088ADF80000E088ADF802003246E6
:10BE50006946284600F005F808B10020C3E7012034
:10BE6000C1E72DE9FC5F05460E4614464FF0000A77
:10BE7000B6F90000B5F90010884213DBB6F90000EE
:10BE8000B5F9041088420DDCB6F90200B5F90210CC
:10BE9000884207DBB6F90200B5F90610884201DCDA
:10BEA0004FF0010ABAF1000F02D10020BDE8FC9F5B
:10BEB000002C01DC0120F9E7284614F00EFB834634
:10BEC00000EBDB704710284614F078FA834600EB4D
:10BED000DB704FEA6008474501DA384600E040462B
:10BEE00081464C4500DD4C462888ADF80000288886
:10BEF000204400B2ADF804006888ADF802006888FC
:10BF0000204400B2ADF80600002231466846FFF733
:10BF1000A8FF80B1BDF80400204400B2ADF80400D1
:10BF2000BDF80600204400B2ADF806003146684670
:10BF300025F03AFBBAE7E888001B00B2ADF8020032
:10BF4000E888ADF80600002231466846FFF789FF11
:10BF500080B1BDF80400204400B2ADF80400BDF883
:10BF60000200001B00B2ADF802003146684625F021
:10BF70001BFB9BE7A888001B00B2ADF80000A88857
:10BF8000ADF80400002231466846FFF76AFF80B131
:10BF9000BDF80000001B00B2ADF80000BDF80200C3
:10BFA000001B00B2ADF802003146684625F0FCFAED
:10BFB0007CE76888ADF802006888204400B2ADF8DC
:10BFC0000600002231466846FFF74BFF80B1BDF8FE
:10BFD0000000001B00B2ADF80000BDF806002044D0
:10BFE00000B2ADF806003146684625F0DDFA5DE79F
:10BFF00001205BE710B5B1F90030B2F90040A3426F
:10C0000002DAB1F9003001E0B2F900300380B1F991
:10C010000230B2F90240A34202DAB1F9023001E083
:10C02000B2F902304380B1F90430B2F90440A342BE
:10C0300002DDB1F9043001E0B2F904308380B1F9D6
:10C040000630B2F90640A34202DDB1F9063001E044
:10C05000B2F90630C38010BD2DE9FF47064628F02F
:10C06000FAFF8146002003901EB19B49F0680860EA
:10C0700003E017F0E5F998490860974909680869ED
:10C0800025F0F0F994480068406920B192490968A8
:10C09000486925F0E7F990490968C86925F0E2F98F
:10C0A0008D490968086A25F0DDF98B480068006948
:10C0B00040B9002088490968A1F8500100BF00BFBD
:10C0C000BDE8FF8725F06CFD25F0B2FC82480068D2
:10C0D000B0F8500100284BD07F4800680068007C11
:10C0E000C0F34000E8B17C48006817F027FA401E12
:10C0F00004B27948006817F0BBF9401E07B23B460E
:10C100000022114601A8009414F02CFA01A87249EB
:10C1100009680968896B48606F48006806F0EAFBA7
:10C1200000BF4FF480716C48006830301FF02DFA6A
:10C1300020216948006800F598701FF026FA002059
:10C1400065490968A1F85001484628F077FF039037
:10C15000614800680068406A50B15F490968086832
:10C160005D49096809684B6A5C490A680399984700
:10C170001EF042FF00F0F6F800F0BEF8584845699E
:10C18000002D53D100BF17F05BF9074617F08BF96C
:10C1900004461DF0E7FB054600227F21284624F0D7
:10C1A00026FF00BF00221146104616F0C7FA019084
:10C1B000BDF804100846002201460290284624F0EB
:10C1C000F9FE00BFFF221146104616F0B7FA0190A3
:10C1D000BDF804100846002201460290284625F0CA
:10C1E000B6F800220321284625F046F80022032154
:10C1F000284625F000F800220321284625F015F8EE
:10C2000000220321284625F01DF80022032128469C
:10C2100025F090F833A128461EF0ACFB00231A4607
:10C22000062128461FF04AFE2D4845612C49086822
:10C2300028F004FFB0F5967F10D22848006841F23C
:10C240008831884245D926484068039908442449E2
:10C25000486008468068401C88603AE028F0FBFE91
:10C260001F4908601C480068406800684FF47A71F4
:10C27000B1FBF0F71A48406810B90120184948602E
:10C280001748806808B93C4608E0154880684FF4B4
:10C290007A71484312494968B0FBF1F40020104913
:10C2A00048608860BC4200D93C460D480069204483
:10C2B0000B4908610846C068401CC86028F098FF18
:10C2C000C0F164084346224607A128461EF0AAFB97
:10C2D00000BF00BFF4E60000D0000020CC0000202A
:10C2E000D00A00203F0000002575204650530A2543
:10C2F000752525204350550010B5002416E0C4EBE9
:10C30000C4000C4951F8200030B1C4EBC401094A03
:10C3100052F821001EF022FFC4EBC401054A02EBD3
:10C3200081001C211FF031F9601CC4B2042CE6DB33
:10C3300010BD0000400D00200146094A10680BE0C6
:10C3400042688A4202D002688A4204D1027E22F008
:10C350000102521C027640690028F1D170470000AA
:10C36000A40000207047000010B50421014800F02F
:10C37000E3FF10BD580C002010B51C21014800F04F
:10C38000DBFF10BD700C00202DE9FF4F8BB0044681
:10C390009A46199DBAF1000F11D11898B0F5807F17
:10C3A0000DD10020208060800C98401E00B2A0803B
:10C3B0000D98401E00B2E0800FB0BDE8F08FB5F9D7
:10C3C00000004042189948430121C1EB202000B2EF
:10C3D0002080B5F902004042189948430121C1EB81
:10C3E000202000B26080B5F900100C98401A18990E
:10C3F0004843022101EB202000B2A080B5F90210D1
:10C400000D98401A18994843022101EB202000B2F0
:10C41000E080BAF1000F14D120882988084400B2C6
:10C42000208060886988084400B26080A0882988DC
:10C43000084400B2A080E0886988084400B2E08027
:10C44000BAE70A209AFBF0F00A900A98401C09907B
:10C450000A9800EB8000AAEB400B0A9800B229F082
:10C46000FDF80890099800B229F0F8F807900A98AA
:10C470005A3000B229F0F2F8069009985A3000B20A
:10C4800029F0ECF80590CBF10A0108984143079890
:10C4900000FB0B100A2190FBF1F6CBF10A01069884
:10C4A0004143059800FB0B100A2190FBF1F7761130
:10C4B0007F11B4F90080B4F9029007FB08F006FB85
:10C4C0001900298801EBA02000B2ADF8100006FB8E
:10C4D00008F007FB0900698801EBA02000B2ADF865
:10C4E0001200B4F90480B4F9029007FB08F006FBCF
:10C4F0001900298801EBA02000B2ADF80C0006FB62
:10C5000008F007FB0900698801EBA02000B2ADF834
:10C510000E00B4F90080B4F9069007FB08F006FBA2
:10C520001900298801EBA02000B2ADF8080006FB35
:10C5300008F007FB0900698801EBA02000B2ADF804
:10C540000A00B4F90480B4F9069007FB08F006FB72
:10C550001900298801EBA02000B2ADF8040006FB09
:10C5600008F007FB0900698801EBA02000B2ADF8D4
:10C570000600BDF90800BDF91010884202DABDF9C5
:10C58000080001E0BDF91000BDF90410BDF90C2050
:10C59000914202DABDF9041001E0BDF90C108842A5
:10C5A0000BDABDF90800BDF91010884202DABDF9B6
:10C5B00008000DE0BDF910000AE0BDF90400BDF966
:10C5C0000C10884202DABDF9040001E0BDF90C004C
:10C5D0002080BDF90800BDF91010884202DDBDF9C8
:10C5E000080001E0BDF91000BDF90410BDF90C20F0
:10C5F000914202DDBDF9041001E0BDF90C10884242
:10C600000BDDBDF90800BDF91010884202DDBDF94F
:10C6100008000DE0BDF910000AE0BDF90400BDF905
:10C620000C10884202DDBDF9040001E0BDF90C00E8
:10C63000A080BDF90A00BDF91210884202DABDF9E6
:10C640000A0001E0BDF91200BDF90610BDF90E2087
:10C65000914202DABDF9061001E0BDF90E108842E0
:10C660000BDABDF90A00BDF91210884202DABDF9F1
:10C670000A000DE0BDF912000AE0BDF90600BDF99F
:10C680000E10884202DABDF9060001E0BDF90E0085
:10C690006080BDF90A00BDF91210884202DDBDF9C3
:10C6A0000A0001E0BDF91200BDF90610BDF90E2027
:10C6B000914202DDBDF9061001E0BDF90E1088427D
:10C6C0000BDDBDF90A00BDF91210884202DDBDF98B
:10C6D0000A000DE0BDF912000AE0BDF90600BDF93F
:10C6E0000E10884202DDBDF9060001E0BDF90E0022
:10C6F000E08000BF60E62DE9F74F86B00446206871
:10C700000590B4F908100798A0EB0108B4F90A10D5
:10C710000898A0EB0109E089B0F5807F13D1206B68
:10C7200000FB08F0E16A01FB1901606A00EBA10B54
:10C73000E06A00FB08F0216B01FB0901A06A00EB35
:10C74000A10004902FE0A08980B9A06B00FB08F045
:10C750004FEA6018A06B00FB09F04FEA6019606AAD
:10C7600000EB080BA06A484404901CE0A06B00FB9F
:10C7700008F04FEA6018A06B00FB09F04FEA60195F
:10C78000206B00FB08F0E16A01FB1901606A00EB15
:10C79000A12BE06A00FB08F0216B01FB0901A06AF4
:10C7A00000EBA12004904FEA2B2604980712B4F95D
:10C7B0000400B04203DC002009B0BDE8F08F002E79
:10C7C00001DA0020F8E7B4F90600B84201DC0020E5
:10C7D000F2E7002F01DA0020EEE73420005DC0F31D
:10C7E000800050B33420005DC0F3400078B90225CA
:10C7F000B4F904007843684306FB050A059800EB8A
:10C800000A012A4604F114001EF06DFE2CE00325F7
:10C81000B4F904007843684306FB050A6A1E0598CC
:10C8200000EB0A0104F114001EF05DFE0AEB0500A6
:10C83000401E0599095CA17516E04FF0000A00251D
:10C84000208A03463AB231B2019004F118001BF07D
:10C8500035FB0290BDF80800A0823AB231B204F173
:10C8600018001BF08BFAA0753420005D00F0010069
:10C87000B0B14FF47F40002100F47C4241EA5211F4
:10C88000C0F3C40211430191BDF804201146029186
:10C89000A08ABDF80810884201D100208CE700BFB3
:10C8A000E07C08B9012087E70FFA8BF1A187049893
:10C8B00001B2E18731B24020015339B24220015325
:10C8C000C4F844A084F84850204600F003F80390D0
:10C8D000039871E72DE9F04F8DB00446D4F800902D
:10C8E00094F83C000C9094F83E000B900C98702843
:10C8F0000BDA4FF0FF35B4F940002844002800DA85
:10C9000000250C988030C7B213E00C9890280EDDFB
:10C910000125B4F940002844B4F90410884200DB32
:10C9200000250C98C0F1FF008030C7B201E000255F
:10C93000FF270B9870280CDA4FF0FF36B4F942004D
:10C940003044002800DA00260B98803000F0FF0801
:10C9500015E00B9890280FDD0126B4F94200304411
:10C96000B4F90610884200DB00260B98C0F1FF00E6
:10C97000803000F0FF0802E000264FF0FF08A08A98
:10C980000A90A07D0690002005900490039034202A
:10C99000005DC0F3800000285BD094F84800626C12
:10C9A00000FB052000EB0901022209A81EF09BFDF7
:10C9B000A28894F8480012FB00F2606C02FB0600AB
:10C9C00000EB0901022208A81EF08DFDA28894F850
:10C9D000480012FB00F2606C02FB060294F848006B
:10C9E00000FB052000EB0901022207A81EF07BFDD9
:10C9F0003420005DC0F3400000287ED094F8480049
:10CA0000616C00FB05110844401E19F800000590F8
:10CA1000A18894F8480011FB00F1606C01FB06014D
:10CA200094F848000844401E19F800000490A188BA
:10CA300094F8480011FB00F1606C01FB060194F8CA
:10CA4000480000FB05110844401E19F8000003903F
:10CA500053E0208A0090B4F942204020005B284433
:10CA600001B204F11800009B1BF028FA0990208AFB
:10CA700000904220005B304402B2B4F9401004F14F
:10CA80001800009B1BF01AFA0890208A00904220A0
:10CA9000005B304402B24020005B284401B204F144
:10CAA0001800009B1BF00AFA07903420005DC0F3C9
:10CAB000400010B3B4F942204020005B284401B28A
:10CAC00004F118001BF05AF905904220005B304435
:10CAD00002B2B4F9401004F118001BF04FF90490B1
:10CAE0004220005B304402B24020005B284401B287
:10CAF00004F118001BF042F90390BA46BB463420FB
:10CB0000005DC0F34000E0B306987843C7F1FF0C26
:10CB1000059B03FB0C00C0F3072104987843C7F181
:10CB2000FF0C039B03FB0C00C0F3072201FB08F082
:10CB3000C8F1FF0302FB0300030AA375022905DC09
:10CB4000022A03DC00200DB0BDE8F08F022901DCD1
:10CB50004FF00008022A01DC4FF0FF080698022877
:10CB600001DC4FF0000A0598022801DC4FF0FF0AB3
:10CB70000498022801DC4FF0000B0398022803DC24
:10CB800000E002E04FF0FF0B03E0BA46BB46FF2196
:10CB9000A175BAF1000F02D1099802900BE0BAF129
:10CBA000FF0F02D10A98029005E05246DDE9091014
:10CBB00015F0D6FE0290BBF1000F02D1079801904C
:10CBC0000BE0BBF1FF0F02D10898019005E05A4637
:10CBD000DDE9071015F0C4FE0190B8F1000F03D194
:10CBE000BDF80400A0820FE0B8F1FF0F03D1BDF83B
:10CBF0000800A08208E04246DDE9011015F0B0FE11
:10CC00000090BDF80000A08201209CE72DE9F05FB4
:10CC10000446B4F9080001026162B4F90A00010295
:10CC2000A162B4F90C000A2190FBF1F56F1CB4F974
:10CC30000C0005EB8501A0EB4106684200B228F02C
:10CC40000DFD8046784200B228F008FD8146C5F10E
:10CC50005A0000B228F002FD8246C7F15A0000B225
:10CC600028F0FCFC8346C6F10A0000FB08F009FB33
:10CC700006000A2190FBF1F1E162C6F10A0000FB17
:10CC80000AF00BFB06000A2190FBF1F12163E06A38
:10CC90004111E162206B41112163A07C1BF01DFA60
:10CCA0003421095D60F3000134200155A07C1BF0A4
:10CCB000F7F93421095D60F3410134200155A07C6E
:10CCC000042805D0A07C052802D0A07C062807D126
:10CCD0003420005D20F00400001D3421085505E0DB
:10CCE0003420005D20F004013420015521682162C8
:10CCF000A06920F0E000A061A17CA06961F30400BC
:10CD0000A061A188A06961F39420A061E188A06975
:10CD100061F35F50A061E08900EBD071491001F52B
:10CD2000001191FBF0F2A263FF21A175208AA0827D
:10CD3000BDE8F09F2DE9F743054616460024134C45
:10CD400028F089F98046334629462046019A1BF08F
:10CD500073FE07465FB900BF00BF2C2120461EF0BE
:10CD600014FC4FF00040A0620020BDE8FE830020CC
:10CD7000A062E06918B9404628F060F9E061E06916
:10CD800008B90120E0612046EFE70000940C002084
:10CD900010B51421114800F0CFFA1BF0FFFD044636
:10CDA00000BF1CB900BF00BF00BFFEE700BF14B941
:10CDB00000BF00BF10BD0A4920461BF0D7FE09493D
:10CDC00020461BF0D5FE084920461BF0D3FE07493C
:10CDD00020461BF0C9FE00BFECE700007C0C0020E1
:10CDE000B98102088D860208A9880208818102089B
:10CDF00070B504460D46102128461EF0C6FB20687B
:10CE00000078012804D1208A2880608A68800CE09C
:10CE100020680078022802D1E068686005E0206898
:10CE20000078042801D10A2068602068406820B199
:10CE3000206829464268904701E000BF00BF70BDEE
:10CE40002DE9FE430446A66AEEB9A18A208A084469
:10CE500001B2A182E18A608A084401B2E1822046DF
:10CE60000DF081FC06460EB9BDE8FE83204610F0A9
:10CE70006DFE0022092130461AF0D8F86078C0F320
:10CE8000400000B1F0E7208A10B9608A002870D015
:10CE900000200290019094F83C0000F00F0003285D
:10CEA00012D1304620F08AFC0746304620F00EFCB6
:10CEB000804603200090B4F910103B4642463046AD
:10CEC0000CF02CFD029012E0304620F0F9FC0746F1
:10CED000304620F06DFB80460C200090B4F9121013
:10CEE00043463A4630460CF019FD019000BF3046EB
:10CEF00020F0BEFB054605F0010028B9BDF9080089
:10CF0000002801DD0020029005F0020028B9BDF9DB
:10CF10000800002801DA0020029005F0040028B97A
:10CF2000BDF90400002801DD0020019005F0080093
:10CF300028B9BDF90400002801DA0020019001AAF7
:10CF400002A920462DF04EFA0023BDF90420BDF9B8
:10CF50000810304623F0DEFBA08ABDF80810084414
:10CF600001B2A182E08ABDF80410084401B2E18256
:10CF700000BF00BF78E72DE9F84F0446D4F828B089
:10CF8000BBF1000F01D1BDE8F88F94F83C0000F030
:10CF90000F0000B9F7E71CF0D1F806463068477E6D
:10CFA0004021584622F094F810B900216183218372
:10CFB000584620F071FC8046584620F077FC054624
:10CFC00094F83C0000F00F000C2843D1002121838D
:10CFD0001DBBB4F91A00C7F164014843642190FBFA
:10CFE000F1F001B26183584620F0E2FA81465846DA
:10CFF00020F066FC82460C200090B4F91A104B46D3
:10D00000524658460CF08AFC6083B4F91A2000237B
:10D010001946584623F07EFB69E020462DF039FA88
:10D020000090002161836A4620462DF0DBF9BDF9AE
:10D03000003041F6FF72514258460DF03DFD8146E9
:10D04000BDF80000484402B201230021584623F0F5
:10D0500061FB4CE094F83C0000F00F00032846D13F
:10D0600000216183B8F1000F23D1B4F91800C7F192
:10D0700064014843642190FBF1F001B221835846DA
:10D0800020F024FB8146584620F098FB824603207E
:10D090000090B4F9181053464A4658460CF03EFC2E
:10D0A0002083B4F9181000231A46584623F032FBA7
:10D0B0001DE020462DF0D2F90090002121830022AE
:10D0C000694620462DF08EF9BDF9003041F6FF7219
:10D0D000514258460DF056FC8146BDF800004844C8
:10D0E00001B201230022584623F014FB00BF208B1D
:10D0F000002860D1608B00285DD11DBB584620F010
:10D10000DFFB8146584620F053FA8246B9F1000F02
:10D1100002DCBAF1000F14DDB9F1000F06DA0123C9
:10D120004A460021584623F0F5FA0AE0BAF1000F0A
:10D1300007DA0123CAF1000002B20021584623F0A9
:10D14000E9FA00BFB8F1000F23D1584620F0BEFA2B
:10D150008146584620F032FB8246B9F1000F02DCCE
:10D16000BAF1000F14DDB9F1000F06DA0123002235
:10D170004946584623F0CEFA0AE0BAF1000F07DA22
:10D1800001230022CAF1000001B2584623F0C2FA7E
:10D1900000BF32460A21584619F048FF6078C0F3B4
:10D1A000400000B1EFE694F83C0020F00F0184F855
:10D1B0003C100021A16200BFE5E62DE9FF410446D5
:10D1C0000F4614B916F03CF904460CB9BDE8FF81CE
:10D1D0001FB90020A4F85001F8E70020ADF80800BE
:10D1E000ADF80A00204616F043F9401E00B2ADF833
:10D1F0000C00204616F0A2F9401E00B2ADF80E0059
:10D2000002AA39466846FEF715FD064606B9DDE76F
:10D210002068007CC0F3400060B10298206303984E
:10D2200060630120A4F85001606810B1606828F0C4
:10D230009BF8CBE72068806918B12068694682694D
:10D24000904700250BE004F1300000EBC5010022FF
:10D250006846FEF730FD00B1B8E7681C85B2B4F847
:10D260005001A842EFDCB4F85001202809DAB4F8E4
:10D27000502104F1300101EBC200694613F007F8B8
:10D280000BE00020A4F85001B4F8502104F1300163
:10D2900001EBC20002A912F0FAFFB4F85001401CE1
:10D2A000A4F85001606810B1606828F05DF800BF14
:10D2B0008CE770B50546284600F013F804460026B2
:10D2C0000CE02146284600F024F806462146284670
:10D2D00000F086F820461DF041FF3446002CF0D1C6
:10D2E00070BD014609B9002070474868FCE770B579
:10D2F000064600243046FFF7F4FF054605E0641CAF
:10D300002946304600F005F80546002DF7D12046A5
:10D3100070BD02460B461068001D03441868704734
:10D3200002460B461068034418687047014609B965
:10D33000002070478868FCE7002242608260CA1CB7
:10D3400022F003010160704770B50446216801F1C5
:10D3500008001DF035FE0546A5B1002229462046ED
:10D3600029F084FF29462046626829F071FF606831
:10D3700020B12A462046616829F078FF6560A068E0
:10D3800000B9A560284670BD70B50446216801F15A
:10D3900008001DF015FE0546A5B1002229462046CD
:10D3A00029F056FF29462046A26829F05FFFA068B1
:10D3B00020B12A462046A16829F04AFFA56060688E
:10D3C00000B96560284670BD014609B90120704763
:10D3D000486818B9886808B90120F8E70020F6E71E
:10D3E0002DE9F04104460D460CB9BDE8F081204618
:10D3F000FFF777FFA8420FD129462046FFF789FFA4
:10D400006060606810B90020A0602FE00022204614
:10D41000616829F02BFF29E02046FFF787FFA8422B
:10D420000FD129462046FFF77BFFA060A06810B906
:10D43000002060601AE000222046A16829F008FF61
:10D4400014E029462046FFF76BFF06462946204692
:10D45000FFF75FFF07463A463146204629F0F8FEBF
:10D4600032463946204629F001FF00BF00BFBCE725
:10D4700010B504462068806818B12068214682688B
:10D4800090472068006828B1206800682060204626
:10D49000FFF7EEFF10BD0146886818B18868B0F943
:10D4A000160070470020FCE72DE9F04F93B00546C9
:10D4B0008B4691469A461C9E688C20F00400001D05
:10D4C0006884A5F8209032895946284621F07CFBD3
:10D4D0001290A5F820A032895946284621F074FB05
:10D4E0001190688C20F004006884DDE911108842F6
:10D4F0000CD1DDE91110884208D1BDF84800BDF813
:10D500004410884202D113B0BDE8F08FA5F82090F6
:10D5100032895946284621F057FB1290A5F820A0E1
:10D52000594628460FF00BF910903189109A10686F
:10D53000129A26F0CEF83089602833D147F6FF7171
:10D540001298884202D0119888422BD1284621F0A7
:10D5500062FD0F9000EBD0704710284621F05BFD74
:10D560000F9000EBD0704FEA600847F6FF711298F9
:10D57000884208D1781C08F10101884200DA01E0F4
:10D5800008F10100129047F6FF711198884208D106
:10D59000781C08F10101884200DA01E008F101007D
:10D5A000119000BF2448FFF7CFFE044600BF1CB90E
:10D5B00000BF00BF00BFFEE700BF04B9A3E7129899
:10D5C000E06011982061ACB325603089A080C4F878
:10D5D00008B0684612F022F82146684612F0D1F8E9
:10D5E0001649684612F09DF81548029000BF15498B
:10D5F000684612F0A4F8FF220021684612F0B1F844
:10D600003188684612F0A3F87188684612F084F8F1
:10D61000F068069000BF6846002190F83E2061F354
:10D62000000280F83E2000BF30690590684612F085
:10D63000BFF800BF00BF66E7880C002065E3030861
:10D6400011E6030841E5030810B514210148FFF76E
:10D6500073FE10BD880C00202DE9FE4F04460F46D6
:10D6600090464FF0000900256BE1E06800EBC50033
:10D670004068C0F3406000B162E1E16801EBC501C0
:10D68000496821F07F4023F0E9FE064626EA0700BC
:10D6900008B9012000E00020029026EA080008B93D
:10D6A000012000E000200190DDE90101814272D0FB
:10D6B000E06850F835A04FF0000B6A4641F61001C3
:10D6C000504625F09FFC10B14FF0010BA9E06A46CF
:10D6D00041F61101504625F095FC10B14FF0010BB9
:10D6E0009FE06A4641F61201504625F08BFC10B1CE
:10D6F0004FF0010B95E06A4641F61301504625F0C4
:10D7000081FC10B14FF0010B8BE06A4641F6150128
:10D71000504625F077FC10B14FF0010B81E06A46CE
:10D7200041F61401504625F06DFC10B14FF0010B8D
:10D7300077E06A4641F26901504625F063FC10B17A
:10D740004FF0010B6DE06A4643F20C01504625F0A4
:10D7500059FC10B14FF0010B63E06A4643F20D0132
:10D76000504625F04FFC10B14FF0010B59E06A46CE
:10D7700041F20101504625F045FC10B14FF0010B7C
:10D780004FE06A4641F20401504625F03BFC18B1D7
:10D790004FF0010B45E0D2E06A4641F202015046EB
:10D7A00025F030FC10B14FF0010B3AE06A4641F22F
:10D7B0000301504625F026FC10B14FF0010B30E07C
:10D7C0006A4641F20501504625F01CFC10B14FF0AD
:10D7D000010B26E06A4641F20601504625F012FC94
:10D7E00010B14FF0010B1CE06A4641F23201504685
:10D7F00025F008FC10B14FF0010B12E06A4643F629
:10D800000F01504625F0FEFB10B14FF0010B08E070
:10D810006A4643F60E01504625F0F4FB08B14FF07E
:10D82000010BBBF1000F02D00320BDE8FE8F6A465A
:10D8300040F60A01504625F0E5FB10B14FF0020911
:10D840007CE06A4640F60B01504625F0DBFB10B148
:10D850004FF0020972E06A4643F60F01504625F088
:10D86000D1FB10B14FF0020968E06A4643F60E01A1
:10D87000504625F0C7FB10B14FF002095EE06A4642
:10D8800040F63C01504625F0BDFB10B14FF00209B7
:10D8900054E06A4640F63D01504625F0B3FB10B116
:10D8A0004FF002094AE06A4640F63A01504625F038
:10D8B000A9FB10B14FF0020940E06A464FF4046141
:10D8C000504625F09FFB10B14FF0020936E06A4642
:10D8D00040F64501504625F095FB10B14FF0020986
:10D8E0002CE06A4640F64101504625F08BFB10B112
:10D8F0004FF0020922E06A4640F64201504625F008
:10D9000081FB10B14FF0020918E06A4640F643016E
:10D91000504625F077FB10B14FF002090EE06A4641
:10D9200040F64901504625F06DFB10B14FF0020959
:10D9300004E0B9F1000F01D14FF0010900BF00BFB1
:10D940006D1C608CC0F3C500A8423FF68EAE484601
:10D950006BE700000148006870470000D00000201D
:10D9600010B502482AF0D3F910BD0000D00A0020FB
:10D970000146C1F30412072A00DD0722D0B2704726
:10D9800010B518210348FFF7D7FC012027F0FEFB54
:10D9900010BD0000340C00202DE9F04105460F4673
:10D9A00016460DB9BDE8F0812846F2F754FF8046CF
:10D9B000394628460A4A126890470746E819314610
:10D9C000074A1268904706463C4603E0A019285CC7
:10D9D0002855641CA8EB0600A042F7D200BFE1E77F
:10D9E000640200202DE9F04106460C4617461D460C
:10D9F00029463046084A126890472060206830B1B6
:10DA0000296888190021044A1268904700E0002024
:10DA10003860BDE8F08100005C0200202DE9F04F85
:10DA200087B004460F4692469846DDE910560DB180
:10DA3000002028801CB9002007B0BDE8F08F2078B6
:10DA400008B90020F8E70FB90020F5E74FF000090A
:10DA500006F0020010B906F0040098B1002000E0C2
:10DA6000401C215C0A2905D0215C0D2902D0215CD3
:10DA70000029F5D1215C01B1401C15B14FF0FF31F7
:10DA80002980D9E706F0020008B141F6FF780020AE
:10DA90000690059038E000200490059808B9012010
:10DAA00000E0002006A904AACDE90062CDE9021039
:10DAB0000599601843465246394627F007FE8346CB
:10DAC0000498A8EB00000FFA80F8049848440FFA75
:10DAD00080F9BBF1000F00D11CE005985844059077
:10DAE00020780A2802D020780D2800D112E005986D
:10DAF000205C0A2803D00598205C0D2803D10598E6
:10DB0000401C059006E000BF0598205C10B1B8F1FC
:10DB1000000FC0DC00BF059870B905A92046094A6E
:10DB200012689047834635B100225946384619F0AD
:10DB3000BEFB0FFA80F900BF0DB1A5F80090059863
:10DB40007AE700005C0200202DE9F047064688468F
:10DB5000174606B10FB9BDE8F0873046F2F77BFEF5
:10DB600081463846F2F777FE044604B9F3E704EB42
:10DB7000090A414630460B4A12689047804655468E
:10DB800003E0281B305C70556D1E08EB0400A842B2
:10DB9000F7D906EB0800224639461DF0B0FC00BF5D
:10DBA000D9E7000064020020024600200FA31B7882
:10DBB0008B4211D113781BB90123137001200BE0A4
:10DBC0001378012B02D10023137005E01378022B88
:10DBD00002D10023137001201378012B04D12029D6
:10DBE00001D10223137001207047000023000000C0
:10DBF00073B582B00646039801903246002108466C
:10DC0000019B28F07FF80546002001900024681C45
:10DC10001DF0D6F9044600BF1CB900BF00BF00BF0D
:10DC2000FEE700BF14B9002004B070BD00206055AD
:10DC30003246691C2046039B28F064F82046F3E72F
:10DC40002DE9F04781460E4614461F46DDF820A018
:10DC500035461BE0600800FB075529464846D0477B
:10DC6000B0F1000809DD04F0010080F00100C0EB14
:10DC70005404E8190546064608E0B8F1000F02DA38
:10DC80006408354602E02846BDE8F087002CE1D163
:10DC90000020F9E72DE9FF4F85B08346DDE9158ABD
:10DCA000DDE91349DDE91775129E05F00200F8B9A8
:10DCB0004FB105F0010030B1B9F1000F02D105F00C
:10DCC0000C0000B17F1E03E030222046641C325459
:10DCD000544501D2202CF7D303E030222046641CA7
:10DCE000325405F0010018B1BC4201D2202CF4D30B
:10DCF00005F01000B0B305F4806050B94CB1544544
:10DD000001D0BC4205D1641E1CB1B8F1100F00D186
:10DD1000641EB8F1100F09D105F0200030B9202C95
:10DD200004D278222046641C325415E0B8F1100F5A
:10DD300009D105F0200030B1202C04D25822204611
:10DD4000641C325408E0B8F1020F05D1202C03D234
:10DD500062222046641C3254202C03D230222046FA
:10DD6000641C3254202C16D2B9F1000F04D02D229D
:10DD70002046641C32540EE005F0040020B12B2232
:10DD80002046641C325406E005F0080018B1202239
:10DD90002046641C3254CDE90275CDE90064584632
:10DDA00006A90EC900F0A2F809B0BDE8F08F2DE970
:10DDB000FF4F8FB08046DDE91FABDDE91D96219D49
:10DDC0001C9C00270CB925F0100505F4806000B1FB
:10DDD000E4B100BFB4FBF6F106FB1141C8B20A285A
:10DDE00002DA00F1300107E005F0200109B141211C
:10DDF00000E0612101440A39CBB239467F1C07AAF1
:10DE00005354B4FBF6F40CB1202FE3D307A8CDE9AB
:10DE100004AB8DE8810203960695404610A90EC911
:10DE2000FFF738FF13B0BDE8F08F2DE9FF4F8FB03B
:10DE3000DDE9217BDDF89080209EDDE91C454FF077
:10DE40000009002184EA01006940084301D128F05B
:10DE5000100808F4806028B1002184EA01006940BC
:10DE600008432DD000BF32463B4620462946F2F7F4
:10DE7000B1FA02F0FF0ABAF10A0F02DA0AF1300031
:10DE800007E008F0200008B1412000E06120504484
:10DE90000A38C2B2484609F1010907A90A543246B4
:10DEA0003B4620462946F2F795FA04460D460021E6
:10DEB00084EA01006940084302D0B9F1200FD2D3AF
:10DEC0002398CDE9036BCDE9050807A91E98CDE994
:10DED000001902900FA80FC8FFF7DCFE13B0BDE8D1
:10DEE000F08F9A4200D28854704770472DE9FF5F47
:10DEF00005461446DDE90EA6DDE91087A34607F0C6
:10DF0000020078B907F0010060B9B14607E0224687
:10DF1000641C2020039B0199A84709F10109C14510
:10DF2000F5D300BF08E02246641C711E0E461AF8A5
:10DF30000100039B0199A847002EF4D107F00200CD
:10DF400050B105E02246641C2020039B0199A8479C
:10DF5000A4EB0B004045F5D3204604B0BDE8F09F8C
:10DF600000BF70472DE9FF4F8BB0074600250C9886
:10DF700000B9FA4FEAE20E98007825280AD02A461E
:10DF80006D1C0E990878DDE90C13B8470E98401CFB
:10DF90000E90DBE20E98401C0E90002400BF0E98FD
:10DFA00000782B2819D004DC20281ED023282CD15F
:10DFB00023E02D2809D0302827D144F001040E9801
:10DFC000401C0E9001200A9022E044F002040E98BA
:10DFD000401C0E9001200A901AE044F004040E98B0
:10DFE000401C0E9001200A9012E044F008040E98A4
:10DFF000401C0E9001200A900AE044F010040E9894
:10E00000401C0E9001200A9002E000200A9000BF00
:10E0100000BF0A980028C2D180460E990878FDF703
:10E02000DFFD20B10EA8FDF7C6FD804612E00E9878
:10E0300000782A280ED1189901C91891002804DA0D
:10E0400044F00204C0F1000800E080460E99491C2B
:10E050000E9100BF4FF000090E9800782E281FD1B6
:10E0600044F480640E98401C0E900E990878FDF7D9
:10E07000B7FD20B10EA8FDF79EFD814610E00E9879
:10E0800000782A280CD1189901C91891002801DDBF
:10E09000014600E0002189460E99491C0E9100BFFF
:10E0A0000E9800786C280AD004DC682816D06A28FC
:10E0B00035D128E0742820D07A2830D129E044F4E2
:10E0C00080740E98401C0E900E9800786C2804D135
:10E0D00044F400740E98401C0E9021E044F080043B
:10E0E0000E98401C0E900E980078682804D144F0D9
:10E0F00040040E98401C0E9012E044F480740E9878
:10E10000401C0E900CE044F400740E98401C0E90DD
:10E1100006E044F480740E98401C0E9000E000BFAE
:10E1200000BF0E98007869281DD00EDC622821D02F
:10E1300006DC25287ED050281AD058287BD115E03F
:10E14000632879D06428F9D10CE0732875D004DCF9
:10E150006F280ED07028F1D109E0752804D07828F6
:10E16000ECD102E000BF00BF00BF00BF00BF00BF96
:10E1700000BF00BF0E980078782803D00E98007872
:10E18000582801D1102623E00E980078702803D07B
:10E190000E98007850280CD1102644F0100444F456
:10E1A00080740E984078562812D10E98401C0E901C
:10E1B0000EE00E9800786F2801D1082608E00E982E
:10E1C0000078622801D1022602E00A2624F0100419
:10E1D0000E980078582803D00E980078502801D166
:10E1E00044F020040E980078692805D00E98007835
:10E1F000642801D024F00C0404F4806008B124F0F9
:10E2000001040E980078692803D00E9800786428DD
:10E210007CD104F40070B8B31898C01D20F007003A
:10E220001890D0E900AB189A083218920020CDE976
:10E23000069803E073E17CE1F2E01CE1CDE90460C3
:10E240000894BAEB00017BEB000001DA012000E04A
:10E250000020002102900846B1EB0A0170EB0B0090
:10E2600002DA5046594605E000200146B0EB0A00AC
:10E2700061EB0B01CDE900012A463846DDE90C13BC
:10E28000FFF7D3FD0546C7E0FFE704F48070D0B187
:10E29000189850F804AB18904FEADA70CDE903985B
:10E2A00002960594BAF1000F01DD514601E0CAF172
:10E2B0000001CDE900102A463846DDE90C13FFF7CE
:10E2C00076FD0546A8E004F0400028B1189810F843
:10E2D000041B1890C8B20DE004F0800028B1189813
:10E2E00030F8041B189008B204E0189800681899D8
:10E2F000091D189182464FEADA70CDE9039802961B
:10E300000594BAF1000F02DD514602E00BE0CAF1BC
:10E310000001CDE900102A463846DDE90C13FFF76D
:10E3200046FD054678E00E980078562818D11898D2
:10E3300050F804AB1890DAF80400006809900998C6
:10E340000090DAF800300D98421B0C9841193846BD
:10E35000FFF708FE0544002009905DE0EBDE0008B1
:10E3600004F40070D0B11898C01D20F00700CDE96A
:10E370000698089418900020CDE90460029018993E
:10E3800003C9189A08321892CDE900012A46384686
:10E39000DDE90C13FFF749FD05463DE004F480700C
:10E3A00098B10022CDE90398029605941898006868
:10E3B0001899091DCDE9000218912A463846DDE971
:10E3C0000C13FFF7F4FC054626E004F0400028B1EA
:10E3D000189810F8041B1890C8B20DE004F08000E3
:10E3E00028B1189830F8041B189088B204E01898E7
:10E3F00000681899091D189182460020CDE900A0F7
:10E40000CDE90398029605942A463846DDE90C13B7
:10E41000FFF7CDFC054600BF0E98401C0E9093E020
:10E42000012604F0020050B905E02A466D1C2020A8
:10E43000DDE90C13B8473046761C4045F5D31899F2
:10E4400011F8043BD8B22A466D1C1891DDE90C1373
:10E45000B84704F0020050B105E02A466D1C2020A8
:10E46000DDE90C13B8473046761C4045F5D30E98CD
:10E47000401C0E9068E0189850F804AB1890504675
:10E48000B9F1000F01D0494601E04FF0FF310A46D3
:10E49000014600E0491C0B781BB1131EA2F10102DA
:10E4A000F8D10E1A04F4806028B14E4501D23046EE
:10E4B00000E04846064604F0020050B905E02A464E
:10E4C0006D1C2020DDE90C13B8473046761C404512
:10E4D000F5D306E01AF8010B2A466D1CDDE90C1392
:10E4E000B8479AF8000040B104F480600028F1D0E9
:10E4F000B9F10000A9F10109ECD104F0020050B11A
:10E5000005E02A466D1C2020DDE90C13B847304693
:10E51000761C4045F5D30E98401C0E9014E02A4618
:10E520006D1C2520DDE90C13B8470E98401C0E9099
:10E530000AE02A466D1C0E990878DDE90C13B847ED
:10E540000E98401C0E9000BF00BF00BF0E980078D0
:10E5500000287FF410AD0D98854201D2284601E0D5
:10E560000D98401E02460020DDE90C13B8472846EE
:10E570000FB0BDE8F08F2DE9F04104460E460027AC
:10E5800074B13146204600F02DF80546B5F5803FC0
:10E5900005D20C2D01D9284600E00C20074600BF0B
:10E5A0003846BDE8F081024600BF481E084018B159
:10E5B00000BF00BF00BFFEE700BF481E1040101A9A
:10E5C000704710B502464B1E13444C1E23EA04004C
:10E5D00000BF4B1E0B401BB100BF00BF00BFFEE7DA
:10E5E00000BF10BD024600BF481E084018B100BF62
:10E5F00000BF00BFFEE700BF481E10444B1E9843FB
:10E60000704700002DE9F04180460E464446012047
:10E610006086002500270DE056F8270025A1F2F7B7
:10E620002DFA10B1681C85B202E0608E401C608635
:10E63000781C87B256F8270020B156F827000078DA
:10E640000028E9D1208EA84201D1BDE8F081A06A5E
:10E6500020B1A06A1CF082FD0020A062E06A20B117
:10E66000E06A1CF07BFD0020E062E8001CF0A8FCE2
:10E67000A06200BFA06A18B900BF00BF00BFFEE7DC
:10E6800000BF68001CF09CFCE06200BFE06A18B9A3
:10E6900000BF00BF00BFFEE700BFA06A08B1E06A8C
:10E6A00000B900256900E06A1CF06FFF258600BFF5
:10E6B000CBE700000A0000002DE9F84F81460E4626
:10E6C000924699F8090000F00700022801D130466F
:10E6D00000E050468346564501DD304600E0504696
:10E6E0000746032000EB470020F0030000F110056F
:10E6F0003948006839490968A0EB0108002405EB96
:10E70000080037490968884206D2334804686068BF
:10E7100020F0004060603AE031480068854221D82E
:10E7200013E04FF0FF300090002269462D480FF0B3
:10E7300067FF002269462C480FF062FF26480068F8
:10E7400026490968A0EB010800BF08EB0500244931
:10E7500009688842E5D820480468606820F00040D5
:10E76000606014E028461CF02BFC044600BF1CB976
:10E7700000BF00BF00BFFEE700BF14B90020BDE826
:10E78000F88F606820F0004000F100406060324681
:10E790005946484602F0C0FC2060606800F04040E6
:10E7A000401C6060606820F080406060A781A4F831
:10E7B0000EB06068C00F20B1204600F11001A160CA
:10E7C00008E0054800681030A0600348006828444D
:10E7D000014908602046D2E7D80000202C02002022
:10E7E000D400002049A70108B9EE0108F0B585B0B2
:10E7F00006460D463446002004900390029094F89B
:10E800003C0000F0030020B1012838D0022866D077
:10E8100000BF94F83C0000F003005A490978884290
:10E820001BD02620005D00EB001000EB40001421FF
:10E8300090FBF1F0544908702720005D00EB0010B8
:10E8400000EB4000142190FBF1F05049087094F85F
:10E850003C0000F003004B49087002A803A9CDE971
:10E86000001005EB45014FF6FF7202EA410004ABD0
:10E8700046490A78444909780BF03CFC5FE094F87B
:10E880003C0000F003003F49097888421AD0A08C70
:10E8900000EB400040024FF4B471B0FBF1F03C4992
:10E8A00008802720005D00EB001000EB40001421E1
:10E8B00090FBF1F03549087094F83C0000F003003B
:10E8C0003049087002A803A9CDE90010E9B204ABF1
:10E8D0002E4802782E4800880BF00CFC2FE094F8AC
:10E8E0003C0000F003002749097888421AD0A08C28
:10E8F00000EB400040024FF4B471B0FBF1F024494A
:10E9000008802620005D00EB001000EB4000142181
:10E9100090FBF1F01C49087094F83C0000F00300F3
:10E920001849087002A803A9EAB204ABCDE90010A7
:10E9300015480178164800880BF0DCFB00BF00BFCB
:10E940009DF810009DF80C109DF80820D708BDF820
:10E95000003067F304038F080093BDF8003067F3BD
:10E960004A13C7080093BDF8003067F3CF23009324
:10E97000BDF800703B460193BDF80410084605B091
:10E98000F0BD00008A0100208801002089010020DC
:10E990008601002010B50120074908700748FEF7DE
:10E9A000A0FC20B90648006826F0D2FC03E0044829
:10E9B000006826F0D9FC10BD14020020640C002071
:10E9C0001802002010B5044694F83E00C0F3400041
:10E9D00050B9A08F002807DDA08F4FF6FF71884245
:10E9E00002D0A08F401EA087A08FA8B9606B20B175
:10E9F00094F83E00C0F3400070B121461748FEF77E
:10EA0000EFFCFFF7C7FFE06810B12046E1688847D8
:10EA100020461CF0A3FB1FE0A06B4042E062606B4D
:10EA2000D0B194F83E10C1F3400111B9216B4942B5
:10EA3000E16294F83E104908C94394F83E2061F31E
:10EA4000410284F83E20E069616AE1616062A06A87
:10EA5000616BA162606300BF10BD0000640C002008
:10EA60002DE9F04180464248006826F0E7FA064664
:10EA70004048007880F001003E4908703E48FEF7AB
:10EA800030FC04466BE000203C49087094F83E00DE
:10EA9000C0F3800037490978884253D0354801785F
:10EAA0002C34A07C61F38200A07420688719A07CBC
:10EAB0002C3CC0F3C00010BBE06A00281FDC002F14
:10EAC0001DDB94F83E0000F0010060B9206950B1F0
:10EAD0002046216988470546E0692844E061606A6C
:10EAE0002844606200BFA06810B12046A168884732
:10EAF00094F83E0020F00800083084F83E00E06AF8
:10EB00003044E062E06A00281BDBD4E90A10884246
:10EB100001DDA06AE0622046A16988470546206AB7
:10EB2000A84206D02562606818B12946D4E90002DF
:10EB30009047D4E90A10884202DB2046FFF742FFE3
:10EB400000BF00BF0D48007820B10B48FEF7C9FB9D
:10EB5000044604E021460848FEF7DBFB0446002C8F
:10EB600091D126F078FA02490860BDE8F0810000F2
:10EB70001002002015020020640C00201402002066
:10EB800030B589B004462648006808B109B030BDE8
:10EB900034B900BF14F054FC054614F0ADFC044633
:10EBA00020461DF01FFF1E49086013F0E2FB019094
:10EBB000002000904FF4F0724FF448711848019B08
:10EBC000006827F0E3FB164800681DF00BFF1549AD
:10EBD000086013F0CEFB0190002000904FF4C87243
:10EBE00051001048019B006827F0D0FB00231A4613
:10EBF00002210C4800681DF061F902F013FB0020AF
:10EC0000094908701C2102A8F1F7E5FE1C220749FA
:10EC100002A8F1F784FE02A828F08AFA00BFB5E73F
:10EC200004030020080300202403002078000508C6
:10EC300038B50948006868B108480068009008487D
:10EC40000388084802780848018808480078024C80
:10EC50002468A04738BD00007C0500208005002006
:10EC6000700500206D0500206E0500206C05002059
:10EC7000F7B582B004460E4614B9049805B0F0BD4D
:10EC800000BF6322314620461FF09EFF0190019D88
:10EC900000BFBDB12868A8B100BF6422314620463C
:10ECA0001FF092FF01900198C0B207464FB13A465B
:10ECB0002B682846049998470190BDF80400ADF8E8
:10ECC000100000BF0498D9E770B500242CE0184864
:10ECD0000078844201DA012000E000200546154852
:10ECE00050F8240068B135B1124951F824000121CF
:10ECF0001DF0B2FD05E00F4951F8240001211DF07F
:10ED00002FF80D4850F8240068B135B10A4951F880
:10ED1000240001211DF0A0FD05E0074951F8240061
:10ED200001211DF01DF8641C032CD0DB70BD000018
:10ED3000C804002098910120A491012070B50446D8
:10ED40000D46606818B129466068FFF7F7FF206834
:10ED500018B1294620462268904770BD70B5054617
:10ED60000C46A1B2284611F0BFF970BD70B505463A
:10ED70000C46A1B2284611F008FA70BD70B50446E1
:10ED80000D4600BF204600F03BF818B100BF00BFA1
:10ED900000BFFEE700BF284600F050F9001D616883
:10EDA00008446060204600F03AF8204670BD70B517
:10EDB00005460C46284600F041F904F1100188424E
:10EDC00001D3012070BD0020FCE70146A1F108003D
:10EDD00070477CB505460C46204600F02FF90646E4
:10EDE0006A4601A927F0B0FF21462846DDE9003236
:10EDF0000EF07EFF7CBD0146087900F001007047EF
:10EE000010B50446204600F019F908B9012010BDDC
:10EE10000020FCE70146087900F00200704770B559
:10EE20000446204600F097F805462C60284670BD41
:10EE30007CB506460C4600200190009000256CB180
:10EE40006A4601A9204627F09CFF01980A2805DAA6
:10EE50006A4601A930462BF003FC054685B100BF88
:10EE6000284600F0EBF8A04203D200BF00BF00BF6D
:10EE7000FEE700BF29463046DDE900322BF058F8A6
:10EE800028467CBD70B504462046FFF7C8FF0546FE
:10EE9000284600F0BEF8204600F0B6F870BD70B508
:10EEA0000446204600F057F80546284600F0B6F81C
:10EEB000204600F0BEF870BD70B506460D462846E7
:10EEC00000F049F8044600BF1CB900BF00BF00BFF6
:10EED000FEE700BF2046FFF78EFF90B100BF284637
:10EEE000FFF78EFF18B100BF00BF00BFFEE700BFF5
:10EEF0002146304600F076F821462846FFF73EFFCF
:10EF00000546284670BD70B506460D462846FFF7F3
:10EF100081FFF0B1284600F057F8044600BF1CB945
:10EF200000BF00BF00BFFEE700BF00BF2046FFF7E5
:10EF300062FF18B900BF00BF00BFFEE700BF214657
:10EF4000304600F04FF829462046FFF717FF0546E8
:10EF500000BF284670BD2DE9F0410446204600F070
:10EF60006DF8061F204600F0B8F80746314628F035
:10EF700031FA054600BF2046FFF742FF18B100BF37
:10EF800000BF00BFFEE700BF2846BDE8F0812DE9C5
:10EF9000F04106460C461546002794B100BF1DB946
:10EFA00000BF00BF00BFFEE700BF2A462146304633
:10EFB00000F097F82046FFF772FF204600F08DF82A
:10EFC00007463846BDE8F08110B5044600BF20462C
:10EFD000FFF720FF18B900BF00BF00BFFEE700BF6A
:10EFE000206810BD7CB505460C46204600F026F88A
:10EFF00006466A4601A927F0A7FE21462846DDE914
:10F0000000322AF095FF7CBD416841F0010141606A
:10F010007047416841F0020141607047416821F04A
:10F02000020141607047426802F003030B434360F2
:10F030007047416821F0010141607047014648680E
:10F0400020F0030070472DE9F04706460C46304695
:10F0500000F043F88046211F28F0BCF907463046EF
:10F06000FFF7ECFF211D451A00BF384600F035F8C8
:10F070008146384600F031F880460421FFF7A1FAB6
:10F08000814503D000BF00BF00BFFEE700BF00BF47
:10F090003046FFF7D3FF2919091D884203D000BF6E
:10F0A00000BF00BFFEE700BF29463846FFF7BBFFA1
:10F0B00000BF3846FFF7C2FF0C2803D200BF00BFD5
:10F0C00000BFFEE700BF21463046FFF7ACFF3846E1
:10F0D000FFF7D8FE3846BDE8F087014601F1080089
:10F0E00070472DE9F04106460C46154600BF204604
:10F0F000FFF781FE18B900BF00BF00BFFEE700BFE9
:10F1000029462046FFF753FE78B129462046FFF7EF
:10F110009AFF07462046FFF782FE3846FFF779FF41
:10F1200039463046FFF755FE00BFBDE8F0812DE9B6
:10F13000F04106460C46154600BF2046FFF75BFE31
:10F1400018B100BF00BF00BFFEE700BF2946204640
:10F15000FFF72DFE88B129462046FFF774FF0746CA
:10F160003846FFF75BFF39463046FFF7A5FE0746F6
:10F1700039463046FFF72DFE00BFBDE8F0812DE98E
:10F18000F8430646344619F0D9FF804640461AF047
:10F190001AF878BB304617F05CFC38B3304617F0ED
:10F1A000D4FA208FE18E884212D0E08E2087E08E44
:10F1B00000906A461C21304617F038FF0746012FA1
:10F1C00002D03846BDE8F883304620F01EFB00BF71
:10F1D00040461AF008F80546042D06D130461EF0C8
:10F1E00075F90746002118F09CFD09E0304617F03C
:10F1F00093FC05E0FFE7208FE086304620F005FB1A
:10F200000120DFE72DE9F04706460C46154630465B
:10F210001EF066F9074600EBD770A5EB60000FFA09
:10F2200080F930461FF0F7FE804600EBD870A4EB63
:10F2300060000FFA80FA4A465146304621F03FFD01
:10F24000BDE8F0872DE9F04706460C4615463046E6
:10F250001EF046F9074600EBD770A5EB60000FFAE9
:10F2600080F930461FF0D7FE804600EBD870A4EB43
:10F2700060000FFA80FA4A465146304621F01FFDE1
:10F28000BDE8F0872DE9F04706460C4615463046A6
:10F290001EF026F9074600EBD770A5EB60000FFAC9
:10F2A00080F930461FF0B7FE804600EBD870A4EB23
:10F2B00060000FFA80FA4A465146304621F0FFFCC2
:10F2C000BDE8F08770B505460E46002128461DF0C2
:10F2D000F2FF04461CB1314620461BF04BFB70BDCB
:10F2E00070B505460E46002128461DF0E4FF044691
:10F2F0001CB1314620461BF03DFB70BD70B5054684
:10F300000E46002128461DF0D6FF04461CB13146AA
:10F3100020461BF02FFB70BD2DE9F041044620462E
:10F3200017F07EFE054628461EF02AF906462846B6
:10F3300011F096FF074601223946304625F036F88F
:10F34000BDE8F08170B5054605EB8500304901EB5D
:10F35000C004304800681AF005FB20602D480068A2
:10F3600011F06EFB606060682BF06CFD60681AF055
:10F37000F9FAA060A0681DF05EF900230722264973
:10F3800060681CF0A5FC2348006811F059FBE060A0
:10F39000E0682BF057FDE0681AF0E4FA206120697C
:10F3A0001DF049F9002307221B49E0681CF090FC7E
:10F3B000184800681AF0D6FA60611648006811F023
:10F3C0003FFBA061A0692BF03DFDA0691AF0CAFACD
:10F3D000E061E0691DF02FF9002307220E49A069C2
:10F3E0001CF076FC0B48006811F02AFB2062206AB2
:10F3F0002BF028FD206A1AF0B5FA6062606A1DF0F1
:10F400001AF9002307220449206A1CF061FC70BD30
:10F410009C8D0120B0030020D903010870B505467A
:10F4200005EB450000EBC500364901EB800436488A
:10F4300000681AF097FA20603348006811F000FB6A
:10F44000606060682BF048FD60681AF08BFAA0607D
:10F45000A0681DF0F9F8002307222C4960681CF011
:10F4600037FC2948006811F0EBFAE060E0682BF007
:10F4700033FDE0681AF076FA206120691DF0E4F8A7
:10F48000002307222149E0681CF022FC1E48006886
:10F490001AF068FA60611C48006811F0D1FAA061A6
:10F4A000A0692BF019FDA0691AF05CFAE061E0692F
:10F4B0001DF0CAF8002307221449A0691CF008FCBB
:10F4C0001148006811F0BCFA2062206A2BF004FD9C
:10F4D000206A1AF047FA6062606A1DF0B5F80023EE
:10F4E00007220A49206A1CF0F3FB0748006812F063
:10F4F0003BFCA06200231C220549A06A1CF0E8FB2B
:10F5000070BD0000A49001201404002089040108AB
:10F51000690301082DE9F0416C48006811F090FA88
:10F520006B490860084600682BF08CFC4FF40031F2
:10F53000674800681CF014FC6648008802B2654801
:10F54000008801B26248006821F00BFC002247F6F7
:10F55000FF715F48006821F0BAFE5E48046804EB62
:10F56000D4705D4B1B88A3EB600002B2594805685C
:10F5700005EBD570594B1B88A3EB600001B25448D2
:10F58000006821F09CFB0023072255495048006881
:10F590001CF09EFB4E4800681AF0E4F9064651A1A3
:10F5A00030461BF0E7F930461DF045F84748006843
:10F5B00011F046FA4C490860084600682BF042FCFE
:10F5C0004FF40031484800681CF0CAFB41480088ED
:10F5D00002B24048008801B24348006821F0C1FBF4
:10F5E000002247F6FF714048006821F070FE39485C
:10F5F000046804EBD4703D4B1B88A3EB600002B29F
:10F600003448056805EBD570394B1B88A3EB6000C7
:10F6100001B23548006821F052FB0023072235492A
:10F62000314800681CF054FB2F4800681AF09AF922
:10F63000074631A138461BF09DF938461CF0FBFF08
:10F640002248006811F0FCF92C490860084600685F
:10F650002BF0F8FB4FF40031284800681CF080FBC9
:10F660002748008802B22748008801B22348006872
:10F6700021F077FB2248046804EBD470224B1B88EE
:10F68000A3EB600002B21F48056805EBD5701F4B65
:10F690001B88A3EB600001B21848006821F00FFB43
:10F6A000002307221A49154800681CF011FB134873
:10F6B00000681AF057F9804616A140461BF05AF927
:10F6C00040461CF0B8FFBDE8F0810000B003002008
:10F6D000BC0300209C030020900300208C0300202A
:10F6E000357C0308EF81B700C00300209803002099
:10F6F00094030020E57B0308EF81B800C4030020D9
:10F70000AC030020A8030020A4030020A0030020D5
:10F71000C5CE0308315F32002DE9F0416C48006826
:10F7200011F08EF96B490860084600682BF0D4FB95
:10F730004FF40031674800681CF012FB66480088EF
:10F7400002B26548008801B26248006821F009FBF6
:10F75000002247F6FF715F48006821F0B8FD5E485F
:10F76000046804EBD4705D4B1B88A3EB600002B20D
:10F770005948056805EBD570594B1B88A3EB600011
:10F7800001B25448006821F09AFA00230722554933
:10F79000504800681CF09CFA4E4800681AF0E2F8E5
:10F7A000064651A130461BF0E5F830461CF04CFFF0
:10F7B0004748006811F044F94C4908600846006861
:10F7C0002BF08AFB4FF40031484800681CF0C8FA5F
:10F7D0004148008802B24048008801B243480068AE
:10F7E00021F0BFFA002247F6FF714048006821F07F
:10F7F0006EFD3948046804EBD4703D4B1B88A3EBC5
:10F80000600002B23448056805EBD570394B1B889F
:10F81000A3EB600001B23548006821F050FA0023E4
:10F8200007223549314800681CF052FA2F48006819
:10F830001AF098F8074631A138461BF09BF8384675
:10F840001CF002FF2248006811F0FAF82C49086009
:10F85000084600682BF040FB4FF400312848006850
:10F860001CF07EFA2748008802B22748008801B2BF
:10F870002348006821F075FA2248046804EBD4702C
:10F88000224B1B88A3EB600002B21F48056805EB02
:10F89000D5701F4B1B88A3EB600001B218480068AD
:10F8A00021F00DFA002307221A49154800681CF0C0
:10F8B0000FFA134800681AF055F8804616A1404622
:10F8C0001BF058F840461CF0BFFEBDE8F081000078
:10F8D000140400202804002000040020F403002069
:10F8E000F0030020557C0308EF81B7002C040020B2
:10F8F000FC030020F80300200D7C0308EF81B80012
:10F9000030040020100400200C0400200804002013
:10F9100004040020E5CE0308315F310010B515481E
:10F9200000681AF01FF81449086014A11248006812
:10F930001BF020F81948B0F900201948B0F9001060
:10F940000D48006821F0BBF90A4800681AF00AF86F
:10F950001449086014A1134800681BF00BF80F4805
:10F96000B0F900201848B0F900100E48006821F0E6
:10F97000A6F910BDB0030020B40300206C656674C6
:10F98000202020736574202020202020202020208B
:10F990002020202020202074696D65007003002045
:10F9A0007C030020B803002072696768742020730C
:10F9B00065742020202020202020202020202020AE
:10F9C00020202074696D65008203002010B53A483C
:10F9D000006819F0C7FF3949086039A13748006845
:10F9E0001AF0C8FF3948B0F9004004EBD470401059
:10F9F0002438374A1288104401B23648B0F9002042
:10FA00002E48006821F05BF92B48006819F0AAFF26
:10FA10003149086031A1304800681AF0ABFF2B482B
:10FA2000B0F9004004EBD47040101E382E4A128802
:10FA3000104401B22748B0F900202748006821F09F
:10FA40003EF91D48006819F08DFF284908601CA187
:10FA5000264800681AF08EFF1C48B0F9004004EBFD
:10FA6000D47040102438224A1288104401B2194838
:10FA7000B0F900201D48006821F021F90E48006807
:10FA800019F070FF1B49086014A11A4800681AF0A9
:10FA900071FF0E48B0F9004004EBD47040101E38DE
:10FAA000154A1288104401B20A48B0F900201148E2
:10FAB000006821F004F910BD14040020180400208F
:10FAC00073746172742074696D650000EC0300202A
:10FAD000E0030020D40300201C040020656E642095
:10FAE00074696D6500000000E2030020200400201E
:10FAF000E603002024040020E80300200146C1F3AF
:10FB0000C01070470146C1F3801070470146C1F331
:10FB1000C01070470146C1F3002070470146C1F391
:10FB2000C00070470146C1F3401070470146C1F361
:10FB3000402070470146C1F3003070470146C1F3D1
:10FB4000001070472DE9F04F89B004460D460021A2
:10FB500020461DF0B0FB30B91C2128461BF015FDD6
:10FB600009B0BDE8F08F2946204600F00BFB29467E
:10FB7000204600F07DF8002120461EF0CFFD0890C1
:10FB8000002120461EF050FF0790002120461EF065
:10FB900085FB012800D100E000208146002120469D
:10FBA0001FF0F8F90746002120461EF065FC0646C6
:10FBB00042F2D170874205D1608CC0F3802008B931
:10FBC000012000E00020824620461DF014FC069033
:10FBD00000BF4FF0000824480288414620461EF02E
:10FBE000F3FF03900398C0B200BF8346AA68296957
:10FBF0002868CDE90209CDE900125A465146089B12
:10FC000006980CF029FE288342F2D170864205D175
:10FC1000608CC0F3402008B9012000E0002005906E
:10FC200020461DF0C9FB049000BF4FF000080F48AC
:10FC30000288414620461EF0C7FF03900398C0B2D9
:10FC400000BF83460023EA6869686869CDE902134A
:10FC5000CDE900025A46079BDDE904010CF0FCFDEA
:10FC6000688300BF7CE70000FE0000200201002046
:10FC70002DE9F34F87B00C4607980BF00BFE80463A
:10FC800007981DF0B8FB0690404601F0C0FA2061CD
:10FC9000216948001BF0CEF92060216948001BF063
:10FCA000C9F9A060002548E05848029038F91500CD
:10FCB00041F69A7188423FD10020019029E00199D4
:10FCC00007981DF0F8FA0090514900981FF00BFAC0
:10FCD00000B11BE000980BF0FBFD8246BAF1010F6A
:10FCE00000D013E000980BF0E3FD8346AB4500D055
:10FCF0000CE000981FF08FF90299884201DA02980F
:10FD000002E000981FF087F9029000BF0198401CA4
:10FD1000019007981DF0EDFA01998842CFD802981A
:10FD2000002804DB0298A16821F8150003E00021F7
:10FD3000A06820F8151000BF6D1C2069A842B3D838
:10FD40000026B14600251BE038F9150041F69B71ED
:10FD5000884202DB411A0E4411E041F69A71884252
:10FD600006D1A16831F8151049440FFA81F906E06F
:10FD7000A16821F8150009EB00010FFA81F96D1C4B
:10FD80002069A842E0D8002107981EF0C7FC059022
:10FD90002169491EDDE9050200FB112000B2069031
:10FDA0000698A0EB090007B2002F00DA00274FF0F9
:10FDB000FF30049000200390002513E038F915006F
:10FDC00041F69B7188420CDB421A11B207FB01F22B
:10FDD000B2FBF6F212B2A36823F815200495039142
:10FDE00000BF6D1C2069A842E8D8049800280ADBEF
:10FDF0000398301A7843B0FBF6F0381A01B2A268C3
:10FE0000049822F8101009B0BDE8F08F01E0FFFF60
:10FE1000010006002DE9FC5F054600221146284638
:10FE200020F004FE002128461EF09FFA81460021A2
:10FE300028461EF020FE484407B2002128461EF046
:10FE4000D1FB48440FFA80FA28461EF08DF9384459
:10FE500050440FFA80FB3B4E28461DF04AFA0190B1
:10FE60004FF000085CE0A868006850F82840364968
:10FE700020461FF038F900B150E020461FF042FD47
:10FE8000002839D1002120461EF0A0F900900098EA
:10FE900030B1012807D0022804D0032815D100E092
:10FEA00000BF00BF00BFB4F91A10B5F91600081A58
:10FEB000401CB04201DA304605E0B4F91A10B5F939
:10FEC0001600081A401C06B214E0002120461FF05C
:10FED00095F870B904F1140010F031FA3844B042CA
:10FEE00001DA304604E004F1140010F028FA384436
:10FEF00006B200BF00BF10E0B4F91A10B5F9160041
:10FF0000081A401CB04201DA304605E0B4F91A1074
:10FF1000B5F91600081A401C06B200BF08F1010826
:10FF2000019880459FD30748864209D006EB0A0016
:10FF300006B25E4502DD3046BDE8FC9F5846FBE751
:10FF40005846F9E701E0FFFF010004002DE9FC5FDE
:10FF5000054600221146284620F04CFD0021284687
:10FF60001EF003FA8246002128461EF0C1FC5044D0
:10FF70000FFA80F8002128461EF011FC50440FFAB9
:10FF800080F928461EF000F94844404400B2019030
:10FF9000724C28461DF0ADF98346002128461EF01C
:10FFA00056F9012866D100265BE0A868006850F881
:10FFB00026706B4938461FF096F800B150E038467D
:10FFC0001FF0A0FC002839D1002138461EF0FEF8B1
:10FFD0000090009830B1032805D0062804D00828E6
:10FFE00015D102E000BF00BF00BFB5F91800B7F996
:10FFF0001410401A401CA04201DA204605E0B5F971
:020000040801F1
:100000001800B7F91410401A401C04B214E0002183
:1000100038461EF0E6FF70B907F1140010F009FA37
:100020004044A04201DA204604E007F1140010F039
:1000300000FA404404B200BF00BF10E0B5F9180058
:10004000B7F91410401A401CA04201DA204605E01E
:10005000B5F91800B7F91410401A401C04B200BFDB
:10006000761C5E45A1D33D48844269D004EB09006B
:1000700004B265E000265BE0A868006850F82670CE
:10008000374938461FF02FF800B150E038461FF0CE
:1000900039FC80BB002138461EF098F8009000988B
:1000A00030B1012805D0042804D0072815D102E07A
:1000B00000BF00BF00BFB7F91800B5F91410401A0F
:1000C000401CA04201DA204605E0B7F91800B5F956
:1000D0001410401A401C04B215E0002138461EF0EE
:1000E0008DFF78B907F1140010F0A3F94844A0423D
:1000F00002DA204605E008E007F1140010F099F953
:10010000484404B200BF00BF10E0B7F91800B5F9C9
:100110001410401A401CA04201DA204605E0B7F94D
:100120001800B5F91410401A401C04B200BF761C28
:100130005E45A1D30948844202D004EB080004B212
:100140000648844202D10198BDE8FC9F0198844290
:1001500001DD2046F8E70198F6E7000001E0FFFF27
:100160000100040010B5044620681AF0DFFF606843
:100170001AF0DCFFA0681AF0D9FFE0681AF0D6FF89
:1001800010BD00002DE9F34F87B00C4607980CF026
:1001900071F98046404601F03AF8606161694800B3
:1001A0001AF048FF6060616948001AF043FFE060A0
:1001B000002548E05948029038F9150041F69A7137
:1001C00088423FD10020019029E0019907981DF055
:1001D00072F80090524900981EF085FF00B11BE0B4
:1001E00000980CF00FFA8246BAF1010F00D013E02C
:1001F00000980CF0F7F98346AB4500D00CE000986E
:100200001DF06EF90299884201DA029802E0009826
:100210001DF066F9029000BF0198401C01900798FC
:100220001DF067F801998842CFD80298002804DBB6
:100230000298E16821F8150003E00020E16821F848
:10024000150000BF6D1C6069A842B3D80026B146F6
:1002500000251BE038F9150041F69B71884202DB4E
:10026000411A0E4411E041F69A71884206D1E168C4
:1002700031F8151049440FFA81F906E0E16821F8D8
:10028000150009EB00010FFA81F96D1C6069A842A5
:10029000E0D8002107981EF0C7FB069007981DF0D4
:1002A0008BF801466269521E069800FB121000B2DC
:1002B00005900598A0EB090007B2002F00DA00278F
:1002C0004FF0FF30049000200390002511E038F932
:1002D000150041F69B7188420ADB421A11B207FBF6
:1002E00001F2B2FBF6F212B2E36823F8152000BF68
:1002F0006D1C6069A842EAD8049800280ADB0398BC
:10030000301A7843B0FBF6F0381A01B2E26804986C
:1003100022F8101009B0BDE8F08F000001E0FFFFE7
:10032000010006007CB504460D4616462888218942
:10033000084400B2ADF8000068886189084400B242
:10034000ADF80200A8882189084400B2ADF8040085
:10035000E8886189084400B2ADF806003246694673
:100360002046636998477CBD2DE9F0410646307A06
:100370001C2801D0BDE8F081304616F051FE05463C
:1003800000241BE004EB440000EBC4000E4901EB29
:100390008000806AA84210D10C48008800EB8000E1
:1003A000204487B20A480088874205DA012128469E
:1003B0001EF0A3FE0749C85502E0641C052CE1DBD2
:1003C00000BF00BFD6E70000A49001203604002043
:1003D000340400206490012070B50646307A072866
:1003E00000D070BD304616F01BFE0546002440E0EC
:1003F00004EB8400214901EBC0004068A84207D10A
:10040000002040EA04211EA21E480EF027FDE8E766
:1004100004EB8400194901EBC000C068A84207D171
:10042000012000EB042116A216480EF017FDD8E7B4
:1004300004EB8400114901EBC0008069A84207D198
:10044000022000EB04210EA20E480EF007FDC8E7C3
:1004500004EB8400094901EBC000006AA84207D1FF
:10046000032000EB042106A206480EF0F7FCB8E7D3
:10047000641C052CBCDB00BFB3E700009C8D012091
:100480000000000041E6010870B50646307A0728F2
:1004900000D070BD304616F0C3FD0546002448E08C
:1004A00004EB440000EBC400244901EB80004068E9
:1004B000A84207D1002040EA042121A221480EF0E1
:1004C000CDFCE6E704EB440000EBC4001B4901EB64
:1004D0008000C068A84207D1012000EB042118A2C7
:1004E00018480EF0BBFCD4E704EB440000EBC4005A
:1004F000124901EB80008069A84207D1022000EB7D
:1005000004210FA20F480EF0A9FCC2E704EB44003F
:1005100000EBC400094901EB8000006AA84207D142
:10052000032000EB042106A206480EF097FCB0E77A
:10053000641C052CB4DB00BFABE70000A4900120D5
:100540000000000031E70108F8B505460E462C46CC
:10055000206B10B1206B007818B9606B08B90120CE
:10056000F8BD606B58B1284624F015FB07461049CA
:1005700009688847616B884201D30020F0E7206B4F
:1005800098B1002000900AE069460A4A206B126880
:1005900090470746B74201D10120E1E700BF206B39
:1005A0000099405C0028EFD1DAE70120D8E700008D
:1005B0006C0200205C0200202DE9FF4F8FB00F4637
:1005C000209DF87800F0010008B1FA4800E0FA48F0
:1005D0000E90F87800F0010008B1F84800E0F84803
:1005E0000D90F87800F0010008B9F44800E0F448F4
:1005F0000C9001200B90B5E000220B9200206A883D
:10060000B5F804C0A2EB0C0211B200261AE006EB0A
:10061000860CEA6802EB8C02127C02F0010242B9FD
:1006200006EB860CEA6802EB8C029289024410B257
:1006300007E006EB860CEA6802EB8C0212898A1A44
:1006400011B2761C2A69B242E1D8002685E006EB99
:10065000860CEA6802EB8C02127C02F00102002A8E
:100660007AD191FBF0F80FFA88F306EB8609D5F8FA
:100670000C8008EB8908B8F80C8008FB03F80FFA27
:1006800088F206EB8609D5F80C8008EB8908B8F9E2
:10069000049006EB860AD5F80C8008EB8A08B8F9B6
:1006A0000680904501DD904607E006EB860AD5F806
:1006B0000C8008EB8A08B8F90680C14508DD06EB16
:1006C0008609D5F80C8008EB8908B8F9048013E096
:1006D00006EB8609D5F80C8008EB8908B8F9068086
:1006E000904501DD904607E006EB8609D5F80C80C1
:1006F00008EB8908B8F90680C44694450BD04FF042
:10070000010806EB860AD5F80C9009EB8A09C9F8AE
:100710001080CDF82C8006EB8609D5F80C8008EB0C
:100720008908A8F808C006EB8609D5F80C8008EB04
:100730008908B8F80C80A0EB08080FFA88F006EBDF
:100740008609D5F80C8008EB8908B8F80880A1EB79
:1007500008080FFA88F100BF761C2A69B2423FF6FA
:1007600076AF00BF0B9800287FF446AF00210F98AA
:100770001DF087FD012800D100E000200A90002034
:100780000990089008A809A9CDE9001029890BB2A1
:10079000B5F9022038781E9927F016FBF87800F09A
:1007A000010048B10A9838B10F981CF024FEBDF83A
:1007B0002410084400B2099011990F981CF07BFD99
:1007C00004468AE17F4920461EF08DFC40B1F8784E
:1007D000C0F3800111AA0F980BF087FC04467CE15E
:1007E000002120461DF01EFE07900798002858D0D3
:1007F00000200390002610E006EB8601E86850F820
:100800002100A04208D106EB8600E96801EB8000D8
:10081000B0F90800039003E0761C2869B042EBD8D9
:1008200000BFF87800F0010030B1608C20F48060E7
:1008300000F58060608405E0608C20F4007000F5B5
:100840000070608404F114000D9988470399884270
:1008500026D020461EF0D9FF00BFA08AADF80400C4
:10086000E08AADF80600208BADF80800608BADF88B
:100870000A0000BF04F114000E9A0399904701AAE0
:100880002921204616F0D2FB20461CF079FE224694
:100890002221009016F0CAFB20461EF0B6FF00BFD2
:1008A00007E0608C20F480606084608C20F400702D
:1008B0006084002006907878012812D0022819D18F
:1008C00004F114000C998847B5F90010491C21F077
:1008D0000101081A039000EBD070401000B206909E
:1008E00009E004F114000C9988472988081A00B21D
:1008F000069000E000BF00BFF87800F0010050B1A2
:100900000A9840B104F114000D998847BDF82410ED
:10091000081A00B209900020039043F20C0220460E
:1009200003991EF051F9029002980FFA80F800BF67
:100930000020039043F20D02204603991EF044F973
:10094000029002980FFA80F900BF20461EF063FB68
:10095000059020461CF0C4FD049008F4C040B0F59A
:10096000005F01D1012000E0002030B128F4C04038
:10097000B0F5FA6F01DC012000E0002090B128F40E
:10098000C040B0F57A7F04DD28F4C040C0F57A702D
:1009900001E028F4C04005994843642190FBF1F040
:1009A0000FFA80F809F4C040B0F5005F0CD10120C7
:1009B0000BE000007F05020873050208B10402087D
:1009C0009303020801000600002030B129F4C04062
:1009D000B0F5FA6F01DC012000E0002090B129F4AD
:1009E000C040B0F57A7F04DD29F4C040C0F57A70CC
:1009F00001E029F4C04004994843642190FBF1F0E0
:100A00000FFA80F9A18A1C98401A40440FFA80FA24
:100A1000E18A1D98401A48440FFA80FBF87800F0EC
:100A2000010010B1BDF9240000E0069850440FFA0F
:100A300080FAF87800F0010008B1069801E0BDF9ED
:100A4000240058440FFA80FBBAF1000F02D1BBF129
:100A5000000F1BD020461EF0D8FEA08A504400B2E2
:100A6000A082208B504401B22183E08A584401B215
:100A7000E182608B584401B2618320461EF0C5FEBE
:100A800001235A46514620461EF09CFFF87800F09C
:100A9000010008B10A9870B904F114000D99884753
:100AA0001F990844BDF820100844BDF824100844DC
:100AB00000B2099008E0BDF820101F980844BDF866
:100AC0002410081A00B20990F878C0F3800111AA26
:100AD0000F980BF00AFB044600BF24B1DDE91110AA
:100AE00081427FF46FAE13B0BDE8F08F2DE9F04F77
:100AF0008DB005468946B9F1000F02D10DB0BDE8B1
:100B0000F08FA5F81890286810B128681AF026FB15
:100B100009EB4901062202EB41001AF051FA286064
:100B200000BF286818B900BF00BF00BFFEE700BFC4
:100B3000286868600221286801FB0900801CE860C1
:100B40000421286801FB0900001DA860B9F1010F0C
:100B50000CD1B420696808700020E9680880012081
:100B6000E96848800020A9680880C7E709F1010109
:100B7000C8001AF05FFA074609F1010007EB800888
:100B80004FF0000A4FEA890002B20BA90CA800F04E
:100B900067F90024BDF93000801007900020039011
:100BA000CCE0002616E00BA90CA800F061F90CA817
:100BB00000F04BF900B90FE0BDF93000801007A933
:100BC00041F82600BDF8300000F0030003A941F809
:100BD0002600761C042EE6DB00BF042E00D0B3E016
:100BE0000A990798884219D1079800B227F814008B
:100BF0000FFA8AF028F81400DDE90301084405998A
:100C0000084406990844696808556868005D00074B
:100C1000000E69680855601C04B28DE0DDE907012B
:100C200088422CD0079800B227F814000FFA8AF0F7
:100C300028F814000398696808556868005D000783
:100C4000000E69680855601C04B20798401E00B287
:100C500027F814000FFA8AF028F814000498001DF1
:100C60000599084406990844696808556868005D54
:100C70000007000E69680855601C04B25CE0099921
:100C8000079888422CD0079800B227F814000FFA72
:100C90008AF028F81400DDE9030108446968085562
:100CA0006868005D0007000E69680855601C04B2A2
:100CB0000798401E00B227F814000FFA8AF028F8AF
:100CC0001400059808300699084469680855686852
:100CD000005D0007000E69680855601C04B22BE037
:100CE000079800B227F814000FFA8AF028F81400C9
:100CF000DDE90301084405990844696808556868F6
:100D0000005D0007000E69680855601C04B2079872
:100D1000401E00B227F814000FFA8AF028F81400D9
:100D200006980C30696808556868005D0007000E79
:100D300069680855601C04B20AF1010A0CA800F0A9
:100D400084F800287FF42DAF00BF40F2D32109FBC7
:100D500001F00290029880120190601E37F9101085
:100D60000198814205D1601E38F910100198814226
:100D700026D0DDE90121A1EB8220B0F5007F04DC63
:100D800000FB00F14800001407E0C0F5806000FBA4
:100D900000F148000014C0F10F00019909B227F8D2
:100DA0001410019909B228F814106A68105569687E
:100DB000095D0907090E6A681155611C0CB200BF74
:100DC000A61E0EE038F8160027F8140037F81600B3
:100DD00028F814006868805D69680855761E601CF4
:100DE00004B2002EEEDA4FF0000B00260020E96876
:100DF000088023E0E96821F81B6037F81600A9682D
:100E000021F81B0010E0A86830F81B0037F9161015
:100E1000884203DAA86830F81B0001E037F91600B1
:100E2000A96821F81B00761C38F91600584501D135
:100E3000A642E8DB0BF101000FFA80FBA642D9DBEA
:100E400038461AF073F900BF58E60146B1F90200BE
:100E5000B1F90020904201DC012070470020FCE73E
:100E6000028000234380C2F101031BB20B80704754
:100E7000B1F90020002A07DC0B8842885200D21CFE
:100E80001A4412B20A800CE042880388D21A520037
:100E9000521D0B881A4412B20A800288521E12B2E6
:100EA00002804288521C12B24280704710B5002462
:100EB00007E00F4951F8240001211BF00EFD601CD2
:100EC00084B20C480088844201DA402CF1DB002413
:100ED00007E0094951F8240001211BF0FEFC601CC9
:100EE00084B206480088844201DA402CF1DB10BD50
:100EF000B0910120C2050020B0920120C40500205D
:100F000070B504460025012C05D12FF0BDFF0DF072
:100F100043FF01250AE0042C03D130F031FA01250A
:100F200004E0022C02D130F0F9F8012535B904486B
:100F3000006818B1024800681BF064FC70BD000036
:100F40000803002037B582B01546022D04DCBDF839
:100F50000C10084605B030BDBDF80C00C00ABDF845
:100F6000081000EBD1241F2C01D2204600E01F20E6
:100F7000BDF8081060F3CF210291BDF80C00C0F35A
:100F80004510BDF80810C1F3451144183F2C01D29B
:100F9000204600E03F20BDF8081060F34A1102919E
:100FA000BDF80C0000F01F00BDF8081001F01F0193
:100FB00044181F2C01D2204600E01F20BDF8081065
:100FC00060F304010291FF2D03D1BDF8081008461B
:100FD000C0E72A46DDE9020111F0A0FC0190BDF84E
:100FE00004100846B6E717B581B01446022C04DC9D
:100FF000BDF80810084604B010BDBDF80400C00AD2
:10100000BDF80810C90A10FB01F04109BDF8040041
:1010100061F3CF200190BDF8040000F01F00BDF87F
:10102000081001F01F0110FB01F04109BDF8040098
:1010300061F304000190BDF80400C0F34510BDF851
:101040000810C1F3451110FB01F08109BDF804003F
:1010500061F34A100190FF2C03D1BDF8041008463B
:10106000C9E72246DDE9010111F058FC0090BDF806
:1010700000100846BFE737B582B01546022D04DCE4
:10108000BDF80C10084605B030BDBDF80C00C00A14
:10109000BDF80810A0EBD124002C01DD204600E0B3
:1010A0000020BDF8081060F3CF210291BDF80C00BC
:1010B000C0F34510BDF80810C1F34511441A002CC7
:1010C00001DD204600E00020BDF8081060F34A1161
:1010D0000291BDF80C0000F01F00BDF8081001F0EF
:1010E0001F01441A002C01DD204600E00020BDF85D
:1010F000081060F304010291FF2D03D1BDF8081020
:101100000846C0E72A46DDE9020111F007FC01901C
:10111000BDF804100846B6E708B5034600930098EA
:10112000484080EA620008BD2DE9F84F80464046FD
:1011300015F076FF8246404615F011FF06465046F0
:101140001CF01EFA81462B2E09D1484623F021F9C6
:10115000044600222146484623F028F93AE00A2EA8
:1011600038D1694650461CF08DFA50461CF043F9C0
:101170000446002148461DF09EF801280AD1204669
:1011800004EBD071BDF90020C2EB610191FBF4F1D9
:101190000DB209E0204604EBD071BDF9002002EB4E
:1011A000610191FBF4F10DB2002D00DA002500275A
:1011B000484623F0EEF8A84200D001270122294634
:1011C000484623F0F3F827B100221C21484615F0C9
:1011D0002DFF00BFBDE8F88F10B58060C060002310
:1011E0000361002110E0002400F1140343F82140C2
:1011F000002206E000F13C0303EBC11343F8220098
:10120000521C202AF6DB491C0A29ECDB10BD0146E2
:10121000002000E0401C31F9102041F6FF739A4293
:10122000F8D170471CB54B4800681BF0DBFB4A49FE
:1012300008604A4811F04BF90190FF2000905022BD
:101240004FF448714448019B006825F09FF8002343
:101250001A460521404800681AF030FE3E23AA22B3
:101260003FA13D48006825F05DF83E490860002335
:101270000E2207213B4800681AF020FE01230722B6
:101280003949384800681AF023FD3E23AA2237A1C5
:101290003148006825F046F83549086000200E23E3
:1012A000142200902F480168314800681AF018FE97
:1012B000022307222C492E4800681AF009FD3E231C
:1012C000AA222CA12448006825F02CF82A4908609D
:1012D00000236FF00D020821274800681AF0EEFD88
:1012E000052307222049244800681AF0F1FC3E2318
:1012F000AA2222A11848006825F014F820490860A5
:1013000000206FF00D03112200901B4801681C485B
:1013100000681AF0E5FD0423072213491848006805
:101320001AF0D6FC48210B48006824F0DBFF154971
:1013300008606FF0270300220521124800681AF0A8
:10134000BDFD0323072208490E4800681AF0C0FCBF
:101350001CBD0000040300200C030020EFD3C700D5
:10136000310000001003002031710308320000003A
:10137000140300203500000020030020340000008A
:101380001C030020180300207CB506460D46344699
:101390005020005D00F00100A84233D00DB10120C3
:1013A00000E000205021095D60F30001502001554C
:1013B00004F1440168460EF0B2FFBDF80000616A16
:1013C000898A084400B2ADF80000BDF80210606AD6
:1013D000C08A084400B2ADF80200BDF80400616A9A
:1013E000898A084400B2ADF80400BDF80610606AAE
:1013F000C08A084400B2ADF80600694630461EF0C7
:101400003EFA00BF7CBD37B582B005461446214682
:10141000039811F00BF80190BDF80410084605B0D0
:1014200030BD2DE9FF4F8DB005460E461446F07ACB
:10143000022803DC012011B0BDE8F08F3089326949
:1014400001460C901098FBF775FC07460FB9002079
:10145000F1E7397D01F01F0016F03FFE10B14FF0AB
:1014600006080AE0397D01F01F0016F019FE10B1E0
:101470004FF0050801E04FF00408386A38B100BFAA
:1014800000BF214628463A6A29F005FCDEE0B8692B
:10149000002859D021460BA80EF00BFF308818B950
:1014A0007088B0F5807F32D020460EF0ECFF834686
:1014B00000BFE0886188401A401C00B20890301DCF
:1014C0007188CDE90010308803B259460BA8089AFC
:1014D000FAF75AFFBDF82C002188084400B2ADF895
:1014E0002C00BDF82E006188084400B2ADF82E0033
:1014F000BDF830002188084400B2ADF83000BDF8D6
:1015000032006188084400B2ADF8320000BF0BAA77
:1015100009A8A968FAF78EFB8146B9F1000F04D13A
:10152000384601F03AFC012085E7D5F808A009A863
:10153000A860CDF80080224631462846BB6912F0EB
:10154000B9FAC5F808A081E022460BA8A968FAF705
:1015500071FB0A900A9820B9384601F01EFC012060
:1015600069E70BA80EF08FFF09900BA80EF08BFF18
:1015700000EB4000039019F05DFD8146D5F808A00E
:101580000BA907A80EF095FE012107A80EF0F1FFA8
:10159000BDF92C00B4F90010401A0690BDF92E00D8
:1015A000B4F90210A0EB010BBDF92E00059042E04A
:1015B00007AA514602A8FAF73DFB0A900A9800B91B
:1015C00036E0CDF80090099803B20FFA8BF2069836
:1015D00001B2384617F0AEFA0490049801280ED0F4
:1015E000384617F0C7F900BF00BF484619F09EFD06
:1015F000384601F0D2FBC5F808A000201BE702A87E
:10160000A8604B4607AA31462846CDF8008012F064
:1016100051FABDF81E00401C00B2ADF81E00BDF826
:101620002200401C00B2ADF822000BF1010B00BFFC
:101630000598401C0590BDF9321005988142B7DA33
:10164000C5F808A0484619F071FD00BF384601F002
:10165000A4FB0120EFE600BF00BF704770B5044651
:101660000420F3F781FE0A48046025464FF47A709F
:1016700045434FF0E020006940F002004FF0E021C8
:10168000086108464561006940F00100086170BDCD
:101690002800002030B50446002504E04FF47A709D
:1016A00000F004F86D1CA542F8D330BD70B50346B8
:1016B00000224FF0E02675690D4E366803FB06F4F4
:1016C0004FF0E026B16910E04FF0E026B0698842A3
:1016D0000BD0884202D20E1A324402E02E1A0E4477
:1016E00032440146A24200D300E0EDE700BF70BDE6
:1016F00028000020F8B506460C4615460095E788F8
:10170000BBB2A788BAB26788B9B22788B8B2F4F773
:1017100079FA304611F08EFEF8BD10B5F4F7C0FC32
:101720000120F4F7ADFA10BDF8B505462C4617F0C8
:1017300005FD0646206B23F081FC3168898B8842C9
:101740002CD2606A009094F83C0000F0030020B1B5
:10175000012806D002280CD107E00020ADF80000D7
:1017600007E064208DF8020003E064208DF8030098
:1017700000BF00BF304617F0A5FE2846009911F0C3
:10178000F0FC50B100221C21284615F04FFC074602
:10179000012F01D03846F8BD00BF00BF23F05BFC2D
:1017A00020630120F7E700002DE9F04F9BB00746CA
:1017B00089461646BA4617A811F0F9FE4FF4A02143
:1017C00038461CF01BFD9DF8691060F382018DF80E
:1017D000691030460EF073FE054600EBD5704FEAF7
:1017E00060083088404400B2ADF85800708840442A
:1017F00000B2ADF85A00002138461CF0B2FE159038
:10180000494603A81BF00CFB17A80B904FF40030BF
:10181000109033480490002005900AF13000FBF747
:1018200085FD044657E02079032800D04DE0208B49
:10183000ADF85C00208A00B2ADF85E006079FD284A
:1018400001DD159803E060791599484300128DF881
:1018500068002568B5F92000E98B08440090B5F9C7
:101860002030D5E90512A06819F096FB8346B5F93A
:101870002000E98B08440090B5F92030D5E9051225
:10188000E06819F089FB0290608B404400B2ADF82B
:101890004800149416A80C9003AA1A21384615F093
:1018A000C5FB029880B21FFA8BF1CDE90010BDF89C
:1018B000480083B216AA17A9484611F05AFE03AA97
:1018C0001B21384615F0B2FB00BF21460AF130005B
:1018D000FBF726FD0446002CA5D11BB0BDE8F08F18
:1018E0001088040870B504460D460022294620469B
:1018F00007F082FE01222946204607F07DFE0222E3
:101900002946204607F096FC04222946204607F087
:1019100091FC70BD2DE9F74F9EB00C46E07802288F
:1019200002DC21B0BDE8F08F1CA820990EF0B8FCB5
:10193000B4F9200001282EDD94F82200FD282ADBCE
:10194000208840B3BDF8700014F8231F4908C1F384
:101950008001084400B2ADF87000BDF87200217833
:101960004908C1F34001084400B2ADF87200BDF867
:10197000740021784908C1F3C001401A00B2ADF8E3
:101980007400BDF8760014F82319C1F34001401A21
:1019900000B2ADF876001E981CA982681AA8FAF762
:1019A00049F900B9BDE7E07B00F0070616B9A08849
:1019B000199001E0E0881990BDF8641060898142B7
:1019C00000D100261CA812F0DBFF18901C2111A8E2
:1019D000EFF701F8A0788DF85D00BDF86400ADF870
:1019E0004C00189860B9208850B94EB91CA81190C5
:1019F000E0788DF85C0011A91E9813F093FF90E732
:101A0000E078FD2801DBFF2000E0E07810901CA8C2
:101A10000EF032FD0F901CA80EF0ADFC0E90DDE92B
:101A20000E01814201DA0F9800E00E980D90B4F992
:101A300000100D98B1EB600F02DAB4F9000001E07C
:101A40000D98401007461AA80EF016FD81464FF07B
:101A5000FF300C9000200B90002F01DC189870B123
:101A6000484619F0E7FA0B9000233AB21CA905A8E2
:101A700013F0FEFA002105A812F07CFC0C90BDF8D2
:101A80006800ADF80C00BDF86C00ADF810000B98C4
:101A9000149003A811901690FF208DF85C00A01DF3
:101AA000DDE90E2115F0ECFE8046B8F1000F0CD0F8
:101AB000022E0AD1BDF96810D8F8080000EB4100E9
:101AC000BDF97010A0EB410012901898A0B3BDF9B9
:101AD0006A502CE028B2ADF80E0028B2ADF8120022
:101AE0004A4610990B9819F016FDBDF968100FFAC7
:101AF00089F32AB20B9812F0F3FE8DF854009DF88A
:101B00005400012802D102208DF85400012E09D181
:101B1000BDF97210691AD8F8080000EB410000887E
:101B2000ADF84C0011A91E9813F0FCFE6D1CBDF918
:101B30006E00A842CEDACCE0FFE700255CE0BDF8FD
:101B4000720028440FFA80FABDF87600401B0FFAA5
:101B500080FBBDF96A00504504DDBDF96E005845B3
:101B600000DA48E04A4610990B9819F0D4FCBDF908
:101B70000C100FFA89F352460B9812F0B1FE8DF853
:101B800054009DF85400012802D102208DF8540021
:101B9000BDF96A00504514DCADF80EA0ADF812A0F6
:101BA000012E0AD1BDF97210AAEB0101D8F8080084
:101BB00000EB41000088ADF84C0011A91E9813F00D
:101BC000B1FEBDF96E00584514DBADF80EB0ADF8AE
:101BD00012B0012E0AD1BDF97210ABEB0101D8F899
:101BE000080000EB41000088ADF84C0011A91E98D8
:101BF00013F098FE00BF6D1CBD42A0DBBDF8700065
:101C0000ADF80400BDF87400ADF80800BDF872002E
:101C1000384400B2ADF80600BDF87600C01B00B233
:101C2000ADF80A0001A812F0ABFE00900098B0B920
:101C3000AEB9BDF87200384400B2ADF80E00BDF880
:101C40007600C01B00B2ADF8120010988DF85C0051
:101C50000020149011A91E9813F064FE38E010982B
:101C60008DF85C0001208DF85400BDF97600A0EBE2
:101C7000070ABDF97200C51927E0009870B14A46FD
:101C800010990B9819F047FCBDF968100FFA89F309
:101C90002AB20B9812F024FE8DF8540028B2ADF849
:101CA0000E0028B2ADF81200012E09D1BDF9721054
:101CB000691AD8F8080000EB41000088ADF84C0024
:101CC00011A91E9813F02EFE6D1C5545D5DD00BFE1
:101CD00000BF0B9810B10B9819F028FA0C98401C13
:101CE00028B10C9813F0ACFA05A812F025FEB8F153
:101CF000000F02D0404615F0BAFD00BF11E62DE9F5
:101D0000F0478EB007460C461546206910B90EB054
:101D1000BDE8F087A07E022800DCF8E7206917F014
:101D2000ADF90646022E55D1002041F6FF71CDE9EE
:101D30000001029003460DA8D4E9041223F07CFDB3
:101D400028460EF099FB814600EBD970298801EBFB
:101D50006000BDF9348008EBD871A0EB610000B2DF
:101D6000ADF82C00BDF82C00BDF834100844401E1E
:101D700000B2ADF8300028460EF0FDFA814600EBC7
:101D8000D970698801EB6000BDF9368008EBD87125
:101D9000A0EB610000B2ADF82E00BDF82E00BDF83A
:101DA00036100844401E00B2ADF8320003A812F00D
:101DB00069FA60690390208BADF81800A07E8DF859
:101DC0002600002000900BAA03A93846236911F0D1
:101DD000A5FEAEE00DA9206916F0F8FD8046B8F129
:101DE000010F02D000BF00BF91E707A811F079FEF4
:101DF000A0788DF82800208BADF82400E07E8DF8C7
:101E00002600A07E8DF82700207FE8BB28460EF034
:101E100033FB824600EBDA70298801EB60000D99F4
:101E2000C1F38A2909EBD971A0EB610000B2ADF8CA
:101E3000140028460EF09FFA824600EBDA7069889B
:101E400001EB60000D994FEA515909EBD971A0EBF4
:101E5000610000B2ADF81600BDF814000D99C1F391
:101E60008A210844401E00B2ADF81800BDF81600E3
:101E70000D9900EB5150401E00B2ADF81A0005AAB2
:101E800007A93846236900E002E011F0DBFD4FE0CE
:101E90006888ADF81600BDF816000D9900EB51509A
:101EA000401E00B2ADF81A003BE02888ADF81400DF
:101EB000BDF814000D99C1F38A210844401E00B2F8
:101EC000ADF8180017E005AA07A93846236911F0F4
:101ED000B9FDBDF814000D99C1F38A21084400B280
:101EE000ADF81400BDF818000D99C1F38A2108441B
:101EF00000B2ADF81800BDF91400B5F9041088421D
:101F0000E1DDBDF816000D9900EB515000B2ADF8BF
:101F10001600BDF81A000D9900EB515000B2ADF853
:101F20001A00BDF91600B5F906108842BDDD00BFE4
:101F300000BF00BFEBE62DE9F04F87B083460C46AB
:101F4000164694F82200022802DC07B0BDE8F08FA4
:101F5000208C00B9F9E794F82300C0F3440000B9DD
:101F6000F3E794F8230000F0010000B1EDE73046FC
:101F70000EF082FA814630460EF0FDF90746B4F9BC
:101F80000050B94501DA484600E038468246B5EBD4
:101F90006A0F01DD4FEA6A05314605A80EF080F9A7
:101FA000BDF9141094F82300400800F0040010B1AB
:101FB000B4F9200003E0B4F920002844404208446A
:101FC00000B2ADF81400BDF9181094F823004008D1
:101FD00000F0080010B1B4F9200003E0B4F92000CB
:101FE00028444042081A00B2ADF81800BDF9161096
:101FF00094F82300400800F0020010B1B4F920006A
:1020000003E0B4F9200028444042084400B2ADF88F
:102010001600BDF91A1094F82300C0F3400010B167
:10202000B4F9200003E0B4F9200028444042081A23
:1020300000B2ADF81A00208C281A0FFA80F8B8F117
:10204000000F01DA4FF00008A07894F82210CDE9D3
:102050000210E08BADF804002BB205AA31465846B9
:10206000CDF8008000F002F800BF6EE72DE9FF4FC9
:10207000A3B00D4616461F463298FF2801DBFF200D
:1020800000E032983290284612F07AFC2290229892
:1020900068B967B9309850B93298009032462946ED
:1020A000319B239800F0A9FA27B0BDE8F08F239860
:1020B0002946826820A8F9F7BDFD00B9F4E720A8F9
:1020C0000EF0DAF981461C2119A819F05EFA48468B
:1020D00018F0B0FF1C904FF0FF301890002F0ADD71
:1020E00000233A46294612A812F0C2FF002112A886
:1020F00012F040F91890012331460CA8309A12F0E2
:10210000B7FF00210CA812F035F90B9009A819901F
:102110001E90BDF8C400ADF86C0032988DF87C00BC
:1021200033988DF87D00B5F900003844B6F90010F9
:10213000884203DDB5F90000384401E0B6F900003B
:1021400000B2ADF81C00B5F90400C01BB6F90410CC
:10215000884203DAB5F90400C01B01E0B6F90400B7
:1021600000B2ADF82000B5F902003844B6F902100B
:10217000884203DDB5F90200384401E0B6F90200F7
:1021800000B2ADF81E00B5F90600C01BB6F9061086
:10219000884203DAB5F90600C01B01E0B6F9060073
:1021A00000B2ADF8220007A80EF066F90690B5F966
:1021B0000200B6F90210884201DC012000E0002094
:1021C0008246B5F90600B6F90610884201DB012007
:1021D00000E000208346229800284CD0BDF8800003
:1021E000ADF82400BDF88400ADF82800BDF98240A8
:1021F00029E0BAF1000F04D1BDF91E00A04200DDB4
:1022000020E0BBF1000F04D1BDF92200A04200DAAA
:102210001DE020B2ADF8260020B2ADF82A004946F4
:102220001C9819F0E9F9BDF980100FFA89F322B270
:102230001C9812F055FB8DF8740019A9239813F01F
:1022400071FB00BF641CBDF98600A042D1DA00BF5B
:102250000CA812F071FB0B9812F0F2FF1898401CBA
:1022600028B112A812F068FB189812F0E9FF1C9828
:1022700018F05CFF18E7B5F90000B6F900108842C5
:1022800001DC012000E000200590B5F90400B6F95A
:102290000410884201DB012000E0002004900120AE
:1022A0000390059860B1049850B1BAF1000F07D0BF
:1022B000BBF1000F04D00698322801DA0020039009
:1022C00001208DF87400BAF1000F15D0039898B171
:1022D000BDF81C00ADF82400BDF82000ADF82800C2
:1022E0006888ADF826007088401E00B2ADF82A005C
:1022F00019A9239813F016FBBBF1000F15D0039812
:1023000098B1BDF81C00ADF82400BDF82000ADF870
:102310002800F088401C00B2ADF82600E888ADF82F
:102320002A0019A9239813F0FDFA059898B1288876
:10233000ADF824003088401E00B2ADF82800BDF88A
:102340001E00ADF82600BDF82200ADF82A0019A93C
:10235000239813F0E7FA049898B1B088401C00B2B3
:10236000ADF82400A888ADF82800BDF81E00ADF82F
:102370002600BDF82200ADF82A0019A9239813F011
:10238000D1FA0398F0BBBDF88000ADF82400BDF889
:102390008400ADF82800B5F90200B6F90210401A21
:1023A000B84201DA384604E0B5F90200B6F9021085
:1023B000401A00B20290002442E06888204400B233
:1023C0000190E888001B00B20090BDF982100198CE
:1023D000814205DDBDF986100098814200DA2EE0C9
:1023E00049461C9819F008F9BDF924100FFA89F331
:1023F000019A1C9812F074FA8DF87400BDF98210DD
:10240000019800E020E0814209DC0198ADF8260047
:102410000198ADF82A0019A9239813F083FABDF9A1
:1024200086100098814209DB0098ADF826000098DC
:10243000ADF82A0019A9239813F074FA00BF641CA0
:1024400002988442B9DBC7E0BDF88000ADF82400F3
:10245000BDF98410BDF91C00401E814202DABDF9AD
:10246000840002E0BDF91C00401E00B2ADF8280057
:1024700009A80EF001F88046B8F1000F48DD059874
:1024800010B9BAF1000F1ED0BDF9824017E020B29A
:10249000ADF8260020B2ADF82A0041461C9819F08C
:1024A000ABF8BDF92410434622B21C9812F018FA7A
:1024B0008DF8740019A9239813F034FA641CBDF93F
:1024C0001E00A042E3DC059810B9BBF1000F1FD03D
:1024D000BDF92200441C17E020B2ADF8260020B25E
:1024E000ADF82A0041461C9819F086F8BDF9241071
:1024F000434622B21C9812F0F3F98DF8740019A922
:10250000239813F00FFA641CBDF98600A042E3DAA9
:10251000BDF98010BDF92000401C814202DDBDF9EB
:10252000800002E0BDF92000401C00B2ADF824009C
:10253000BDF88400ADF8280009A80DF09DFF804685
:10254000B8F1000F48DD049810B9BAF1000F1ED0A1
:10255000BDF9824017E020B2ADF8260020B2ADF8F8
:102560002A0041461C9819F047F8BDF9241043464B
:1025700022B21C9812F0B4F98DF8740019A92398AE
:1025800013F0D0F9641CBDF91E00A042E3DC0498EE
:1025900010B9BBF1000F1FD0BDF92200441C17E099
:1025A00020B2ADF8260020B2ADF82A0041461C98B2
:1025B00019F022F8BDF92410434622B21C9812F0FB
:1025C0008FF98DF8740019A9239813F0ABF9641CE6
:1025D000BDF98600A042E3DA0CA812F0ADF90B9821
:1025E00012F02EFE12A812F0A7F9189812F028FE89
:1025F0001C9818F09BFD00BF56E52DE9FF4F89B0F0
:1026000080460C461546DDF858901C21684618F0A7
:10261000BCFF07A80090BDF83000ADF808008DF8A9
:102620001890B4F90200B5F90210884201DC0120CB
:1026300000E000200646B4F90600B5F9061088420D
:1026400001DB012000E000200746B4F90000B5F9E5
:102650000010884201DC012000E000208246B4F92D
:102660000400B5F90410884201DB012000E00020DD
:1026700083462088ADF81C00A088ADF82000608853
:10268000ADF81E006888401E00B2ADF822001EB1F1
:102690006946404613F046F9E888401C00B2ADF8A0
:1026A0001E00E088ADF822001FB16946404613F0D5
:1026B00039F92088ADF81C002888401E00B2ADF81A
:1026C000200016B1B5F9020001E0B4F90200ADF83E
:1026D0001E0017B1B5F9060001E0B4F90600ADF827
:1026E0002200BAF1000F03D06946404613F01AF9F0
:1026F000A888401C00B2ADF81C00A088ADF82000EE
:10270000BBF1000F03D06946404613F00BF90DB042
:10271000BDE8F08F2DE9FF4F93B0074690469946EC
:102720004FF6FF70804502D117B0BDE8F08F3E46EE
:10273000746A208C1290208C484506D0A4F8209012
:10274000608C20F00400001D60844FF4802120463E
:102750001CF007FB11904FF4802120461CF071FB08
:102760000546119814F0BEFD8246384609F0C3FBB9
:102770008346BBF81600ADF83E00BDF93E000AEBFB
:10278000050108FB010000B2ADF83E00284605EB4C
:10279000D071BDF83E20A2EB610109B2ADF83E1048
:1027A000BDF83E0050442844401E00B2ADF842003F
:1027B000706A808AADF83C00706A008BADF840000A
:1027C00001A812F06BFD01AA4FF4802120461CF0F5
:1027D0006DFE0FAA01A9149812F044FD12982084EE
:1027E000608C20F00400608400BF9DE72DE9F04F6D
:1027F00091B007460D46904699464FF6FF708045CA
:1028000002D111B0BDE8F08F1097109F7C6A208C28
:102810000F90208C484506D0A4F82090608C20F0C2
:102820000400001D608407A811F02CFD07AA4FF4D6
:10283000802120461CF05FFD4FF4802120461CF0D3
:1028400000FBADF82E00384609F055FB064606B9E8
:10285000D7E7079814F046FD8246F08AADF81600D7
:10286000BDF91600BDF92E10514408FB010000B25D
:10287000ADF81600BDF92E0000EBD071BDF81620A2
:10288000A2EB610109B2ADF81610BDF81600504474
:10289000BDF82E100844401E00B2ADF81A00A08A00
:1028A000ADF81400208BADF8180005AA03A8A9689C
:1028B000F9F7C0F98346BBF1000F13D0A868029066
:1028C00003A8A860304617F06FFB0190002000902D
:1028D00006F1140207A92846019B11F01FF902987E
:1028E000A86000BF0F982084608C20F004006084F2
:1028F00000BF86E72DE9F04105463548006810F035
:10290000B3FD04462868866BF06A10B13046F16A60
:102910008847206890B1606880B10CE02C4800685E
:102920000068806A38B12A4A12681068284A12681A
:102930001268916A884720690028EFD10120206140
:10294000234800680068C068806900F0010050B149
:102950001F4800680068C0688069C0F3400010B17B
:102960000120606101E000206061606908B1012020
:1029700000E0002007462868406998B12868007C7C
:10298000C0F3011048B12868007CC0F3800020B17A
:10299000D6E9001000F01EF804E0D6E9002128680E
:1029A000FDF7C0FC206880B1606870B12868007CC9
:1029B00000F0010000B147B12168A068884202D14F
:1029C0006068A06001E02068A060BDE8F0810000C0
:1029D000D00000202DE9F34F83B0044688480068FA
:1029E0000568874800680068007CC0F3400040B17B
:1029F000287CC0F3800020B100BF00BF05B0BDE857
:102A0000F08F287CC0F3011002280AD12146284605
:102A1000049A00F004F921462846049AFDF782FC46
:102A2000EBE0287CC0F30110012804D0287CC0F31F
:102A300001100328F4D1002002907148006810F0C2
:102A400013FD824620460DF0FBFC064620460DF0A5
:102A50007DFC83464FF4A050B0FBF6F000B2584521
:102A600005DA4FF4A050B0FBF6F000B200E0584693
:102A70000190B4F90280287CC0F3011001280BD129
:102A800068882188401A401E00B2E080E088801BE0
:102A9000401C00B2608006E020886080608830447E
:102AA000401E00B2E08000279EE0ABEB07010198DA
:102AB000814201DD019801E0ABEB07000FFA80F9DC
:102AC0000120CAF8100047BBB34526DBB146297C7C
:102AD000C1F30111032901D1012100E000210846C1
:102AE0003146049A00F00FF9287CC0F30110012848
:102AF00007D1A4F8008008EB0600401E00B2A080B9
:102B00003FE02888401EA0EB080000B2A080A0880B
:102B1000801B401C00B2208033E0029820B94FF4A3
:102B2000205018F087FA029002980090297CC1F397
:102B30000111032901D1012100E0002108464A4684
:102B40003146049B00F0B2F8287CC0F30110012844
:102B50000AD108EB070000B2208008EB07004844C8
:102B6000401E00B2A0800CE02888401EA0EB0800A8
:102B7000C01B00B2A080A088A0EB0900401C00B2DE
:102B8000208007EB090058450DDBDAF8180000F04B
:102B9000010040B1DAF81800C0F3400018B101207C
:102BA000CAF8140002E00020CAF81400029808B91C
:102BB000049800E00298024621462846FDF7B2FB41
:102BC00004E0A86A10B12846A96A8847DAF810001C
:102BD0000028F6D106FB09F1049800EB41000490AF
:102BE00007EB090007B200BF5F45FFF65EAF029832
:102BF00010B1029818F09AFA00BF00BFFEE600007C
:102C0000D000002018B5048800940C880480148833
:102C10000C801C881480BDF800401C8018BD2DE974
:102C2000FC5F05460C46164620460DF009FC824620
:102C300020460DF08BFB83461AFB0BF001900198A8
:102C4000471E4FF0000811E006EB47000088009097
:102C500006EB470006EB48010988018006EB4800B7
:102C6000BDF8001001807F1E08F101084745EBD830
:102C7000B4F9069068886188401A401E00B2E0806E
:102C80006888A0EB0900401E00B26080B4F904908F
:102C900028882188401A401E00B2A0802888A0EB16
:102CA0000900401E00B22080BDE8FC9F2DE9F047DE
:102CB00004461D46089F01FB02F0A0F1010C481ECE
:102CC00000FB02F800231AE008EB03000CB1ACEBA8
:102CD000000000260FE0A946AD1C07EB400AB9F83A
:102CE0000090AAF800900CB1104400E0801A06F1A0
:102CF00001090FFA89F68E42EDDB581C03B29342AC
:102D0000E2DBBDE8F0872DE9F04782460C46154628
:102D100000263BE0002731E0601E801B0FFA80F8A0
:102D2000601EC01B0FFA80F9BAF1000F12D007FB2A
:102D3000048C05EB4C0308FB049C05EB4C0209FBDF
:102D4000046C05EB4C0106FB047C05EB4C00FFF723
:102D500059FF11E009FB046C05EB4C0308FB049CD4
:102D600005EB4C0207FB048C05EB4C0106FB047CD5
:102D700005EB4C00FFF746FF781C07B2601C00EB28
:102D8000D071B7EB610FC7DB701C06B204EBD471D6
:102D9000B6EB610FBEDBBDE8F08710B504462046F8
:102DA00015F0E8FD10BD00002DE9F14F9EB01E9812
:102DB00014F036F905462C461E9814F0D8F81D90EC
:102DC000606A17F0F1F807465020005D00F001003E
:102DD00010B91FB0BDE8F08F0FA812F05FFA0FAA6C
:102DE0004FF4E02128461CF061FB04F144010DA8DA
:102DF0000DF095FABDF83400616A898A084400B282
:102E0000ADF83400BDF83610606AC08A084400B2DC
:102E1000ADF83600BDF83800616A898A084400B20E
:102E2000ADF83800BDF83A10606AC08A084400B2B4
:102E3000ADF83A000DAA0FA91D9812F013FA4FF43D
:102E4000E02128461BF0D2FA06464FF4E02128463E
:102E50001BF034FD30440FFA80F84FF4E02128468F
:102E60001BF0A5FE30440FFA80F900200B900C9067
:102E7000E16CC8191F49096888478246E06CC1198E
:102E800052460BA818F0F3F9BDF83400404400B2E4
:102E9000ADF83400BDF83600484400B2ADF8360055
:102EA0004FF0000BD4F824A040F257425946504648
:102EB0001BF08AFE019001980A9002A811F0E2F935
:102EC00002AA4FF4E02128461CF015FA9DF83F00B5
:102ED000022805DCBDF81400BDF82810884207D090
:102EE00000200BAB0DAA02A900901D9810F016FE51
:102EF00000BF6EE7500200202DE9F04FBDB005463F
:102F00000E4600BF00BFAB460BF13000FAF75CFA8B
:102F100010B13DB0BDE8F08F05F114023BA8B168D7
:102F2000F8F788FE00B9F4E7B0683A903BA8B060C3
:102F300035A811F0F3F935AA4FF4E02128461CF02A
:102F400041FA27A812F0AAF99DF8DC008DF89F003D
:102F500047F6FF70ADF89C004FF4E02128461CF0C6
:102F600026F8074600EBD7704FEA60094FF4E021DE
:102F700028461CF01CF8074600EBD7704FEA600AA1
:102F8000314604A819F04CFF24A80A9016A808900E
:102F90004FF4E020119069480590052006900BF150
:102FA0003000FAF7C3F90446C0E00A2235A924A884
:102FB00018F05DF9382227A916A818F058F9E0880A
:102FC000ADF89000E088ADF85C0039A80D9038A805
:102FD0000E90607B00F0010020B1B4F90070B4F9EC
:102FE000028010E0A08847F6FF71884200D197E088
:102FF000A28801AB2846A1680EF08AFDBDF90470D5
:10300000BDF9068000BFA88A384407B2E88A404468
:103010000FFA80F8B9F1000F19D0BAF1000F16D0ED
:10302000A7EB090000B2ADF8080007EB090000B2F9
:10303000ADF80C00A8EB0A0000B2ADF80A0008EBEE
:103040000A0000B2ADF80E0002A8079001E00020CF
:103050000790207B00F0030070B3207B00F001009C
:1030600010B1B5F9140000E03846ADF8E400ADF851
:10307000E680207B00F0020010B1B5F9180000E0F6
:103080003846ADF8E000BDF8E600ADF8E20004AA6D
:103090001A21284613F0CAFF38AB39AA24A93046B2
:1030A00011F025F902AA16A9304612F0DBF804AA9D
:1030B0001B21284613F0BAFF207B00F00C0070B3F0
:1030C000ADF8E470207B00F0040010B1B5F91600F3
:1030D00000E04046ADF8E600BDF8E400ADF8E000E1
:1030E000207B00F0080010B1B5F91A0000E040465E
:1030F000ADF8E20004AA1A21284613F097FF38AB76
:1031000039AA24A9304611F0F2F802AA16A93046CD
:1031100012F0A8F804AA1B21284613F087FF00BF6D
:1031200021460BF13000FAF7FBF80446002C7FF43F
:103130003CAF3A98B06000BFEBE60000D8820408CC
:103140002DE9F14F9AB01A9813F06AFF04461A98C5
:1031500013F00DFF199020461BF05DFF0746204637
:103160001AF0BEF9834607EBD771A28A02EB610120
:1031700009B218910BEBDB714A10E18A114409B2D4
:10318000179107EBD7714E1014A811F0C7F814AAC5
:10319000002120461CF016F94FF41D7016FB00F0BC
:1031A000552190FBF1F0642190FBF1F000B2ADF8F5
:1031B0005200BDF85200801C00B2ADF85200002051
:1031C0001390002120461BF028F80546002347F6FF
:1031D000FF7204F114010DA811F04AFF00210DA89F
:1031E00011F0C8F80C9000BFA08AADF82800E08A62
:1031F000ADF82A00208BADF82C00608BADF82E00C6
:1032000000BFBDF82800284400B2ADF82800BDF882
:103210002C00401B00B2ADF82C00BDF82A00284459
:1032200000B2ADF82A00BDF82E00401B00B2ADF888
:103230002E00012347F6FF720AA904A811F018FF17
:10324000002104A811F096F80390BDF952804FF0C8
:10325000000A4FE051462046FBF7C8FA0090BDF83F
:103260000000ADF850001398C0F30F290FFA89F051
:1032700022F0F4F906EB08014843189901EBE0301D
:1032800000B2ADF804000FFA89F022F0D7F906EB8E
:1032900008014843179901EBE03000B2ADF8060091
:1032A0000FFA89F022F0DAF9711BA1EB080148430B
:1032B000189901EBE03000B2ADF808000FFA89F080
:1032C00022F0BCF9711BA1EB08014843179901EBEF
:1032D000E03001B2ADF80A1002AB01AA14A91998A6
:1032E00011F005F80AF103001FFA80FA139800F5AF
:1032F00087601390BAF5807FACDD0DA811F01CFB40
:1033000004A811F019FB0C9811F09AFF039811F022
:1033100097FF1BB0BDE8F08F2DE9F04FA5B0044634
:103320000F46254604F1140123A8BA68F8F782FC79
:103330002290229810B925B0BDE8F08FB86821908E
:1033400023A8B860002120461BF029F81E90002118
:1033500020461BF03EFA01461E98084400B21D901C
:10336000002120461BF0A1FB01461E98084400B234
:103370001C9020461AF03FF87E35E9884843001239
:1033800000B21B9020461AF017F829894843001212
:1033900000B21A9017A810F0C1FF17AA002120460A
:1033A0001CF010F8394605A819F03AFD00201290DB
:1033B0008C4806900020079017A80B904FF0FF3024
:1033C000139000200E900F9005AA1A21204613F0AA
:1033D0002DFE002001903122204601991BF0F4FBC4
:1033E0000090009800F0FF0B00BF002120461AF06B
:1033F000D6FF0490002001903322204601991BF053
:10340000E3FB0090009800F0FF0800BF20461AF090
:103410005DF9039020461AF053FA029035F87E09C0
:10342000002865D0E18A1C9801440298081A00B26D
:103430000190A08AADF88000208BADF87C004FF0A1
:103440000009B5F87E000FFA80FABBF1020F1ADD11
:103450000498002817DD08F0020040B10021204642
:103460001BF023FB18B909F101000FFA80F908F0ED
:10347000010040B1002120461BF0CEF818B9AAF196
:1034800001000FFA80FA4E462FE01A987043B5F803
:103490007E10491E90FBF1F000B2ADF88200BDF83D
:1034A00082100198084400B2ADF88200BDF8820095
:1034B000ADF87E004B4806900120079020A80E90A2
:1034C0001FA80F90139605AA1A21204613F0AEFDEF
:1034D0001FAB20AA17A9384610F009FF05AA1B2127
:1034E000204613F0A3FD701C06B25645CDDB00BF8D
:1034F000B5F88000002865D0A18A1D980144039882
:10350000081A00B20190E08AADF88200608BADF835
:103510007E004FF00009B5F880000FFA80FABBF189
:10352000020F1ADD0498002817DD08F0040040B1EE
:10353000002120461BF04DF918B909F101000FFADE
:1035400080F908F0080040B1002120461BF0EAF99C
:1035500018B9AAF101000FFA80FA4E462FE01B9825
:103560007043B5F88010491E90FBF1F000B2ADF841
:103570008000BDF880100198084400B2ADF88000CA
:10358000BDF88000ADF87C00164806900220079038
:1035900020A80E901FA80F90139605AA1A21204666
:1035A00013F044FD1FAB20AA17A9384610F09FFE68
:1035B00005AA1B21204613F039FD701C06B25645A2
:1035C000CDDB00BF4FF0FF30139000200E900F9026
:1035D00005AA1B21204613F029FD2198B86000BFE1
:1035E000A9E60000D88204082DE9F14F9AB01A9894
:1035F00013F0B5FC07461A9813F012FD05462C4649
:10360000122F7DD11A9813F008FD06463078022853
:1036100002D11BB0BDE8F08F94F8380000F0030031
:10362000032805D094F8380000F00300022802D1E6
:1036300001203070EDE794F83800C0F384000428CE
:1036400008D094F83800C0F38400012802D001208B
:103650003070DEE74FF0000A4622514628461BF044
:10366000B3FA19901998C0B2FF2802D00120307027
:10367000CFE7002128461BF025FC8146208E81449F
:10368000B9F1000F02D001203070C2E700212846B6
:103690001BF059FC8046E08E00FB08F04FEA202822
:1036A0001A9813F0BAFC8346B8F5807F09D100223E
:1036B00005F114015846F8F7FEFAE8BB0120307016
:1036C000A7E7284619F00CFF824628461BF0A3FC0A
:1036D000179004F132001FFA88F100235246CDE919
:1036E000001018A81799F8F74FFEBDF86000A98AD6
:1036F000084400B2ADF86000BDF86210E88A00E04E
:103700001DE0084400B2ADF86200BDF86400A98A6B
:10371000084400B2ADF86400BDF86610E88A0844B9
:1037200000B2ADF86600002218A95846F8F7C3FAAF
:1037300018B9012030706CE700E000BF19E2152FC6
:1037400001D0182FFAD1002128461BF0FCFB80463F
:10375000E08E00FB08F04FEA2028002128461BF0ED
:10376000B1FB8246208E824428461BF054FC1990FF
:10377000284619F0B5FE1890002641F23202314673
:1037800028461BF021FA0E900E9800B2814600BF29
:1037900041F61202314628461BF016FA0E900E989A
:1037A00048440FFA80FB00BF41F613023146284619
:1037B0001BF00AFA0E900E98484400B2179000BF12
:1037C00041F61002314628461BF0FEF90E900E9885
:1037D000484400B2169000BF41F611023146284617
:1037E0001BF0F2F90E900E98484400B21590608ECE
:1037F000584400B2ADF85000A18E1698084400B2AB
:10380000ADF8520094F8390000F00300012804D10B
:1038100012A9284619F00EFE27E014A91FFA88F015
:103820000FFA8AF3CDE9000112A8DDE91821F8F7B3
:10383000ABFDBDF84800A98A084400B2ADF84800C5
:10384000BDF84A10E88A084400B2ADF84A00BDF855
:103850004C00A98A084400B2ADF84C00BDF84E10E7
:10386000E88A084400B2ADF84E0005F1140110A832
:103870000CF043FD12A905F114000CF03EFDBE480A
:103880001A9919F0F3FC0F900F98012800D0C0E6A8
:1038900010A905F114000CF030FD152F7ED1E08D3C
:1038A00008B1A08D00B9B4E6B8F1000F00D1B0E6C0
:1038B0001A9813F05CFB064605F114010DA80CF0F4
:1038C0001CFD284615F0C8FA0C9094F8390000F059
:1038D000030001283CD1B4F92C10BDF93020891A1D
:1038E000481C00EBD071BDF83420A2EB610109B295
:1038F000ADF83410B4F92C10BDF93020891A481CE9
:1039000000EBD071BDF83820A2EB610109B2ADF82F
:103910003810B4F92E10BDF93220891A481C00EB7A
:10392000D071BDF83620A2EB610109B2ADF83610B6
:10393000B4F92E10BDF93220891A481C00EBD07161
:10394000BDF83A20A2EB610109B2ADF83A1013E0DC
:1039500012A80CF0D7FDBDF834100844401E00B288
:10396000ADF8380012A80CF03EFDBDF83610084442
:10397000401E00B2ADF83A00BDF83400584400B221
:10398000ADF83400BDF836101698084400B2ADF812
:103990003600BDF838101798081A00E0E8E000B2C9
:1039A000ADF83800BDF83A101598081A00B2ADF815
:1039B0003A0094F8380000F00300012805D094F88C
:1039C000380000F0030000287AD106A810F089F82A
:1039D00006AA002128461BF02FFC1FFA88F0ADF83C
:1039E0001A001FFA8AF0ADF81800608EADF81C00BE
:1039F000A18EADF81E1094F83800C0098DF82C0087
:103A0000BDF84800584400B2ADF81000BDF84A10A7
:103A10001698084400B2ADF81200BDF84C10179883
:103A2000081A00B2ADF81400BDF84E101598081A27
:103A300000B2ADF81600B068039004AA04A8B168FB
:103A4000F8F7F8F800B9E4E504A8B060BDF836105E
:103A5000608D084400B2ADF80600BDF90600BDF95E
:103A60003610884206DDBDF80600E18D401A00B22E
:103A7000ADF80600BDF80600E18D0844401E00B216
:103A8000ADF80A0049E0BDF83400218D084400B2C9
:103A9000ADF80400BDF90400BDF93410884206DD1C
:103AA000BDF80400A18D401A00B2ADF80400BDF8C5
:103AB0000400A18D0844401E00B2ADF8080016E0D5
:103AC00034E001AA06A93046636A0FF0BBFFBDF8D7
:103AD0000400BDF83010084400B2ADF80400BDF891
:103AE0000800BDF83010084400B2ADF80800BDF978
:103AF0000400BDF938108842E3DBBDF80600BDF8CC
:103B00003210084400B2ADF80600BDF80A00BDF856
:103B10003210084400B2ADF80A00BDF90600BDF944
:103B20003A108842AFDB0398B06020E094F8380088
:103B300000F00300022811D104A810F0A3FB04AA8E
:103B4000002128461BF0D7FB0020009005F114024D
:103B500004A93046636A0FF0E1FF08E000BF00BF30
:103B6000002305F11402194630460FF06BFF00BF29
:103B700000BF00BF4DE500007CFF04082DE9F14FB8
:103B8000DCB05C9813F04CFA05462C465C9813F0B8
:103B9000EEF95B9059A9284619F04CFC0020CDE9BC
:103BA000105040F60A02DDE910011BF00DF80F90ED
:103BB0000F9800B258900020CDE9105040F60B024B
:103BC000DDE910011BF000F80F900F9800B257903C
:103BD000BDF864115898081A00B2ADF86401BDF838
:103BE00068115898084400B2ADF86801BDF8661134
:103BF0005798081A00B2ADF86601BDF86A115798D7
:103C0000084400B2ADF86A0159A80CF06DFC834677
:103C100059A80CF0DAFB5690D4E90A10A0EB010980
:103C20005698834501DB012000E0002080460020FB
:103C3000559094F85C0000F0030001280BD1A06AB5
:103C4000002808DAE06A002805DDA16A206B8842B6
:103C500001D101205590002128461AF0E1FD549031
:103C6000002128461AF085FE5390002128461AF0BC
:103C700043FF5290002128461AF0F5FC519059A9B3
:103C800004F134000CF027FBA18E5498084400B2D4
:103C9000A086218F5398081A01B22187E18E52988D
:103CA000084401B2E186618F5198081A01B2618718
:103CB000B8F1000F13D004F134000CF086FB042897
:103CC0000DDA569800EBD0714A10E98A1144891E2A
:103CD0000AB2E286E08E001D01B2618715E0B8F1FC
:103CE000000F12D104F134000CF0FEFB04280CDAB2
:103CF00058460BEBD071AA8A02EB6101891E09B20A
:103D0000A186A08E001D01B2218704F134000CF0C1
:103D1000EBFB509004F134000CF057FB4F90B8F1DE
:103D2000000F01D0509800E04F988246B8F1000F84
:103D300005D004F13406371DFE484C9004E004F130
:103D40003606371DFC484C90A06D401CF8B1A36AA4
:103D5000216DC91A01FB0AF191FBF9F108B2A36ABE
:103D6000616DC91A01FB0AF191FBF9F10AB2131A4C
:103D7000D4F858C003FB0CF1CB1701EB13631B12F3
:103D80001BB24D934D99014409B24D9108E0A16ACF
:103D9000206B401A00FB0AF090FBF9F000B24D9046
:103DA000A06C401CE0B1A36A216CC91A01FB0AF1A6
:103DB00091FBF9F108B2A36A616CC91A01FB0AF11F
:103DC00091FBF9F10AB2131AD4F848C003FB0CF1C5
:103DD000CB1701EB136300EB23231BB24E9308E0D8
:103DE000D4E90901401A00FB0AF090FBF9F000B297
:103DF0004E900020119041F26A42284611991AF023
:103E0000E3FE10901098C0B24B90B8F1000F0ED0A6
:103E10004B9801280BD130463E4607464E99494201
:103E200009B24E914D99494209B24D9100BFB8F186
:103E3000000F0AD031884E98084400B2388031888B
:103E40004D98084400B230800AE039884E98081A2C
:103E5000401C00B2308039884D98081A00B2388072
:103E6000559878B3A26A524202FB0AF292FBF9F229
:103E700011B2B8F1000F0CD032880A4410B2B7F971
:103E80000020824201DD30801BE03A883280388099
:103E900017E03A88521A521C10B2B6F9002082423A
:103EA00001DD388002E032883A803080B7F90020A6
:103EB000B6F900309A4204DAB6F900003A88328046
:103EC000388000BF559800BB04F134004C998847F6
:103ED00001281ADC68465B9918F0A2FF4FF4003005
:103EE0000D90964801900020029004F13400039058
:103EF0006A461A21284613F099F86A461B2128467B
:103F000013F094F85DB0BDE8F08F04F1340149A8D6
:103F10000CF0E1F93BA811F0C1F93BAA4FF40031D4
:103F200028461BF0C3FA29A85B9918F079FF4FF4D3
:103F30000030369081482A9000202B903BA82D908D
:103F400004F134002C9029AA1A21284613F06EF8A7
:103F5000002011906022284611991AF035FE109029
:103F6000109800B228905698834501DA584600E030
:103F700056982790DDE92701B1EB600F02DD279805
:103F800040102890BDF9EC0026904F995098884237
:103F900001DA509800E04F982790DDE92601B0EB58
:103FA000610F02DD279840102690B8F1000F08D06D
:103FB00004F134000CF098FA01462698B1EB400F5A
:103FC0000BDCB8F1000F28D104F134000CF0FDF93E
:103FD00001462698B1EB400F1FDD9DF8EF001190D0
:103FE0009DF8060110909DF80E010F9000208DF8AD
:103FF000EF008DF806018DF80E0104F134023BA9A3
:104000005B9811F02FF911988DF8EF0010988DF84A
:1040100006010F988DF80E0100BFA98A5498084434
:1040200000B2ADF87800298B5398081A00B2ADF8A9
:104030007C00E98A5298084400B2ADF87A00698B96
:104040005198081A00B2ADF87E0000231EA920A8DE
:10405000289A11F00DF8002120A810F08BF91D907E
:104060009DF822011C909DF80E011B9000208DF8F8
:104070000E018DF8220159A919A80CF02CF9BDF8F0
:1040800064105498084400B2ADF86400BDF866109E
:104090005298084400B2ADF86600BDF86810539815
:1040A000081A00B2ADF86800BDF86A105198081AF5
:1040B00000B2ADF86A00B8F1000F15D019A80CF0E5
:1040C00084F9042810DA569800EBD0714A10E98A76
:1040D0001144891E09B2ADF86610BDF86600001DD6
:1040E00000B2ADF86A0017E0B8F1000F14D119A8BA
:1040F0000CF0FAF904280FDA58460BEBD071AA8AB3
:1041000002EB6101891E09B2ADF86410BDF86400CC
:10411000001D00B2ADF86800BDF9EC20002304F1E9
:10412000340113A810F0A4FF002113A810F022F905
:10413000129005E0E9040208CB030208D4FE04084B
:1041400019AA3BA95B9811F08DF81B988DF80E0108
:104150001C988DF8220100208DF8EF008DF80601E3
:104160008DF8220104F134023BA95B9811F07AF832
:1041700013A810F0E1FB20A810F0DEFB129811F05C
:104180005FF81D9811F05CF829AA1B21284612F04F
:104190004DFF00BFB6E6F0B591B00546284612F0D7
:1041A0003FFF0446284612F0E2FE0746264603A8D3
:1041B00011F074F803AA4FF4403120461BF076F951
:1041C00047F6FF70ADF80C002C20805D00F0010078
:1041D00038B120460EF0B3FF0090BDF80000ADF8F6
:1041E0001000214601A807F09FFD01AA03A9384647
:1041F00011F038F811B0F0BD2DE9F04FB3B08146A1
:10420000484612F00DFF80464446484612F0AFFE85
:104210003290002140461AF05BF8054640461AF0FD
:10422000FAFE8246404619F05BF98346DA4501DB27
:10423000012000E0002006460EB1584600E050463E
:104240003190002794F85C0000F00300012806D1AB
:10425000A06A002803DAE06A002800DD0127002EAA
:104260003CD097B93EB1012D02D1B4F9340009E038
:10427000B4F9380006E0012D02D1B4F9360001E0AE
:10428000B4F93A00ADF8BC0037E0606A002812DBF0
:104290003EB1012D02D1B4F9340009E0B4F938007F
:1042A00006E0012D02D1B4F9360001E0B4F93A007C
:1042B000ADF8BC0021E03EB1012D02D0B4F93400CC
:1042C00009E0B4F9380006E0012D02D0B4F9360057
:1042D00001E0B4F93A00ADF8BC000EE01FB9E08E81
:1042E000ADF8BE0009E0606A002803DBE08EADF89F
:1042F000BE0002E0608FADF8BE0021A810F0CEFF36
:1043000021AA4FF4403140461BF0D0F833462FA984
:104310004046319A23F0B3FD2FA904F168000BF059
:10432000F5FF0FA8329918F07BFD4FF440301C9038
:104330003C481090002011901D9004F168001290EC
:1043400021A8139040461EF06AFB022810D00FAA45
:104350001A21404612F06AFE04F1680221A932983F
:1043600010F080FF0FAA1B21404612F05FFE55E0BF
:10437000382221A901A816F07AFF0FAA1A21404677
:1043800012F054FE04F1680221A9329810F06AFF7D
:104390000FAA1B21404612F049FE96B13EB1012DF5
:1043A00002D0B4F9340009E0B4F9380006E0012D78
:1043B00002D0B4F9360001E0B4F93A00ADF8BC001F
:1043C00002E0608FADF8BE0033462FA94046319A17
:1043D00023F055FD2FA904F160000BF097FF382260
:1043E00001A921A816F043FF0120119004F16000FB
:1043F000129021A8139001201D900FAA1A21404667
:1044000012F014FE04F1600221A9329810F02AFF84
:104410000FAA1B21404612F009FE00BF33B0BDE8D1
:10442000F08F0000080005082DE9F04790B007461E
:10443000384612F0F5FD0546284619F0A1F8064663
:1044400008A80FF01FFF08AA002130461AF053FFFA
:10445000384612F08CFD0446D4F8088006F11402A8
:1044600006A8A168F7F7E6FB10B910B0BDE8F08721
:1044700006A8A06004A9304608F0D4F8A88AADF8D0
:104480000800E88AADF80A00288BADF80C00BDF8EA
:104490001200ADF80E0002AA02A8A168F7F7CAFB45
:1044A00098B1D4F8089002A8A060284615F07CFDC9
:1044B00082460020534605F1140208A900902046C8
:1044C0000FF02CFBC4F8089000BFA88AADF80800D4
:1044D000BDF81600ADF80A00288BADF80C00688B0B
:1044E000ADF80E0002AA02A8A168F7F7A3FB98B1E5
:1044F000D4F8089002A8A060284615F055FD824621
:104500000020534605F1140208A9009020460FF040
:1045100005FBC4F8089000BFC4F8088000BFA4E7FA
:104520002DE9FF4FA1B0064614462498807B00F089
:104530000F052298807E1F90032D00D10425012DA8
:1045400006D0022D0BD0042D10D0082D1DD114E063
:10455000DFF86C834FF0800A02201E901AE0DFF82B
:1045600064834FF0C00A04201E9013E0DFF85883E4
:104570004FF0F00A10201E900CE0DFF850834FF04F
:10458000FF0A4FF480701E9004E000BF00BF25B00A
:10459000BDE8F08F00BF1F98FD2823DACC480178D2
:1045A0001F98814203D1CB480068A84213D0002055
:1045B0000DE018F80010FF2901D11F9904E018F848
:1045C00000101F9A51430912C34A1154401C1E99EE
:1045D0008842EED300BFDFF80083BD491F98087002
:1045E000BC4805602498B0F806B0249800891B9058
:1045F0000BFB05F01A90B4F90000B168B1F9001096
:10460000884201DB002005E0B068B0F90000B4F991
:104610000010401A1990B4F900005844B168B1F97B
:104620000410884201DC584606E0B068B0F9040086
:10463000B4F90010401A401C1890B4F90200B16897
:10464000B1F90210884201DB002005E0B068B0F942
:104650000200B4F90210401A1790B4F902101B9826
:104660000844B168B1F90610884201DC1B9806E0E5
:10467000B068B0F90600B4F90210401A401C169058
:104680001A9917984843199901FB050015902E991E
:10469000159801EBD0002E90159800F007071C210B
:1046A0000DA816F072FF22988089ADF83C00229880
:1046B000807E8DF84C002298807FC0F3C2008DF878
:1046C0004D00F9F747F901900EF0D2FE0C901B98BF
:1046D0000BFB00F10C98814201DD0C9802E01B9964
:1046E0000BFB01F00B900B9816F0A4FC8146CDF863
:1046F000409000200A9021881998084400B2ADF833
:104700002000218818980844401E00B2ADF824000B
:1047100061881798084400B2ADF82200BDF8220065
:10472000ADF8260000BFBDF82400BDF82010401AE7
:10473000401C00B2079000BFBDF82000ADF8140087
:10474000BDF82200ADF81600BDF82400ADF8180041
:10475000BDF82600ADF81A0000BFBDF81610169877
:10476000084400B2ADF81A0005A810F009F9049049
:1047700008A80D901290C5F10800039019980BEB52
:1047800000011898081A6843029017981C9078E066
:104790000A9801902AFA07F0209019981D9028E0B5
:1047A0002E980078209908400399C91BC84014909E
:1047B000149830B1149818F800100A9809F80010ED
:1047C00003E000210A9809F800100398874204D2F8
:1047D0002F442098E840209005E00027CDF880A0E5
:1047E0002E98401C2E900A98401C0A901D98401C40
:1047F0001D9018991D988842D2DB0498A0B1BDF98C
:104800002620BDF92010019B09EB0300079B10F047
:1048100067F88DF844009DF8440028B9019909EB28
:104820000100079916F0B1FEDDE91801411A0A9856
:1048300001440B98814206D2BDF82600401C00B20C
:10484000ADF8260012E002208DF844000DA9304694
:1048500011F068F8BDF82600401C00B2ADF8220047
:10486000BDF82200ADF8260000200A900298074407
:104870002E9800EBD7002E9007F007071C98401CDD
:104880001C9016991C98884282DBBDF92200BDF964
:10489000261088420ED0BDF82600401E00B2ADF8AA
:1048A000260002208DF844000DA9304611F03AF898
:1048B00000200A90484616F039FC00BF67E6000069
:1048C00024810408268104083281040842810408F6
:1048D000E0000020E4000020E80A00202DE9FF4F5E
:1048E0008FB00C4615461E46B4F90200401E0E90CD
:1048F0000E9840100D900E9800F001010D9808449C
:104900000C90B5F90000B6F90010884202DAB5F94A
:10491000000001E0B6F90000ADF82800B5F900008C
:10492000B6F90010884202DDB5F9000001E0B6F9E1
:104930000000401E00B2ADF82C0069880C98081ADF
:1049400000B2ADF82A0069880D98084400B2ADF8AD
:104950002E000F980AA982680AA8F7F76BF9824619
:10496000BAF1000F02D113B0BDE8F08FE08818B1A2
:10497000A08808B1012000E00020834601200990B2
:104980000AA80FF0FDFF10B10020099004E0BBF170
:10499000000F01D0002009901C2102A816F0F5FD9F
:1049A0000AA802902088ADF81000207A8DF8200027
:1049B000099820B102A90F9810F0B4FF78E00AA876
:1049C0000BF053FD0746BDF92E000190BDF82A00FB
:1049D000ADF82E0000200090BBF1000F0BD0B4F911
:1049E0000600B4F904100844BDF9281091FBF0F258
:1049F00000FB12100090384616F01CFB8046CDF8E4
:104A000014800AA80790BDF92A904AE0394640462A
:104A100016F0F2FDBDF928103BB20FFA89F24046BC
:104A20000FF05EFF8DF81800BBF1000F27D09DF846
:104A3000180020B3009800211BE0B4F90420824242
:104A400007DBA3881B1A1AB28B1819B2831818B285
:104A50000BE0B4F90620B4F904301A44824201DCB8
:104A6000002002E0002208F801204A1C11B2421C7A
:104A700010B2B942E1DB02228DF8182000BF02A972
:104A80000F9810F04FFFBDF82A00401C00B2ADF89F
:104A90002A00BDF82E00401C00B2ADF82E0009F12E
:104AA000010901988145B1DD404616F03FFB00BF8A
:104AB00000BF58E72DE9FF4FC7B08B4691469A4695
:104AC000B9F90200BAF90210884210DAB9F8020006
:104AD000ADF81A01BAF80200ADF81601B9F80000F5
:104AE000ADF81801BAF80000ADF814010FE0BAF8FB
:104AF0000200ADF81A01B9F80200ADF81601BAF8D3
:104B00000000ADF81801B9F80000ADF81401BDF9C6
:104B10001401BDF91811441ABDF91601BDF91A1195
:104B2000451A002C01DD204600E06042002D01DD29
:104B3000294600E06942884201DD012000E00020B2
:104B40004490BBF9026000204390449870B1002D5E
:104B500001DD284600E068424101002C01DD2046CD
:104B600000E0604291FBF0F043900DE0002C01DD8D
:104B7000204600E060424101002D01DD284600E0B2
:104B8000684291FBF0F04390E0494398085C704321
:104B90003F30C611771006F0010000EB0708BDF9A1
:104BA0001801BDF91411884202DABDF9180101E0BB
:104BB000BDF91401801B00B2ADF80401BDF9180164
:104BC000BDF91411884202DDBDF9180101E0BDF9FB
:104BD0001401304400B2ADF80801BDF91A01BDF965
:104BE0001611884202DABDF91A0101E0BDF9160179
:104BF000801B00B2ADF80601BDF91A01BDF916110E
:104C0000884202DDBDF91A0101E0BDF91601304408
:104C100000B2ADF80A01479841A9826841A8F7F7A8
:104C200009F84090409810B94BB0BDE8F08F449817
:104C3000F0B3002C24DD0021BDF81601C01B00B22A
:104C4000CDE90001BDF91431BDF81A01C01B02B253
:104C5000BDF9181135A80FF08DFF0121BDF816011F
:104C6000404400B2CDE90001BDF91431BDF81A018C
:104C7000404402B2BDF918112AA80FF07BFF4AE0A8
:104C80000021BDF81601404400B2CDE90001BDF994
:104C90001431BDF81A01404402B2BDF9181135A80B
:104CA0000FF068FF0121BDF81601C01B00B200E043
:104CB0000DE0CDE90001BDF91431BDF81A01C01BAA
:104CC00002B2BDF918112AA80FF054FF23E0002109
:104CD000BDF91601CDE90001BDF81401404403B24D
:104CE000BDF91A21BDF81801404401B235A80FF0F2
:104CF00041FF0121BDF91601CDE90001BDF8140104
:104D0000C01B03B2BDF91A21BDF81801C01B01B2C6
:104D10002AA80FF02FFF002135A80FF02BFB1390CE
:104D200000212AA80FF026FB12904FF0FF301190BF
:104D300010909BF80900C0F3001068BB0321BDF878
:104D40001A01204400B2CDE90001BDF81801401B52
:104D500003B2BDF91A21BDF918111FA80FF00AFFFF
:104D60000221BDF81601204400B2CDE90001BDF8D2
:104D70001401401B03B2BDF91621BDF9141114A88A
:104D80000FF0F8FE00211FA80FF0F4FA1190002197
:104D900014A80FF0EFFA109041A80BF066FB0F90EB
:104DA000F8F7D8FD01900EF063FB0D9041A80BF0D1
:104DB00028FB01460D98814203D241A80BF021FB4C
:104DC00000E00D980C900C9816F034F90B90BDF99A
:104DD0000A010A90BDF80601ADF80A010020099009
:104DE000DDE90B0116F008FC1C2102A816F0CDFB32
:104DF00041A80290BBF80000ADF810009BF8080035
:104E00008DF820000B98059041A80790BDF9060188
:104E10000E9040E0BDF90411099B0B9AD0180F9A2F
:104E200013B20E9A12B20FF05BFD8DF818009DF8C8
:104E3000180028B9099A0B9988180F9916F0A5FB44
:104E40000F990998084409900F99099801440C9802
:104E5000814206D2BDF80A01401C00B2ADF80A0139
:104E600016E002208DF8180002A9479810F05AFDAC
:104E7000BDF80A01401C00B2ADF80601BDF80601FC
:104E8000ADF80A0100200990DDE90B0116F0B4FB32
:104E90000E98401C0E900A990E988842BADDBDF912
:104EA0000601BDF90A1188420CD0BDF80A01401E66
:104EB00000B2ADF80A0102208DF8180002A9479847
:104EC00010F030FD0B9816F031F935A80FF034FDD5
:104ED0002AA80FF031FD1198401C10B11FA80FF047
:104EE0002BFD1098401C10B114A80FF025FD13984D
:104EF00010F0A6F9129810F0A3F9119810F0A0F98B
:104F0000109810F09DF900BF8EE600004282040860
:104F10002DE9FF4F91B00C4615461E46B4F902002C
:104F2000401E1090109840100F90109800F0010152
:104F30000F9808440E9029880E98081A00B2ADF810
:104F4000300029880F98084400B2ADF83400B5F954
:104F50000200B6F90210884202DAB5F9020001E057
:104F6000B6F90200ADF83200B5F90200B6F9021048
:104F7000884202DDB5F9020001E0B6F90200401EE8
:104F800000B2ADF8360011980CA982680CA8F6F7AB
:104F900051FE8146B9F1000F02D115B0BDE8F08F86
:104FA000E08818B1A08808B1012000E00020824606
:104FB00001200B900CA80FF0E3FC10B100200B9027
:104FC00004E0BAF1000F01D000200B901C2104A8CE
:104FD00016F0DBFA0CA804902088ADF81800207AAF
:104FE0008DF828000B9820B104A9119810F09AFCB4
:104FF00066E00CA80BF039FA8346BDF93600039041
:10500000BDF83200ADF83600584616F013F802909D
:10501000029807900CA8099000200190BAF1000FA7
:105020000BD0B4F90600B4F904100844BDF93210ED
:1050300091FBF0F200FB12100190019FBDF932804C
:1050400037E05946029816F0D7FABDF930100FFA3A
:105050008BF30FFA88F202980FF042FC8DF82000D3
:10506000BAF1000F13D09DF8200070B1B4F904001C
:10507000B84202DA00208DF82000B4F90600B4F935
:1050800004100844B84200DC0027781C07B204A9C9
:10509000119810F047FCBDF83200401C00B2ADF88A
:1050A0003200BDF83600401C00B2ADF8360008F101
:1050B000010803988045C4DD029816F037F800BF58
:1050C00000BF6AE72DE9FC5F8046404611F0A8FF6B
:1050D0000746B946D9F824603446404611F047FFE8
:1050E0000546606A00F114026846A968F6F7A2FD59
:1050F0008246BAF1000F41D0D5F808B0C5F808D003
:1051000094F83C00C0F3401048B3608FE18E8842B1
:105110000CD1628F212329463046FDF7FBFA628FBE
:10512000212329463046FDF761FB24E0628F2023CE
:1051300029463046FDF7EEFA628F20232946304695
:10514000FDF754FBE28E012329463046FDF7E2FAD3
:10515000E28E012329463046FDF748FB0BE0628FC3
:10516000202329463046FDF7D5FA628F20232946B1
:105170003046FDF73BFBC5F808B000BFBDE8FC9F1B
:105180002DE9F14FD0B0509811F04AFF0446254662
:10519000288E10B951B0BDE8F08F509811F0E7FE9D
:1051A0004F90608C20F00400001D60844DA92046C3
:1051B00018F040F90026B246B4F820800020208480
:1051C000608C20F00400001D608427A810F066F8B1
:1051D0001FA80FF057F827AA4FF4A02120461AF075
:1051E00065F91FAA4FF4A02120461AF084F8608CBC
:1051F00020F004006084A4F820800021204619F0EB
:1052000088FC1E900021204619F03AFA1D900021DA
:10521000204619F012FB1C900021204619F0B6FB25
:105220001B9009A84F9917F0FBFD4FF4A020169092
:10523000D7480A9000200B903DA80D9035A80E90FD
:1052400000BF9BE103E00AF101001FFA80FA696ADE
:1052500051F82A00CFA1EBF711FC0028F3D0E96A3E
:1052600031F81600FAF75AFC00B181E10027E96A2B
:1052700031F81600FAF742FC08B147F00107E96A75
:1052800031F81600FAF74EFC10B147F0800716E02F
:10529000A88EB04213D108F0200008B147F02007D3
:1052A00008F0020008B147F0020708F0040008B156
:1052B00047F0040708F0080008B147F00807A86A9B
:1052C00000EBC6014BA80BF00FF8BDF82C01BDF8A0
:1052D0003411084400B2ADF82C01BDF82E01BDF820
:1052E0003611084400B2ADF82E01BDF83001BDF80A
:1052F0003411084400B2ADF83001BDF83201BDF8F8
:105300003611084400B2ADF8320157B9382227A946
:105310003DA815F0ACFF20221FA935A815F0A7FF66
:105320001DE02784608C20F00400001D60843DA8EF
:105330000FF0B4FF35A80EF0A5FF3DAA4FF4A02151
:1053400020461AF0B3F835AA4FF4A021204619F0F0
:10535000D2FFA4F82080608C20F004006084E96A09
:1053600031F81600FAF7E6FB8346BBF1000F06D0D2
:105370009DF8F10040F001008DF8F10005E09DF886
:10538000F10020F001008DF8F1004BA80C90179669
:1053900009AA1A21204611F049FE9DF8170140087C
:1053A00000F01000F0B39DF8170120F03E001E3011
:1053B0008DF81701BDF92C11B4F914201C98104474
:1053C00081420AD19DF81701400820F004009DF8A1
:1053D000171160F345018DF81711BDF93011B4F9BB
:1053E00018201B98101A81420AD19DF81701400815
:1053F00020F008009DF8171160F345018DF8171192
:10540000BDF92E11B4F916201E98104481420CD11A
:105410009DF81701400820F002009DF8171160F375
:10542000450100E014E08DF81711BDF93211B4F90F
:105430001A201D98101A81420AD19DF817014008C0
:1054400020F001009DF8171160F345018DF8171148
:105450004BA80AF0C1FF814607F0200060B1E86A5E
:1054600030F8160000F4007030B1BDF82E01A0EB4A
:10547000090000B2ADF82E014BAA3DA94F980FF0DC
:10548000F1FE35980890BDF9E8000790BDF9E600F7
:105490000690686A50F82A0005904DA80BF02BF88A
:1054A00003909DF8F11002460698CDE90121009085
:1054B00004A8DDE90732059920F0BEF94BA80BF0EE
:1054C0001AF8BDF91010401A039000EBD070BDF827
:1054D0002C1101EB600000B2ADF82C014BA80AF0D2
:1054E0007BFFBDF91210401A039000EBD070BDF89D
:1054F0002E1101EB600000B2ADF82E01BDF82C01B9
:10550000BDF81010084400B2ADF83001BDF82E010E
:10551000BDF81210084400B2ADF8320107F02000C7
:10552000C0B1E86A30F8160000F4007090B1484647
:1055300009EBD071BDF82E21A2EB610109B2ADF8E3
:105540002E1109EBD071BDF83221A2EB610109B235
:10555000ADF83211002000904BAA35A9059B4F9859
:105560000EF0DCFA09AA1B21204611F05FFD00BFF6
:10557000701C86B20AF101001FFA80FA288EB04230
:105580003FF760AE608C20F00400608400BF01E64D
:105590000CFF04080A0000002DE9F14FA2B0229888
:1055A00011F03EFD04462546229811F0E0FC2190C2
:1055B0000021204618F000FF81462646002741F6CC
:1055C00012023946304619F0FFFA0A900A98484408
:1055D00000B2209000BF41F613023946304619F060
:1055E000F3FA0A900A98484400B21F90002120461E
:1055F00019F0A9FA484400B21E9016A80EF042FE17
:1056000016AA4FF40031204619F075FEA86A10B1B1
:10561000D5F828800AE0802015F00CFD064680228F
:105620003146204611F0D6F9B04600BF4FF0000ACF
:1056300095F83C0000F00F00012800D182460026BA
:1056400041F26A423146204619F0BEFA0A900A98A1
:10565000C0B2012800D18246E86A00287ED0E86AFC
:1056600013F00CFD0A900A98022814D19DF87500D9
:1056700041F6FF72BDF96A10CDE900120290BDF942
:105680006C30169A07A8E96A20F0D6F8BDF91C60BC
:10569000BDF91E7011E007A9E86A13F097F9834677
:1056A000BBF1010F05D10798C0F38A260798470D73
:1056B00002E04FF0FF36374600BFBAF1000F0DD0C1
:1056C000A18A2098084400B2ADF82000BDF820005F
:1056D0003044401E00B2ADF824000DE0218B1F982D
:1056E000081A801B00B2ADF82000BDF8200030443D
:1056F000401E00B2ADF824000A98022815D1E18AB4
:105700001E98084400B2ADF82200BDF822003844CB
:10571000401E00B2ADF826000020009008AA16A98D
:10572000EB6A21980EF0FAF940E0204617F0D8FE17
:10573000A0EB070B0BEBDB704110E08A084400B2D2
:10574000ADF82200BDF822003844401E00B2ADF88A
:10575000260002A80EF0C5F902AA00E027E04FF4E7
:105760000031204619F068FD304606EBD071491033
:1057700009B2ADF80C10384607EBD07149100AB2E7
:10578000ADF80E204FF4003B43F60F025946204679
:1057900019F01AFA0190019880B2ADF8080008AA31
:1057A00002A9EB6A21980EF04DF900BF00BF0EA8C8
:1057B0000EF068FD0EAA0021204619F09CFD9DF810
:1057C000550041F6FF72BDF94A10CDE90012029072
:1057D000BDF94C3041460DA80E9A20F02DF8E18A13
:1057E0001E98084400B2ADF82E00BDF82E00BDF89A
:1057F0003610084400B2ADF83200E86AB0B920466D
:1058000019F009FCBDF93410461A06EBD670A18ACE
:1058100001EB600000B2ADF82C00BDF82C00BDF823
:105820003410084400B2ADF8300022E0BAF1000FA5
:1058300011D0218B1F98081ABDF83410401A00B2FD
:10584000ADF82C00BDF82C00BDF83410084400B2AF
:10585000ADF830000DE0A18A2098084400B2ADF800
:105860002C00BDF82C00BDF83410084400B2ADF88F
:105870003000002043460BAA0EA9009021980EF09C
:105880004DF9A86A10B9404615F050FC23B0BDE8A8
:10589000F08F2DE9F14F90B0109811F0C1FB054643
:1058A0002C46109811F063FB06460EA9284617F007
:1058B0004DFD002794F84800C0F3001008B147F0F0
:1058C000010794F84800C0F3401008B147F0020700
:1058D0000021284619F078FB42F2D171884205D1A7
:1058E000688CC0F3802008B947F0040706A80EF0C2
:1058F000C9FCB4F84400ADF82E004620005BADF8BA
:1059000030008DF8357006AA0021284619F0F3FC06
:105910000DA8411E626A03780BB90123037000BF12
:10592000284614F04DFB0790284614F043FB0890DE
:105930004FF6FF71079888421ED0089888421BD006
:105940004FF4802B44F257425946284619F03CF94F
:10595000029002980390BDF80C00ADF8260000BF3D
:1059600020225946284619F02FF9029002980390F8
:10597000BDF80C00ADF8280094F8480000F00700CE
:10598000022805D094F8480000F0070003281FD132
:105990009DF83400022803D09DF83400032817D165
:1059A00041F6FF71BDF92A008DE88300BDF92C3066
:1059B000069A03A8616A1FF03FFF0EA80AF0A9FD2E
:1059C000BDF90C10884202DA01208DF8340000BFC6
:1059D00004F1300894F8480000F00700032805D0CF
:1059E0000EA80AF007FDB0F5806F01DA4FF000084D
:1059F0000EA904A8B268F6F71DF98146B9F1000FA7
:105A000002D111B0BDE8F08F94F8480000F0070013
:105A100070B9284617F054FF8346CBF1000002B25C
:105A200000210EA80AF08DFD688BADF83E0000BF86
:105A300094F8480000F00700022805D094F84800C8
:105A400000F0070003280ED1D6F808B004A8B06013
:105A5000CDF800800EAA06A93046636A0EF05EF803
:105A6000C6F808B007E0CDF800800EAA06A93046B7
:105A7000636A0EF053F8D6F808A004A8B06094F852
:105A8000480000F0070003284FD141F6FF71BDF92F
:105A90002A008DE88300BDF92C30069A03A8616ABC
:105AA0001FF0CAFE0EA80AF034FDBDF90C108842A2
:105AB0001BDA20221146069811F0F9FB00EB40009A
:105AC000B4F84410BDF80C201144084400B2ADF8FD
:105AD0002E004620005BADF83000CDF800800EAA05
:105AE00006A93046636A0EF019F80EA80AF082FC87
:105AF000BDF90E10884217DAB4F84400ADF82E0054
:105B0000069811F0F3FB4621095BBDF80E20114405
:105B1000084400B2ADF83000CDF800800EAA06A906
:105B20003046636A0DF0FAFF00BFC6F808A000BF58
:105B300067E72DE9F14F9AB01A9811F010FA8046F4
:105B40001A9811F06DFA0446B8F1150F16D11A988B
:105B500011F00DFA054618A9204606F063FD0AA8C3
:105B60000FF09CFB0AAA4FF48021204619F09EFCFE
:105B700018AA0AA928460FF075FBC5E0B8F1180F5E
:105B8000FBD11A9811F0F3F9054612A80EF07AFB32
:105B900012AA4FF48021204619F0ADFB10A920462F
:105BA00006F040FD10AA0EA8A968F6F743F80D907C
:105BB0000D9800287DD0204606F0A9F981462046A0
:105BC00019F029FA8346484614F0EEF902210390B1
:105BD000BDF95A00CDE901B10090BDF95C300CA8C7
:105BE000129A03991FF028FE204617F079FC06460A
:105BF000304606EBD0714A10B4F916100A44B9F9D0
:105C00001610891A0B91484617F06AFC0B99890304
:105C100091FBF0F00B900021204619F0BAF80A90A1
:105C20001299B1F908200A99B1F90810501A00EB3D
:105C3000D071491009B20991BDF832100998081ABB
:105C400000B2ADF83200304606EBD0714A10B4F91C
:105C500016105718BDF932000B99484307EBA037CF
:105C600009983F1A0021204618F0B3FB82464FF0F6
:105C7000000B41F612025946204618F0A5FF03908A
:105C8000039800B2089000BF41F61302594620461F
:105C900018F09AFF0390039800B20790A18A089821
:105CA0000844504400B2ADF8140038B2ADF8160004
:105CB00000E028E0218B0798081AA0EB0A0000B248
:105CC000ADF81800BDF81600BDF83210084400B257
:105CD000ADF81A009DF8650040F002008DF86500EF
:105CE000A86804900EA8A860484614F05DF98346A1
:105CF00000205B4605AA12A9009028460DF00EFF71
:105D00000498A86000BF00BF1BB0BDE8F08F2DE96C
:105D1000F14FA8B0289811F083F904462546289839
:105D200011F025F927900021204618F0ADFD2690AE
:105D30000021204618F051FE25900021204618F041
:105D40001CFF24900021204618F0C1FC239000BFC6
:105D5000A08AADF88400E08AADF88600208BADF80B
:105D60008800608BADF88A0000BFBDF884102698CB
:105D7000084400B2ADF88400BDF888102598081AD0
:105D800000B2ADF88800BDF886102498084400B22F
:105D9000ADF88600BDF88A102398081A00B2ADF855
:105DA0008A0013A80FF07AFA13AA4FF400312046A4
:105DB00019F07CFB21AA13A927980FF053FA0026AB
:105DC000204617F08DFB074600BF208BA18A401AA2
:105DD000401CC01B0FFA80F8686A401C40B1696A19
:105DE00001FB08F0C11700EB116109120EB20CE0C3
:105DF000204618F0D9F900F0010BBBF1000F01D0DB
:105E0000404600E00020064600BF4FF0000B41F284
:105E10006A425946204618F0D7FE00900098C0B25A
:105E2000012802D1A8EB060006B2A08A304400B2D5
:105E3000ADF84400BDF84400384400B2ADF8480065
:105E4000E08AADF84600608BADF84A004FF440316F
:105E5000204618F019FD81464FF44031204618F0D5
:105E6000BCFD82464FF44031204618F086FE10906B
:105E70004FF44031204618F02AFC0F90BDF8440042
:105E8000A0EB090000B2ADF84400BDF84800504452
:105E900000B2ADF84800BDF846101098081A00B2DC
:105EA000ADF84600BDF84A100F98084400B2ADF8AE
:105EB0004A0001A80FF0F2F901AA4FF44031204640
:105EC00019F0F4FA11AA01A927980FF0CBF929B01B
:105ED000BDE8F08F2DE9F14FE0B0609811F0A0F827
:105EE00004462546609811F042F8814604F11401F9
:105EF0005EA8D9F80820F5F79DFE10B961B0BDE89D
:105F0000F08FD9F808005D905EA8C9F808004FF03E
:105F1000000841F232024146204618F055FE0C902E
:105F20000C9800B256900021204618F033FE559090
:105F30000021204618F0D8FB54900021204618F08C
:105F4000B0FC53900021204618F054FD52904FF4BD
:105F5000A021204618F0A5FC51904FF4A021204626
:105F600018F048FD50904FF4A021204618F012FE82
:105F70004F904FF4A021204618F0B6FB4E90208C95
:105F80004D9000202084608C20F00400001D60846F
:105F90003FA80FF083F93FAA4FF4A021204619F043
:105FA00085FA29A80EF06EF929AA4FF4A0212046FF
:105FB00019F0A1F94D982084608C20F004006084D1
:105FC0000027204617F090FC0146E28A55981044BD
:105FD000401E411A5698084400B2ADF86E012046A2
:105FE00017F078FC20900021204618F07EF9012857
:105FF00000D100E000201F9049460DA816F010FFC8
:106000004FF4A0201A90FE480E9000200F9031A867
:10601000119021A812904FF0000B33E2E86A30F99A
:106020001B000C90BDF86E01401C00B2ADF86A0177
:10603000BDF86A110C980844401E00B2ADF86E011C
:10604000BDF96A01BDF97E11884200DD1EE21F988C
:1060500058B1218B5298081A401E2099411A56981F
:10606000081A00B2ADF868010AE0A18A5398084402
:10607000401E2099411A5698084400B2ADF86C01B0
:106080000026F7E100200B90A86A50F8270020B105
:10609000A86A50F8270000780B901F9880B1BDF8CF
:1060A0006801401E00B2ADF86C01286B30F8160094
:1060B000BDF86C11081A401C00B2ADF868010FE081
:1060C000BDF86C01401C00B2ADF86801286B30F8D7
:1060D0001600BDF868110844401E00B2ADF86C010E
:1060E0004FF0000800BF34E007EB0801A86A50F841
:1060F000210048B307EB0802A96A51F8220008B151
:1061000001780B910B9901F00101D9B11F9961B18F
:1061100006EB0801491C2A6B32F81110BDF8682102
:10612000511A09B2ADF868110DE006EB0801491CDF
:106130002A6B32F81110BDF86C21114409B2ADF888
:106140006C1100E00BE000E009E008F101001FFA2B
:1061500080F808EB0601A88C401E8142C4DB00BF1A
:10616000BDF96E01BDF97A11884207DA08F1010024
:10617000384487B206EB080086B279E100BFBDF86B
:106180006801ADF82400BDF86A01ADF82600BDF83D
:106190006C01ADF82800BDF86E01ADF82A0000BF13
:1061A0009DF81F01400800F0040090B1BDF92410D3
:1061B000B4F914205398104481420ADDBDF91C0142
:1061C00000EBD071BDF82420A2EB610109B2ADF85B
:1061D00024109DF81F01400800F0020090B1BDF9A5
:1061E0002610B4F916205598104481420ADDBDF9F5
:1061F0001C0100EBD071BDF82620A2EB610109B2B1
:10620000ADF826109DF81F01400800F00800B8B155
:10621000BDF92810B4F918205298101A401E814276
:106220000EDABDF91C0100EBD07182B202F001025E
:1062300002EB6101BDF82820114409B2ADF8281025
:106240009DF81F01C0F34000B8B1BDF92A10B4F9A0
:106250001A205498101A401E81420EDABDF91C0112
:1062600000EBD07182B202F0010202EB6101BDF8D5
:106270002A20114409B2ADF82A104FF0000AE88E26
:10628000584523D1A88EB04220D194F8200000F0C8
:10629000400030B994F8200000F0200008B14AF026
:1062A000200A94F8200000F0020008B14AF0020A27
:1062B00094F8200000F0040008B14AF0040A94F8B1
:1062C000200000F0080008B14AF0080ABAF1000FF7
:1062D0000AD138223FA931A814F0C9FF202229A9E8
:1062E00021A814F0C4FF1EE0A4F820A0608C20F0C8
:1062F0000400001D608431A80EF0D0FF21A80DF02D
:10630000C1FF31AA4FF4A021204619F0CFF821AAED
:106310004FF4A021204618F0EEFF4D982084608CA9
:1063200020F00400608409A81090A88C0BFB00608A
:106330001B900DAA1A21204610F078FE09AA31A957
:1063400048460EF08FFFA86A50F8270000287DD03D
:10635000BDF868115198084400B2ADF86001BDF86D
:106360006C115098081A00B2ADF86401BDF86A11BA
:106370004F98084400B2ADF86201BDF86E114E9816
:10638000081A00B2ADF866010B98C0F340000890FF
:10639000089810B10220579001E00020579000BFEC
:1063A000BDF86401BDF86011401A401C00B20490B1
:1063B000BDF9962004995798CDE900210290A86A6A
:1063C00050F82700411CBDF998305CA8299A1FF0AD
:1063D00033FA089818BB0C9901EBD172BDF86A31F9
:1063E00003EB6202BDF9720100EBD073A2EB630212
:1063F00012B2ADF862210C9901EBD17202E00000FB
:1064000040000508BDF86A3103EB6202BDF9720174
:1064100000EBD07302EB630212B2ADF866215AAA08
:106420005EA906A8F5F706FC0590059890B106A8A8
:10643000C9F8080000200090A86A50F82700431C03
:1064400058AA21A948460DF069FB00E003E05EA8C8
:10645000C9F8080000BF0DAA1B21204610F0E6FD78
:1064600008F10100384487B206EB080086B200BF8D
:10647000701C86B2A88CB0423FF704AE0BF101004D
:106480001FFA80FBE88C58453FF7C8AD00BF5D9808
:10649000C9F8080000BF31E52DE9F04FA3B0074669
:1064A00089461646229730460AF009F8054600EB61
:1064B000D5704FEA60083088404400B2ADF88400DF
:1064C0007088404400B2ADF886001EA80DF026FF8B
:1064D0001EAA4FF4A021384618F074FF18A80DF03A
:1064E00000FB18AA4FF4A021384618F0A5FE0021A1
:1064F000384618F036F81790494605A816F090FC73
:106500007048069021A80E9022983030F6F70EFFC2
:106510000446D1E025681694207901285CD1B5F9AC
:106520002000E98B08440090B5F92030D5E9051228
:10653000E06814F031FD8246A88B00EB0801608A08
:1065400008440FFA80FB0FFA8AF01FF087F810FB5F
:106550000BF047F6FF7190FBF1F0BDF88610084490
:1065600000B2ADF812000FFA8AF01FF06FF810FBBE
:106570000BF047F6FF7190FBF1F0BDF88410084472
:1065800000B2ADF81000A08AADF87800208A00B201
:10659000ADF87A006079FD2801DD179803E0607995
:1065A0001799484300128DF88000012013901EA80F
:1065B0000B9004A80F9005AA1A21384610F036FD5A
:1065C00004AB21AA1EA948460DF091FE05AA1B2185
:1065D000384610F02BFD68E02079002865D120694D
:1065E00000B963E0B5F92000E98B08440090B5F9E3
:1065F0002030D5E90512E06814F0CEFC824604A9EB
:10660000206912F0E3F9BDF88410A08A081A00B2DC
:10661000ADF80800BDF88610E08A081A00B2ADF89F
:106620000A00BDF808000499C1F38A210844401EFD
:1066300000B2ADF80C00BDF80A00049900EB51500F
:10664000401E00B2ADF80E006079FD2801DD1798FC
:1066500003E060791799484300128DF86B00A08A17
:10666000ADF86400E18A18A8C1800AEB8A004FEAFD
:10667000400ABAF5616F01DDAAF5616A1FFA8AF076
:10668000ADF8600018A80C9005AA1A21384610F041
:10669000CDFC02AA18A9484623690DF0D3F905AA32
:1066A0001B21384610F0C2FC00BF00BF21462298D3
:1066B0003030F6F735FE0446002C7FF42BAF23B0C4
:1066C000BDE8F08F108804082DE9F74F8AB00C461A
:1066D000904694F82A00022802DC0DB0BDE8F08F45
:1066E000E08C00B9F9E794F82A90B9F1FD0F01DDCB
:1066F0004FF0FF09414608A809F0D2FD208D401E49
:1067000005B2BDF82000401B00B2ADF82000BDF876
:106710002200401B00B2ADF82200BDF8240028443E
:1067200000B2ADF82400BDF82600284400B2ADF850
:10673000260008A906A809F0B3FDBDF81800E18CF1
:10674000401A00B2ADF81800BDF81C00E18C0844F6
:1067500000B2ADF81C00BDF81A00E18C401A00B27E
:10676000ADF81A00BDF81E00E18C084400B2ADF887
:106770001E0008A809F080FE824608A809F0FBFD6B
:106780000746B4F90060BA4501DA504600E03846E1
:106790008346B6EB6B0F01DD4FEA6B06E08C3044AD
:1067A00000B20590A07894F82A10CDE90210A08CD0
:1067B000ADF8040030B2009008AA06A9059B0A981B
:1067C000FBF754FC00BF88E7F8B50546284610F0F3
:1067D00027FC0646284610F020FC0446606BB0F506
:1067E000A02F54D1A06B072806D200202169C870C1
:1067F000216981F8220014E0208F81B220223046E6
:106800000AF034FD68B100202169C870216981F85F
:10681000220012201AF0A4FE0090BDF8001060695A
:106820008181208F81B24FF4004230460AF01EFD74
:1068300098B166202169C87030461EF0DFFB0090D9
:10684000BDF800102069818030460AF009FDA16B77
:10685000884202D1B2202169C870208F81B24FF4E2
:10686000804230460AF002FD88B1FF20216981F89C
:10687000220030461EF0C2FB0090BDF800102069D7
:10688000C1832069008C401C00B221690884F8BDD6
:106890002DE9F04F8BB08146484610F0C1FB05460C
:1068A0002C46484610F063FB8346606A13F07CFB7D
:1068B00082469AF8000000283ED1A06A00283BD00A
:1068C000A06A0078C0B303A80DF0DCFC03AA4FF463
:1068D0000021284618F00FFD94F85C00C0F3C000BA
:1068E00028B19DF8290040F002008DF82900002110
:1068F000284617F0E3FF07460021284618F057F90D
:1069000080460021284617F071FD064605F1140166
:1069100001A809F004FD08EB060002B2B81901B2A3
:1069200001A809F00EFE0020009001AA03A9584614
:10693000A36A0DF0F3F800BF0BB0BDE8F08F7CB593
:106940000446A06985686089002856D1A08900287E
:1069500053D1E088218988424FDAE18808B21EF0DD
:106960007DFEB4F90410B4F90E20891A4843216859
:10697000498801EBE03000B2ADF80200E1885A31FD
:1069800008B21EF06BFEA18810FB01F02168098897
:1069900001EBE03000B2ADF80400218908B21EF02E
:1069A0005DFEA18810FB01F02168498801EBE03011
:1069B00000B2ADF8060021895A3108B21EF04EFE31
:1069C000B4F90410B4F90E20891A484321680988E3
:1069D00001EBE03000B2ADF800002A466946684697
:1069E000F5F728F906463EB1A169C1F808D06A4614
:1069F0002169A0690EF036FCC2E0608910B1A0895F
:106A000000287BD16089D0BB20680088ADF80000E9
:106A100020684088A188084400B2ADF80600E188EB
:106A200008B21EF01BFEB4F90410B4F90E20891A46
:106A300048432168498801EBE03000B2ADF802001C
:106A4000E1885A3108B21EF009FEA18810FB01F05E
:106A50002168098801EBE03000B2ADF804002A4655
:106A600069466846F5F7E6F806463EB1A169C1F801
:106A700008D06A462169A0690EF0F4FB00BFA08926
:106A800000287DD120680088A188084400B2ADF8B4
:106A9000040020684088ADF80200218908B21EF089
:106AA000DDFDA18810FB01F02168498801EBE03091
:106AB00000B2ADF8060021895A3108B21EF0CEFDB1
:106AC000B4F90410B4F90E20891A484321680988E2
:106AD00001EBE03000B2ADF800002A466946684696
:106AE000F5F7A8F806463EB1A169C1F808D06A4694
:106AF0002169A0690EF0B6FB42E0FFE76089A18939
:106B0000884205D1608918B12089E188884211DB6B
:106B10006089022802D1A08901280BD0608903284E
:106B200002D1A089022805D06089032828D1A08934
:106B3000012825D120680088ADF800002068408831
:106B4000ADF8020020680088A188084400B2ADF8C2
:106B5000040020684088A188084400B2ADF806000F
:106B60002A4669466846F5F765F806463EB1A169CA
:106B7000C1F808D06A462169A0690EF073FB00BF16
:106B8000A06985607CBD7CB50446A0698568608984
:106B9000012856D1A089012853D1E0882189884253
:106BA0004FDAE18808B21EF059FDA18810FB01F010
:106BB0002168498801EBE03000B2ADF80600E188B9
:106BC0005A3108B21EF04AFDB4F90410B4F90E208F
:106BD000891A48432168098801EBE03000B2ADF81A
:106BE0000400218908B21EF039FDB4F90410B4F98B
:106BF0000E20891A48432168498801EBE03000B231
:106C0000ADF8020021895A3108B21EF027FDA18893
:106C100010FB01F02168098801EBE03000B2ADF80B
:106C200000002A4669466846F5F704F806463EB174
:106C3000A169C1F808D06A462169A0690EF012FB6B
:106C4000C7E06089012802D0A08901287ED160892F
:106C500001283AD120680088A188401A00B2ADF816
:106C6000000020684088ADF80200E18808B21EF0FC
:106C7000F5FCA18810FB01F02168498801EBE030A8
:106C800000B2ADF80600E1885A3108B21EF0E6FC09
:106C9000B4F90410B4F90E20891A48432168098810
:106CA00001EBE03000B2ADF804002A4669466846C0
:106CB000F4F7C0FF06463EB1A169C1F808D06A46A4
:106CC0002169A0690EF0CEFA00BFA0890128B7D1D2
:106CD00020680088401E00B2ADF80400206840889B
:106CE000A188084400B2ADF80600218908B21EF060
:106CF000B5FCB4F90410B4F90E20891A4843216890
:106D0000498801EBE03000B2ADF8020021895A3128
:106D100008B21EF0A3FCA18810FB01F021680988CD
:106D200001EBE03000B2ADF800002A466946684643
:106D3000F4F780FF06463EB1A169C1F808D06A4663
:106D40002169A0690EF08EFA43E0FFE76089A1890E
:106D5000884206D16089012803D02089E1888842D1
:106D60000FDB608910B9A08902280AD0608910B9A8
:106D7000A089032805D0608903282AD1A089022888
:106D800027D120680088A188401A00B2ADF8000021
:106D900020684088ADF8020020680088401E00B2DC
:106DA000ADF8040020684088A188084400B2ADF81E
:106DB00006002A4669466846F4F73CFF06463EB19F
:106DC000A169C1F808D06A462169A0690EF04AFAA3
:106DD00000BFA06985607CBD7CB50446A06985685C
:106DE0006089022856D1A089022853D1E0882189E0
:106DF00088424FDAE1885A3108B21EF02FFCA18890
:106E000010FB01F02168098801EBE03000B2ADF819
:106E10000000E18808B21EF021FCB4F90410B4F9B6
:106E20000E20891A48432168498801EBE03000B2FE
:106E3000ADF80600218908B21EF010FCA18810FBF5
:106E400001F02168498801EBE03000B2ADF80200A2
:106E500021895A3108B21EF001FCB4F90410B4F9CA
:106E60000E20891A48432168098801EBE03000B2FE
:106E7000ADF804002A4669466846F4F7DBFE06468C
:106E80003EB1A169C1F808D06A462169A0690EF037
:106E9000E9F9CCE06089022802D0A08902287DD1DE
:106EA000608902283CD120680088401E00B2ADF8FD
:106EB000040020684088A188401A00B2ADF80200A2
:106EC000E1885A3108B21EF0C9FBA18810FB01F01D
:106ED0002168098801EBE03000B2ADF80000E188DC
:106EE00008B21EF0BBFBB4F90410B4F90E20891AE5
:106EF00048432168498801EBE03000B2ADF8060054
:106F00002A4669466846F4F795FE06463EB1A169F1
:106F1000C1F808D06A462169A0690EF0A3F900BF44
:106F2000A0890228B5D120680088A188401A00B243
:106F3000ADF8000020684088401E00B2ADF80600A1
:106F400021895A3108B21EF089FBB4F90410B4F952
:106F50000E20891A48432168098801EBE03000B20D
:106F6000ADF80400218908B21EF078FBA18810FB5F
:106F700001F02168498801EBE03000B2ADF8020071
:106F80002A4669466846F4F755FE06464EB1A169A1
:106F9000C1F808D06A462169A06900E002E00EF05D
:106FA00061F944E06089A189884206D1608902289C
:106FB00003D02089E18888420FDB608910B9A0895D
:106FC00003280AD06089012802D1A089032804D0AF
:106FD000608901282BD1A08948BB20680088A1883E
:106FE000401A00B2ADF8000020684088A188401A1D
:106FF00000B2ADF8020020680088401E00B2ADF873
:10700000040020684088401E00B2ADF806002A4601
:1070100069466846F4F70EFE06463EB1A169C1F81E
:1070200008D06A462169A0690EF01CF900BFA0696A
:1070300085607CBD7CB50446A069856860890328AD
:1070400056D1A089032853D1E088218988424FDA9C
:10705000E1885A3108B21EF001FBB4F90410B4F90A
:107060000E20891A48432168098801EBE03000B2FC
:10707000ADF80000E18808B21EF0F0FAA18810FB1C
:1070800001F02168498801EBE03000B2ADF8020060
:1070900021895A3108B21EF0E1FAA18810FB01F0F3
:1070A0002168098801EBE03000B2ADF804002189C5
:1070B00008B21EF0D3FAB4F90410B4F90E20891AFC
:1070C00048432168498801EBE03000B2ADF8060082
:1070D0002A4669466846F4F7ADFD06463EB1A16909
:1070E000C1F808D06A462169A0690EF0BBF8C7E074
:1070F0006089032802D0A08903287ED160890328F3
:107100003CD120680088A188084400B2ADF8040092
:1071100020684088401E00B2ADF80600E1885A3170
:1071200008B21EF09BFAB4F90410B4F90E20891AC3
:1071300048432168098801EBE03000B2ADF8000057
:10714000E18808B21EF08AFAA18810FB01F02168DC
:10715000498801EBE03000B2ADF802002A466946EA
:107160006846F4F767FD06463EB1A169C1F808D04C
:107170006A462169A0690EF075F800BFA08903284E
:107180007ED120680088ADF8000020684088A18882
:10719000401A00B2ADF8020021895A3108B21EF03F
:1071A0005DFAA18810FB01F02168098801EBE0304D
:1071B00000B2ADF80400218908B21EF04FFAB4F90C
:1071C0000410B4F90E20891A48432168498801EB5C
:1071D000E03000B2ADF806002A4669466846F4F78A
:1071E00029FD06463EB1A169C1F808D06A46216969
:1071F000A0690EF037F843E0FFE76089A189884273
:1072000006D16089032803D02089E18888420FDBFA
:107210006089022801D1A08950B16089012801D17B
:10722000A08928B1608902282AD1A089012827D104
:1072300020680088ADF8000020684088A188401AC6
:1072400000B2ADF8020020680088A188084400B2AE
:10725000ADF8040020684088401E00B2ADF806007A
:107260002A4669466846F4F7E5FC06463EB1A16940
:10727000C1F808D06A462169A0690DF0F3FF00BF8C
:10728000A06985607CBD000070B5A4B006460D46BF
:1072900020AA22A9304616F031FB22A809F0B1F845
:1072A00028B920A809F0ADF808B924B070BD12A91A
:1072B000304623F025F90446012C00D0F5E7294695
:1072C000684615F0ADFD1B4801900220029012A8FF
:1072D00004904FF480300D9022A809F092F880B10C
:1072E00022A803906A461A2130460FF09FFE22AA78
:1072F00012A928460DF0B6FF6A461B2130460FF052
:1073000095FE20A809F07DF890B120A803906A4668
:107310001A2130460FF08AFE20A8039020AA12A955
:1073200028460DF09FFF6A461B2130460FF07EFE77
:1073300000BFBAE7008104082DE9F04FB1B005465F
:107340000F4605F114012FA8BA68F4F773FC10B9C1
:1073500031B0BDE8F08FB8682E902FA8B8602C46E9
:107360000021284617F035FA2B900021284617F007
:107370009CFB2A90284616F03EF8B4F88410484347
:1073800000120FFA80FA284616F016F8B4F88610A4
:10739000484300120FFA80FB04F12400F5F7A7FF21
:1073A00028900021284617F0C6F9823461884843A6
:1073B000001227902188491E279801FB10A02188E0
:1073C00090FBF1F000B2269028992698B0FBF1F0DE
:1073D00000B225904FF4A021284617F0ACF961883F
:1073E000823C484300122490284616F06FF901466B
:1073F0002B98401A00B22390284616F061FA0146F5
:107400002A98401A00B2229014A80DF047FF14AA3F
:107410004FF4A021284618F049F814A8C07B20F0AA
:10742000070114A8C173FF208DF85300688BBDF8C5
:107430005010084400B2ADF8B600394602A815F065
:10744000EFFC4FF4A0200F905D48039004200490BF
:107450004FF00008AAE02798504400FB08F0B4F869
:10746000821090FBF1F0A98A01442398084400B2ED
:107470000190CDF8408004F12400F5F757FF06464F
:107480008CE0307B00F0010000B181E094F88800CE
:10749000C0F3C00008B9708900E0002000B200907D
:1074A0000198ADF8B000BDF8B010259801442498BB
:1074B000081A401E00B2ADF8B4002599019808449E
:1074C00000B20190BDF9B400BDF9BC10884200DAE9
:1074D0005EE0BDF9B000BDF9C010884200DD60E09B
:1074E0003089ADF8540000984044B4F8821090FB05
:1074F000F1F201FB12000FFA80F9706830F91910EF
:10750000307BC0F3001204F16C0030F91200081A4D
:1075100000FB0BF02990307BC0F3001104F17000E8
:1075200030F91110307BC0F3001204F16C0030F917
:107530001200091A299890FBF1F029902998ABEBD9
:107540000001E88A01442298084400B2ADF8B20074
:10755000706830F9190047F6FF71884217D02CA8DF
:10756000059014A806901396706830F919001290CF
:1075700002AA1A2128460FF059FD2CAA14A9384650
:107580000DF070FE02AA1B2128460FF04FFD00BF30
:10759000314604F12400F5F7C3FE0646002E7FF4C1
:1075A00070AF00BF08F101001FFA80F8B4F8820044
:1075B00040453FF750AF2E98B86000BFC8E60000C6
:1075C000D88204082DE9F34FB9B083463A980BF1FD
:1075D0001401826837A8F4F72DFB10B93BB0BDE861
:1075E000F08F3A988068369037A93A9881605D4666
:1075F000B5F88200022800DAF0E70021584616F0BC
:10760000CEFE33900021584617F0E3F80146339838
:10761000084400B232900021584617F046FA01465D
:107620003398084400B23190584615F0E4FEB5F89E
:1076300084104843001200B23090584615F0BCFE4A
:10764000B5F886104843001200B22F90584616F045
:107650003DF80146BBF8142032981044401A00B29D
:107660002E90584616F02CF90146BBF8162031989A
:107670001044401A00B22D903A980BF11401826820
:107680002BA8F4F7D7FA2A902A9800B9A6E727A8DA
:107690000CF044FE27AA4FF4A021584617F092FEA2
:1076A00019A80DF0FBFD19AA4FF40031584617F048
:1076B000FDFE4FF40031584617F079FC064600EB0A
:1076C000D67047104FF40031584616F0E2FE0646D9
:1076D00000EBD6704FEA600ABDF99E00574501DA0B
:1076E000394600E0514600EBD072B1EB620F06DD87
:1076F0009DF8A50020F0100010308DF8A500BDF811
:107700009E00012806D19DF8A50020F01000103041
:107710008DF8A500B5F882103098814201DB012078
:1077200000E00020189005F12400F5F7FFFD044665
:10773000D4E1207B00F0010000B1C9E12089ADF85F
:107740009C002089ADF8680095F88800C0F3C0005F
:1077500008B9608900E0002006B217962E98ADF8AF
:10776000D4002E98ADF8D000179E179EB0466068E2
:1077700030F91810207BC0F3001205F16C0030F9CD
:107780001200081A2F9948431690207BC0F300116D
:1077900005F1700030F91110207BC0F3001205F1E3
:1077A0006C0030F91200091A169890FBF1F016904F
:1077B00016992F98411A2D98084400B2ADF8D200BE
:1077C00004A83A9915F02CFBC848059003200690B0
:1077D0004FF4A020119027A80A9019A8089015949A
:1077E000BDF9D2000390BDF9D20002904FF000091C
:1077F00023E1BDF8D000ADF8D400BDF8D200ADF85B
:10780000D600BDF9D4103698B0F904003844401CB5
:10781000814200DD16E1309800FB09F0B5F88210D6
:10782000491E90FBF1F12E98084400B2ADF8D0004B
:1078300017984844B5F8821090FBF1F201FB120052
:1078400006B2606830F91610207BC0F3001205F113
:107850006C0030F91200081A2F9948431690207BCB
:10786000C0F3001105F1700030F91110207BC0F356
:10787000001205F16C0030F91200091A169890FBFD
:10788000F1F0169016992F98411A2D98084400B2DD
:10789000ADF8D200BDF9D0103698B0F90000C01B89
:1078A000401E814201DAB046C3E0B9F1000F58D062
:1078B0001898E8B3606830F9180047F6FF718842FD
:1078C000F5D0606830F916008842F0D0BDF9D210CA
:1078D0000298814201DA029801E0BDF9D2000290DB
:1078E000BDF9D2100398814201DD039801E0BDF992
:1078F000D2000390BDF9D400BDF9D010884230D039
:10790000BDF9D2000190BDF8D000401E00B2ADF824
:10791000D000BDF8D000ADF8D4000398ADF8D60083
:107920000298ADF8D200BDF9D600BDF9D21000E042
:1079300018E0884205D1BDF8D200401C00B2ADF875
:10794000D20034AB35AA27A93A980CF0D0FCBDF888
:10795000D000401C00B2ADF8D0000198039001980F
:10796000029064E0BDF8D400C01B00B2ADF8000086
:10797000BDF8D400384400B2ADF80400BDF8D6001C
:10798000A0EB0A0000B2ADF80200BDF8D6005044EA
:1079900000B2ADF80600A9F101001290606830F95C
:1079A000180047F6FF71884201D035A800E000209A
:1079B0000D90606830F9160047F6FF71884201D0DB
:1079C00034A800E000200E90CDF81CD0606830F99B
:1079D0001800149004AA1A2158460FF027FB60687B
:1079E00030F9180047F6FF7188420AD0606830F914
:1079F0001600884205D034AB35AA27A93A980CF076
:107A000076FC77B1BAF1000F0BD0606830F918003E
:107A100047F6FF71884204D06A4619A93A980DF0DA
:107A200021FC04AA1B2158460FF000FB00BFB04602
:107A300000BF09F101001FFA80F9B5F8820048453E
:107A40003FF7D7AE00BF1898E8BBB5F882004845AD
:107A50003DD1606830F9160047F6FF71884236D094
:107A6000BDF8D000C01B00B2ADF80000BDF8D000DA
:107A7000384400B2ADF80400BDF8D200A0EB0A0013
:107A800000B2ADF80200BDF8D200504400B2ADF82B
:107A90000600A9F10100129000200D900E90CDF883
:107AA0001CD0606830F91600149004AA1A215846B8
:107AB0000FF0BCFA6A4619A93A980DF0D3FB04AA54
:107AC0001B21584600E002E00FF0B0FA00BF00BFF3
:107AD000214605F12400F5F723FC0446002C7FF431
:107AE00028AE3A993698886000BF77E5D8820408B6
:107AF0002DE9F34FB3B08146349809F1140182683F
:107B000031A8F4F797F810B935B0BDE8F08F349884
:107B10008068309031A9349881604D4600214846F4
:107B200016F03DFC2D900021484616F052FE2C9098
:107B30000021484616F0B9FF2B90484615F05BFC33
:107B4000B5F884104843001200B22A90484615F058
:107B500033FCB5F886104843001200B2299048461D
:107B600015F0B4FD0146B9F814202C9802442D9864
:107B70001044401A00B22890484615F0A1FE014674
:107B8000B9F816202B9802442D981044401A00B2E0
:107B9000279024A80CF0C2FB24AA4FF4A021484649
:107BA00017F010FC16A80DF079FB16AA4FF400315F
:107BB000484617F07BFC4FF40031484617F0F7F9C0
:107BC000064600EBD67047104FF40031484616F0D9
:107BD00060FC064600EBD6704FEA6008BDF99200E3
:107BE000474501DA394600E0414600EBD072B1EB7F
:107BF000620F06DD9DF8990020F0100010308DF81E
:107C00009900BDF89200012806D19DF8990020F056
:107C1000100010308DF8990005F12400F5F786FB6F
:107C2000044698E1207B00F0010000B18DE120893D
:107C3000ADF890002089ADF85C0095F88800C0F39D
:107C4000C00008B9608900E0002006B215962898A7
:107C5000ADF8BC002898ADF8B800159E159EB34647
:107C6000606830F816000A2847D02A9800902368E8
:107C700033F91600237BC3F3C00C05F1780333F905
:107C80001C20237BC3F3C00C05F1740333F91C10D3
:107C9000002313F081F900B2ADF8B800BDF8B810B8
:107CA0002898084400B2ADF8B8002998009063689D
:107CB00033F91600237BC3F3001C05F1700333F97D
:107CC0001C20237BC3F3001C05F16C0333F91C104B
:107CD000002313F061F900B2ADF8BA00BDF8BA1094
:107CE0002998401A00B2ADF8BA00BDF8BA1027982A
:107CF000084400B2ADF8BA0005E04EF20100ADF85C
:107D0000B800ADF8BA0003A8349915F089F84FF41B
:107D1000A0201090944804900320059024A8099076
:107D200016A8079014944FF0000AC8E0BDF8B800F8
:107D3000ADF8BC00BDF8BA00ADF8BE0015985044CF
:107D4000B5F8821090FBF1F201FB120006B26068F8
:107D500030F9160047F6FF71884247D02998009005
:107D6000636833F91600237BC3F3001C05F170032D
:107D700033F91C20237BC3F3001C05F16C0333F99A
:107D80001C10002313F008F900B2ADF8BA00BDF8DA
:107D9000BA102998401A00B2ADF8BA00BDF8BA106E
:107DA0002798084400B2ADF8BA002A9800902368DA
:107DB00033F91600237BC3F3C00C05F1780333F9C4
:107DC0001C20237BC3F3C00C05F1740333F91C1092
:107DD000002313F0E1F800B2ADF8B800BDF8B81018
:107DE0002898084400B2ADF8B80001E0B34662E05C
:107DF000BAF1000F5DD0BDF8BC00C01B00B2ADF8F9
:107E00000400BDF8BC00384400B2ADF80800BDF86D
:107E1000BE00A0EB080000B2ADF80600BDF8BE0041
:107E2000404400B2ADF80A00AAF101001190606868
:107E300030F91B0047F6FF71884201D02FA800E0FF
:107E400000200C90606830F9160047F6FF718842F8
:107E500001D02EA800E000200D9001A806906068D7
:107E600030F91B00139003AA1A2148460FF0DEF8E0
:107E7000606830F91B0047F6FF71884213D06068D4
:107E800030F9160088420ED02EAB2FAA24A93498C0
:107E90000CF02DFA3FB1B8F1000F04D001AA16A9D9
:107EA00034980DF0DFF903AA1B2148460FF0BEF805
:107EB00000BFB34600BF0AF101001FFA80FAB5F80F
:107EC000820050453FF732AFB5F8820050453BD1B4
:107ED000606830F9160047F6FF71884234D0BDF86B
:107EE000B800C01B00B2ADF80400BDF8B8003844BB
:107EF00000B2ADF80800BDF8BA00A0EB080000B26F
:107F0000ADF80600BDF8BA00404400B2ADF80A0072
:107F1000AAF10100119000200C900D9001A806908C
:107F2000606830F91600139003AA1A2148460FF032
:107F30007DF801AA16A934980DF094F903AA1B2123
:107F400048460FF073F800BF00BF214605F124003A
:107F5000F5F7E6F90446002C7FF464AE34993098C6
:107F6000886000BFD0E50000D88204082DE9F74FF3
:107F7000A2B00F46F88D10B925B0BDE8F08F97F884
:107F80003600022800DCF7E7F88D012808D1B7F9A0
:107F90003400002804DC388E10B9788E00B9EBE785
:107FA00024980088398E0844B98E401A00B2ADF882
:107FB000800024988088398E0844B98E084400B225
:107FC000ADF8840024984088798E0844B98E401A10
:107FD00000B2ADF882002498C088798E0844B98E2A
:107FE000084400B2ADF88600B7F92E0000EBD0715E
:107FF000BDF88020A2EB6101491E09B2ADF87810EE
:10800000B7F92E0000EBD071BDF8842002EB6101BE
:10801000491C09B2ADF87C10B7F92E0000EBD07105
:10802000BDF88220A2EB6101491E09B2ADF87A10B9
:10803000B7F92E0000EBD071BDF8862002EB61018C
:10804000491C09B2ADF87E1097F836001D901D98B6
:10805000FD2801DDFF201D9022981EA982681BA823
:10806000F3F7E8FD00B987E719A8249908F018F993
:108070004FF0FF32114619A808F052FAB7F9008004
:1080800019A808F0F9F9834619A808F074F983458E
:1080900003DA19A808F0F0F902E019A808F06BF962
:1080A00018901898B8EB600F02DD18984FEA600836
:1080B000B7F90000179020A808F0DEF9834620A841
:1080C00008F059F9834503DA20A808F0D5F902E051
:1080D00020A808F050F91890DDE91701B0EB610F06
:1080E00002DD189840101790B7F92E1017980C1849
:1080F00004FB04F1480012F09DFF8246B7F92E20E0
:10810000179803B2514620A822F0E2FC1EA80CF0FA
:1081100037FC16904FF00109169820B9F878FF281F
:1081200001DBB87808B14FF000094FF0FF300F9035
:10813000B9F1000F0BD101230FFA88F219A910A889
:108140000CF096FF002110A80CF014F90F901EA857
:1081500008F092F9834612F06DFF0E901C2102A8E0
:1081600013F013FA0CA8029007900E980590B88DA2
:10817000ADF8100097F836008DF82000B8788DF82B
:1081800021001EA808F078F9834600EBDB70BDF8EB
:10819000781001EB600000B201901EA808F0EBF827
:1081A000834600EBDB70BDF87A1001EB600000B293
:1081B0000090BDF87C00ADF83400BDF87C00001BD9
:1081C000401C00B2ADF83000BDF87A00ADF83200C6
:1081D000BDF87A002044401E00B2ADF83600BDF96B
:1081E00030100198814202DDBDF9300000E00198B5
:1081F000ADF83000BDF936100098814202DABDF9C1
:10820000360000E00098ADF8360022980CA982688C
:108210000AA8F3F70FFD002866D00FFA88F219A913
:108220000AA8F3F748FD00285ED10AA808F024F94F
:1082300083465646BDF92A00BDF97A10401A00FB64
:108240000466BDF92810BDF97C00001B401C081A0B
:108250000644B9F1000F09D00FFA88F219A90AA84B
:10826000F3F7A4FD10B10120099001E0CDF82490AE
:10827000BBF1000F37DD0E980590BDF82800ADF872
:108280003000BDF82C00ADF8340002208DF8180045
:10829000BDF92A5023E0ADF83250ADF836500998B8
:1082A000A8B9224631460E9812F0E1FFBDF9281018
:1082B0005B462A460E980CF013FB8DF818009DF8CB
:1082C0001800012804D102208DF8180000E005965E
:1082D00002A922980DF026FB2644681C05B2BDF9C0
:1082E0002E00A842D7DA00BFBDF87C00ADF83400FC
:1082F000BDF87C00001B401C00B2ADF83000BDF89A
:108300007E00001B401C00B2ADF83200BDF87E00BC
:10831000ADF83600BDF930100198814202DDBDF99B
:10832000300000E00198ADF83000BDF9321000983F
:10833000401C814202DDBDF9320001E00098401C82
:1083400000B2ADF8320022980CA982680AA8F3F7AF
:1083500071FC002866D00FFA88F219A90AA8F3F771
:10836000AAFCA8BB0AA808F087F883465646BDF9C0
:108370003600BDF92E10401A00FB0466BDF9281026
:10838000BDF97C00001B401C081A0644B9F1000F1F
:1083900009D00FFA88F219A90AA8F3F707FD10B15E
:1083A0000120099001E0CDF82490BBF1000F38DDE9
:1083B0000E980590BDF82800ADF83000BDF82C00EF
:1083C000ADF8340002208DF81800BDF92E5024E0DD
:1083D00028E0ADF83250ADF836500998A8B92246D9
:1083E00031460E9812F043FFBDF928105B462A462D
:1083F0000E980CF075FA8DF818009DF818000128F9
:1084000004D102208DF8180000E0059602A92298F8
:108410000DF088FA2644681E05B2BDF92A00A8426C
:10842000D7DD00BFBDF87800204400B2ADF83000C1
:10843000BDF87C00001B00B2ADF83400BDF87A0036
:10844000ADF83200BDF87A002044401E00B2ADF80D
:108450003600BDF936100098814202DABDF93600C7
:1084600000E00098ADF8360022980CA982680AA8AE
:10847000F3F7E0FB002870D00FFA88F219A90AA8D8
:10848000F3F719FC002868D10AA807F0F5FF834626
:108490005646BDF92A00BDF93210401A00FB0466A9
:1084A000B9F1000F09D00FFA88F219A90AA8F3F759
:1084B0007DFC10B10120099001E0CDF82490BBF1C2
:1084C000000F49DD099810B90E98059001E00020D1
:1084D0000590BDF82800ADF83000BDF82C00ADF8CF
:1084E0003400BDF92A5033E0ADF83250ADF83650C3
:1084F0000998C8B931785A460E9813F00CF8BDF9AE
:1085000028105B462A460E980CF0EAF98DF8180000
:108510009DF81800012802D102208DF8180002A948
:1085200022980DF0FFF910E01D98FF2801D1307856
:1085300005E0307897F8361010FB01F000128DF846
:10854000200002A922980DF0EDF92644681C05B21E
:10855000BDF92E00A842C7DA00BF97F836008DF8A3
:108560002000BDF87800204400B2ADF83000BDF81E
:108570007C00001B00B2ADF83400BDF87E00001B8B
:10858000401C00B2ADF83200BDF87E00ADF83600F8
:10859000BDF932100098401C814202DDBDF9320065
:1085A00001E00098401C00B2ADF8320022980CA9FE
:1085B00082680AA8F3F73EFB00287DD00FFA88F204
:1085C00019A90AA8F3F777FB00287AD10AA807F0BF
:1085D00053FF83465646BDF93600BDF92E10401AAA
:1085E00000FB0466BBF1000F6ADDB9F1000F09D092
:1085F0000FFA88F219A90AA8F3F7D8FB10B10120E5
:10860000099001E0CDF82490099810B90E980590D2
:1086100001E000200590BDF82800ADF83000BDF85D
:108620002C00ADF83400BDF92E5042E0ADF83250C8
:10863000ADF83650B9F1000F09D00FFA88F219A938
:108640000AA8F3F7B3FB10B10120099001E0CDF8BF
:1086500024900998C8B931785A460E9812F05BFFF9
:10866000BDF928105B462A460E980CF039F98DF8B2
:1086700018009DF81800012802D102208DF818007A
:1086800002A922980DF04EF910E01D98FF2801D1A3
:10869000307805E0307897F8361010FB01F00012C2
:1086A0008DF8200002A922980DF03CF92644681E9E
:1086B00005B2BDF92A0001E003E001E0A842B5DD02
:1086C00000BF97F836008DF82000BDF87C00001B35
:1086D000401C00B2ADF83000BDF87C00ADF83400AD
:1086E000BDF87A00204400B2ADF83200BDF87E003B
:1086F000001B00B2ADF83600BDF932100098401CE6
:10870000814202DABDF9320001E00098401C00B25B
:10871000ADF83200BDF936100098814202DDBDF996
:10872000360000E00098ADF83600BDF93010019831
:10873000814202DDBDF9300000E00198ADF8300063
:1087400022980CA982680AA8F3F774FAE0B30FFA2A
:1087500088F219A90AA8F3F7AEFAA8BB0AA807F08D
:108760008BFE83465646601E00FB0466BDF928104A
:10877000BDF97C00001B401C081A0644B9F1000F2B
:1087800009D00FFA88F219A90AA8F3F70FFB10B164
:108790000120099001E0CDF82490099808B13046F5
:1087A00000E00E980590BBF1000F33DDBDF8280006
:1087B000ADF83000BDF82C00ADF8340002208DF883
:1087C0001800BDF92A5021E025E0ADF83250ADF88F
:1087D00036500998A0B95A4631460E9812F047FD16
:1087E000BDF928105B462A460E980CF079F88DF8F2
:1087F00018009DF81800012802D102208DF81800F9
:1088000002A922980DF08EF8681C05B2BDF92E0061
:10881000A842DADA00BF5646002515E03046331983
:10882000591E002208E0037891F800C080F800C0CB
:108830000B70401C491E521C04EBD47CB2EB6C0F35
:10884000F1DB2644681C05B2A542E7DBBDF87800E1
:10885000ADF83000BDF878002044401E00B2ADF8FD
:108860003400BDF87A00204400B2ADF83200BDF803
:108870007E00001B00B2ADF83600BDF93210009842
:10888000401C814202DABDF9320001E00098401C30
:1088900000B2ADF83200BDF936100098814202DD19
:1088A000BDF9360000E00098ADF83600BDF934108F
:1088B0000198401E814202DABDF9340001E00198BE
:1088C000401E00B2ADF8340022980CA982680AA8B4
:1088D000F3F7B0F9D0B30FFA88F219A90AA8F3F7A1
:1088E000EAF998BB0AA807F0C7FD83465646601E02
:1088F00000FB0466BDF92800BDF93010401A06449B
:10890000B9F1000F09D00FFA88F219A90AA8F3F7F4
:108910004DFA10B10120099001E0CDF8249009989A
:1089200008B1304600E00E980590BBF1000F33DD32
:10893000BDF82800ADF83000BDF82C00ADF83400CB
:1089400002208DF81800BDF92A5021E025E0ADF88D
:108950003250ADF836500998A0B95A4631460E98B3
:1089600012F085FCBDF928105B462A460E980BF0E4
:10897000B7FF8DF818009DF81800012802D10220D9
:108980008DF8180002A922980CF0CCFF681C05B2E3
:10899000BDF92E00A842DADA00BFBDF87800ADF8C4
:1089A0003000BDF878002044401E00B2ADF834001D
:1089B000BDF87A00ADF83200BDF87A002044401EC0
:1089C00000B2ADF83600BDF934100198401E814266
:1089D00002DABDF9340001E00198401E00B2ADF8A2
:1089E0003400BDF936100098814202DABDF9360034
:1089F00000E00098ADF8360022980CA982680AA819
:108A0000F3F718F9D0B30FFA88F219A90AA8F3F707
:108A100052F998BB0AA807F02FFD83465646BDF9C8
:108A20002A00BDF93210401A00FB0466BDF9280087
:108A3000BDF93010401A0644B9F1000F09D00FFA01
:108A400088F219A90AA8F3F7B1F910B10120099029
:108A500001E0CDF824900E980590BBF1000F36DDB3
:108A6000BDF82800ADF83000BDF82C00ADF834009A
:108A700002208DF81800BDF92A5024E028E0ADF856
:108A80003250ADF836500998A8B9224631460E98B2
:108A900012F0EDFBBDF928105B462A460E980BF04C
:108AA0001FFF8DF818009DF81800012804D102203E
:108AB0008DF8180000E0059602A922980CF032FF0C
:108AC0002644681C05B2BDF92E00A842D7DA00BFC3
:108AD000BDF87800ADF83000BDF878002044401EA5
:108AE00000B2ADF83400BDF87E00001B401C00B29F
:108AF000ADF83200BDF87E00ADF83600BDF9321099
:108B00000098401C814202DDBDF9320001E000986E
:108B1000401C00B2ADF83200BDF934100198401E7F
:108B2000814202DABDF9340001E00198401E00B232
:108B3000ADF8340022980CA982680AA8F3F77AF8F5
:108B4000D0B30FFA88F219A90AA8F3F7B4F898BBC2
:108B50000AA807F091FC83465646BDF93600BDF9D8
:108B60002E10401A00FB0466BDF92800BDF9301034
:108B7000401A0644B9F1000F09D00FFA88F219A97A
:108B80000AA8F3F713F910B10120099001E0CDF81C
:108B900024900E980590BBF1000F36DDBDF828003B
:108BA000ADF83000BDF82C00ADF8340002208DF88F
:108BB0001800BDF92E5024E028E0ADF83250ADF891
:108BC00036500998A8B9224631460E9812F04FFB4C
:108BD000BDF928105B462A460E980BF081FE8DF8F1
:108BE00018009DF81800012804D102208DF8180003
:108BF00000E0059602A922980CF094FE2644681E17
:108C000005B2BDF92A00A842D7DD00BFBDF8780043
:108C1000204400B2ADF83000BDF87C00001B00B26B
:108C2000ADF83400BDF87A00204400B2ADF832004F
:108C3000BDF87E00001B00B2ADF836000E9805901E
:108C400022980CA982680AA8F2F7F4FFA0B30FFAE1
:108C500088F219A90AA8F3F72EF868BB0AA807F04A
:108C60000BFC8346BBF1000F25DDBDF82800ADF8F5
:108C70003000BDF82C00ADF83400BDF92A5016E0E4
:108C8000ADF83250ADF8365059460E9812F0B4FC9B
:108C9000BDF928105B462A460E980BF021FE8DF890
:108CA000180002A922980CF03DFE681C05B2BDF91F
:108CB0002E00A842E4DA00BFB9F1000F05D110A8D8
:108CC0000BF03AFE0F980CF0BBFA504612F02EFA59
:108CD0000E9812F02BFA00BFFFF74EB92DE9F74FAF
:108CE000DEB05E985D90609807F0E9FB804600EB8F
:108CF000D8704FEA600A609807F052FB074600EB15
:108D0000D7704010824507DA609807F0D8FB064616
:108D100006EBD670401006E0609807F041FB054670
:108D200005EBD570401000B25B90609801885B98AD
:108D3000084400B2ADF87001609841885B9808441F
:108D400000B2ADF8720158A80BF0E8FA58AA4FF437
:108D5000C0215E9816F036FB9DF8690120F01000E6
:108D600010308DF8690150A80BF08CFA50AA4FF41E
:108D7000C0215E9816F0BFFA2CA85F9914F050F845
:108D8000FE482D904FF4C020399003202E9058A813
:108D900032905D982430F4F7C9FA044643E23D94DA
:108DA000A18B5B98084406B2A088301A00B22B90C1
:108DB000A089301A0FFA80FABDF870112B98081AA2
:108DC00000B2ADF8A400BDF872112B98081A00B2D9
:108DD000ADF8A600BDF870112B98084400B2ADF8AC
:108DE000A800BDF872112B98084400B2ADF8AA0093
:108DF000012347F6FF7229A94AA80CF039F9BDF8FA
:108E00007001A0EB0A0000B2ADF89C00BDF8720141
:108E1000A0EB0A0000B2ADF89E00BDF8700150440E
:108E2000401E00B2ADF8A000BDF872015044401ED3
:108E300000B2ADF8A200012347F6FF7227A944A8AB
:108E40000CF016F9BDF87001801B00B2ADF894006B
:108E5000BDF87201801B00B2ADF89600BDF870013C
:108E60003044401E00B2ADF89800BDF872013044A5
:108E7000401E00B2ADF89A00002347F6FF7225A904
:108E80003EA80CF0F5F800213EA80BF073FA2490F0
:108E90004FF0FF302390608910B16089401E01E0DF
:108EA0004FF6FF7022904FF00009A6E12298401C77
:108EB00022900020219061892298814203D10020D4
:108EC000229001202190A06900906088421E00211C
:108ED0004846636912F060F807463C97219810B144
:108EE0002089209001E02068209020981F902198F0
:108EF00008B1E08900E0E0880FFA80F8CDF87880CA
:108F0000DDF878805D983030F4F710FA05465FE0C0
:108F10002879022800D055E0A868B84251DCE868FA
:108F2000B8424EDB288A40440FFA80F8698AA88A42
:108F3000814202D1688A209043E0A87D00F00100C0
:108F400050B1FF20009000233846D5E9021212F0FC
:108F500023F8C0B2139009E0FF20009000233846A8
:108F6000D4E9051212F018F8C0B21390A98A119131
:108F7000698A1291139800F1040C4FEAEC00BDF8D5
:108F800048C04CEA0C4CDFF8F8E10CEA0E01BDF8E1
:108F900044C04CEA0C4C0CEA0E02A2EB010C0CFB98
:108FA00000FC01EB5C1C0CEA0E0343EA134C1FFAB5
:108FB0008CFCCDF840C0BDF840E0F446CDF880C050
:108FC00000BF00BF29465D983030F4F7A9F9054687
:108FD000002D9DD1E08B00FB09F001026088401E4E
:108FE00091FBF0F01D901D9800121C901C98401CE5
:108FF0001B901D9800F0FF0B228C1C99114408B2A5
:109000001CF02CFB1A90228C1B99114408B21CF006
:1090100025FB1990CBF580711A9811FB00F1199876
:1090200010FB0B1000121890228C1C99114408B2EE
:109030001CF00CFB1790228C1B99114408B21CF0F9
:1090400005FB1690CBF58071179811FB00F116986F
:1090500010FB0B1000121590BDF88000ADF86001F8
:10906000ADF86281BDF8702106EB08011598484300
:109070007F3002EBE03000B2ADF85000BDF8722155
:1090800006EB0801189848437F3002EBE03000B24D
:10909000ADF8520014A835905CA83590CDF8E89052
:1090A00050A83190219800287CD024980CF0C8F862
:1090B000B4F91000AAEB00001390BDF870211399C9
:1090C000159848437F3002EBE03000B2ADF848001D
:1090D000BDF872211399189848437F3002EBE030B5
:1090E00000B2ADF84A00202250A90AA812F0BFF839
:1090F0000AA831903B4623A2102106A819F0B8FC1B
:1091000006A837902CAA1A215E980DF08FFF002137
:1091100041F6FF72BDF95201CDE901210090BDF980
:10912000543105A8509A37991CF086FBBDF91400FC
:1091300000EBD071BDF84820A2EB610109B2ADF897
:109140000C10BDF9160000EBD071BDF84A20A2EB5F
:10915000610109B2ADF80E10BDF80C00BDF8141095
:10916000084400B2ADF81000BDF80E00BDF81610AE
:10917000084400B2ADF81200002006E01088040890
:109180001FF8E007256400000CE0009003AA379B5D
:1091900031995F980AF0C2FC00213EA80BF0EAF872
:1091A000249007E00020319037902CAA1A215E9875
:1091B0000DF03CFF219909B144A900E04AA90846F5
:1091C00000210BF0D7F823905CAB14AA58A95F9844
:1091D0000BF08DF823980CF033F82CAA16215E982A
:1091E0000DF024FFBDF87C00ADF860011E98ADF8CD
:1091F000620109F1010000F0FF09608848453FF76E
:1092000055AE4AA80BF098FB44A80BF095FB3EA87E
:109210000BF092FB24980CF013F821465D98243053
:10922000F4F77EF80446002C7FF4B9AD61B0BDE8D8
:10923000F08F00002DE9F04FB1B005468B46904607
:109240002E464146284603F061FA04462089C0F3C1
:109250000E00012802DC31B0BDE8F08F2089C0F398
:10926000C03020B9208810B9608800B9F3E7002128
:10927000284615F0AEFA82460021284615F08FF8F0
:10928000504400B22E90284614F0B5F8B6F8841079
:109290004843001200B22D9025A80AF0F3FF25AA3A
:1092A0004FF4C021284616F026F8284614F00EFA8E
:1092B0000146AA8A2E981044401A00B22490B8F1B0
:1092C000020F0ED12089C0F3C03028B14FF4C02165
:1092D000284615F0A1F900E000202390B5F91A9076
:1092E0000DE02089C0F3C03028B14FF4C0212846DA
:1092F00015F0DBFB00E000202390B5F91690B8F1E3
:10930000020F16D1DBF80800B0F90600484500DA74
:10931000A1E7239848442599B1F908100844B4F905
:1093200000100844DBF80810B1F90210884200DA96
:1093300091E720A80AF0F2FF20AA4FF4C0212846A6
:1093400016F040F80020ADF88600ADF884005946CC
:109350000EA813F065FDA6480F900620109002207D
:109360001C904FF4C0201B9025A8139020A81490A7
:10937000B8F1020F01D0012000E000200D9096F816
:10938000880000F00700022822D10021284615F0AD
:10939000D2F9B6F8841048434FEA202A2D98504459
:1093A000B6F8821090FBF1F000B20B900B99A1EB94
:1093B0000A0000EBD0714A102499114409B224919B
:1093C0000B98A0EB0A012D98401A00B22D9000BF17
:1093D000ADF8C2902089C0F30E00401E6168C1F351
:1093E0000E4148430C900027FBE000200B90606882
:1093F000C0F30E40B7FBF0F100FB117008B901207B
:109400000B90BDF982102D98401A78430C99B0FB4F
:10941000F1F12498084400B2ADF8C000ADF8BC00EA
:109420000D9868B1BDF9C2100B9810B1B4F90000E5
:1094300001E0B4F90200081A00B2ADF8BE000CE079
:10944000BDF9C2100B9810B1B4F9000001E0B4F9F5
:109450000200084400B2ADF8BE0030A817902FA853
:10946000189096F8880000F00700032810D106F144
:1094700078000D9930F91100009006F1740030F970
:109480001130002138460C9A11F086FD824604E026
:109490006068C0F30E40B7FBF0FACDF878A00B98E7
:1094A000002871D02089C0F3C03000286CD053460A
:1094B00050A2102107A819F0DBFA25A8139007A8DD
:1094C000199010201A900EAA1A2128460DF0AEFD10
:1094D000002141F6FF72BDF9A600CDE901210090FF
:1094E000BDF9A83006A8259A19991CF0A5F9BDF96F
:1094F000180000EBD071BDF8BC20A2EB610109B2ED
:10950000ADF81010BDF9180000EBD071BDF8BC200B
:1095100002EB610109B2ADF814100D9878B1BDF8F5
:10952000BE102398081A00B2ADF81600BDF8160058
:10953000BDF81A10401A00B2ADF812000EE0BDF8E6
:10954000BE102398084400B2ADF81200BDF8120016
:10955000BDF81A10084400B2ADF81600BDF91400A9
:10956000B5F9141088420DDBBDF91010B5F91800DB
:10957000814207DC0020009004AA25A95846199BC7
:109580000AF0CCFA09E0FFE70020139019901A9036
:109590000EAA1A2128460DF049FDBDF9821001EBF3
:1095A000D172BDF9C03003EB6202B5F914309A42B2
:1095B00011DBBDF9820000EBD072BDF9BC30A3EB2A
:1095C0006203B5F91820934205DC2FAB30AA20A91D
:1095D00058460AF08CFE0EAA1B2128460DF026FDE7
:1095E0007F1C0C9887427FF600AF00BF33E6000077
:1095F000D8820408256400002DE9F74FB2B0054673
:10960000164631953146284603F080F804462089F5
:10961000C0F30E00012802DC35B0BDE8F08F2089D0
:10962000C0F3C03020B9208810B9608800B9F3E7D2
:109630000EB1012000E0002083460021284614F0EE
:10964000AEFE2E900021284615F02FFA2D902846C8
:1096500013F0B2FE3199B1F886104843001200B2FF
:109660002C90284614F02CF90146EA8A2D980244E1
:109670002E981044401A00B22B904EB94FF4C021DE
:10968000284615F0A6F80746B5F914002A9008E018
:109690004FF4C021284615F045F90746B5F91800E2
:1096A0002A90B4F900002990B4F902002890012E04
:1096B00007D12998404200B229902898404200B230
:1096C000289025A80AF02AFE25AA4FF4C021284692
:1096D00015F078FE1DA80AF0D5FD1DAA4FF4C02193
:1096E000284615F008FE0BA8339913F099FB89481A
:1096F0000C9006200D9019960004189025A8119042
:109700001DA810902089C0F30E00401E6168C1F3AF
:109710000E4100FB01F94FF00008F6E0BDF996108C
:109720002C98401A00FB08F0B0FBF9F12B98084484
:1097300000B2ADF8C200ADF8BE002A98ADF8C00086
:1097400036B9BDF8C000401E00B2ADF8C00005E05B
:10975000BDF8C000401C00B2ADF8C00000200A9067
:109760006068C0F30E40B8FBF0F100FB118008B94F
:1097700001200A900A9838B1BDF8C0102998081A3B
:1097800000B2ADF8BC0006E0BDF8C0102898081A79
:1097900000B2ADF8BC0030A814902FA815903198F5
:1097A000703030F91B00009031996C3131F91B3069
:1097B000A9EB08004A46002111F0EEFB8246CDF8E5
:1097C0006CA00A98002872D02089C0F3C03000280D
:1097D0006DD0534650A2102106A819F049F91DA8D2
:1097E000109006A81690102017900BAA1A21284650
:1097F0000DF01CFC002141F6FF72BDF98600CDE999
:1098000001210090BDF9883005A81D9A16991CF019
:1098100013F8BDF9160000EBD071BDF8BE20A2EB25
:10982000610109B2ADF80E10BDF9160000EBD07160
:10983000BDF8BE2002EB610109B2ADF81210BBF118
:10984000000F0FD1BDF8BC00BDF81410401AC01BAA
:1098500000B2ADF80C00BDF8BC00C01B00B2ADF802
:1098600010000EE0BDF8BC00384400B2ADF80C00AA
:10987000BDF8BC00BDF814100844384400B2ADF87F
:109880001000BDF91210B5F9160081420DDBBDF9CB
:109890000E10B5F91A00814207DC0020009003AADF
:1098A0001DA9169B33980AF039F909E0FFE700205B
:1098B0001090169017900BAA1A2128460DF0B6FBAF
:1098C000BDF9961001EBD172BDF9C23003EB620312
:1098D000B5F91620934211DBBDF9960000EBD0726A
:1098E000BDF9BE30A3EB6203B5F91A20934205DC43
:1098F0002FAB30AA25A933980AF0F9FC0BAA1B213B
:1099000028460DF093FB08F10108C8457FF606AF25
:1099100000BF81E6D8820408256400002DE9FE4FCF
:1099200006460C46174698462021304615F0D0FBD7
:1099300000287DD00C98032803D1304613F0ACFFEB
:1099400002E0304613F0B2FF81460FF00BFC0546F3
:109950004FF0000A002002900C98032843D1002108
:10996000304614F00FFF83460021304614F0B3FF59
:109970000190B9F1010F23D0B9F1020F28D0B9F14C
:10998000030F2ED106F1140006F04CFDA0EB0B01E5
:109990000198081A009000EBD0700BEB6000B18AC0
:1099A00008440FFA80FA05F1140006F03BFD009020
:1099B00000EBD070A98A01EB600000B2029010E0C9
:1099C000B08A58440FFA80FAB5F91400029008E002
:1099D000318B0198081A0FFA80FAB5F91800029035
:1099E00000BF00BF45E00021304615F037F8834640
:1099F0000021304614F0E9FD0190B9F1010F25D0A6
:109A0000B9F1020F2AD0B9F1030F30D106F11400D9
:109A100006F08EFCA0EB0B010198081A009000EBF9
:109A2000D0700BEB6001F08A08440FFA80FA00E076
:109A300054E005F1140006F07BFC009000EBD070C0
:109A40004110E88A084400B2029010E0F08A5844BD
:109A50000FFA80FAB5F91600029008E0718B0198B0
:109A6000081A0FFA80FAB5F91A00029000BF00BF79
:109A700000BFB8F1000F17DAB9F1000F05D0029856
:109A8000504502DD2046BDE8FE8F002C01DAA01E05
:109A900004B2002C01DDA01C04B22146E01704EB47
:109AA0009070801000B2EEE7002F16DAB9F1000FC7
:109AB00004D00298504501DA2046E4E7002C01DA90
:109AC000A01E04B2002C01DDA01C04B22246E01747
:109AD00004EB9070801000B2D5E709E008EB0400B9
:109AE000002802DAC8F1000004B2381B00D53C4659
:109AF0002046C8E708B52348007800B108BD01201A
:109B000020490870204819F0FDFA204808F034FD7B
:109B1000014600901C4819F078FCFF211A4819F002
:109B200099FC0E21184819F06EFE0021164819F014
:109B3000C6FC0A21144819F09EFE3321124819F080
:109B400084FE134819F0DEFA124808F015FD0146AC
:109B500000900F4819F059FCFF210D4819F07AFCCC
:109B60000D4819F0CFFA0D4808F006FD01460090A7
:109B7000094819F04AFCFF21074819F06BFC00BFA7
:109B8000BCE7000010050020F8040020C9734D0058
:109B900000050020A85A390008050020CF8C7A0063
:109BA0002DE9F04F87B0CA48006810B107B0BDE892
:109BB000F08F00BF09F044FC834609F081FC824627
:109BC00012F010FFC249086018F03DFB029013F03C
:109BD00087FC824618F037FB029015F01CFA83468A
:109BE00052465946BA48006817F0BBF8002008F002
:109BF0007FFC002201460290B548006817F0DAF9B0
:109C000000226021B248006817F0F1F90023072212
:109C1000B049AF48006812F05BF81021AC4800680A
:109C200012F01AFE0021AA48006817F057F8002128
:109C3000A748006817F07BF8A548006812F0D2FE2C
:109C4000A5490860A548B0F90020A548B0F9001062
:109C5000A148006817F085F86FF07F4008F048FCD5
:109C60000022014602909C48006817F0A3F90022E8
:109C7000FF219948006817F0BAF900221021964890
:109C8000006817F024FB00231A4609219248006857
:109C900012F014F910219048006812F0DDFD002147
:109CA0008D48006817F01AF800218B48006817F0FB
:109CB0003EF8894800680FF055FE8A4908608A49D5
:109CC0008848006810F056FE0A23002202218548C9
:109CD000006812F0F3F8804800680FF043FE8349F3
:109CE000086083A18148006810F044FE2E23002202
:109CF00002217E48006812F0E1F80E2006900590DF
:109D0000774800881C380FFA80F874480088723849
:109D10000FFA80F9042004900390A8F11E00C117E7
:109D200000EB91718C10A9F11E00C11700EB91712D
:109D30008D100E2664273B4632466EA16648CDE95B
:109D4000004500681CF078FA3B4604F10A003044F4
:109D500002B269A16048CDE9004500681CF06CFAC8
:109D60003B4604F10A0006EB400002B263A15A48E8
:109D7000CDE9004500681CF05FFA3B4604F10A009B
:109D800000EB4000304402B25DA15348CDE90045EC
:109D900000681CF051FA05F10A00384403B232465B
:109DA00058A14D48CDE9004500681CF045FA05F181
:109DB0000A00384403B204F10A00304402B252A14E
:109DC0004548CDE9004500681CF036FA05F10A0067
:109DD000384403B204F10A0006EB400002B24BA182
:109DE0003D48CDE9004500681CF026FA05F10A005F
:109DF000384403B204F10A0000EB4000304402B2E0
:109E000043A13548CDE9004500681CF015FA05F17D
:109E10000A0007EB400003B232463EA12E48CDE9CE
:109E2000004500681CF008FA05F10A0007EB400045
:109E300003B204F10A00304402B237A12648CDE94A
:109E4000004500681CF0F8F905F10A0007EB400036
:109E500003B204F10A0006EB400002B22FA11E4833
:109E6000CDE9004500681CF0E7F905F10A0007EBB1
:109E7000400003B204F10A0000EB4000304402B29B
:109E800027A11548CDE9004500681CF0D5F905F17A
:109E90000A0000EB4000384403B232B221A10E4860
:109EA000CDE9004500681CF0C7F905F10A0000EB98
:109EB0004000384403B204F10A00304402B21AA14F
:109EC0000548CDE9004500681CF0B6F900BF6DE615
:109ED000380300209D7A03083C0300206C03002017
:109EE0006A030020400300205203002044030020A6
:109EF00000000000370000003800000039000000BA
:109F000044656C003400000035000000360000009D
:109F1000436C72003100000032000000330000008A
:109F20004F4B00002E0000003000000010B504462A
:109F3000207EC0F3800008B1002010BD207A2328C5
:109F400002D0242803D100E000BF0120F5E700BFC4
:109F500000BF4FF48041606815F0BAF808B90020DE
:109F6000EBE7207A11381C2823D2DFE800F00E0F2F
:109F700010111213141516171822221922221A1D55
:109F80001B1C222222221E1F222000BF00BF00BF56
:109F900000BF00BF00BF00BF00BF00BF00BF00BFC9
:109FA00000BF00BF00BF00BF00BF00BF00BF002058
:109FB000C3E70120C1E72DE9F04104460FF0BEF8E8
:109FC00007469FB13868806818B1217A386882687E
:109FD0009047207EC0F3400010B10120BDE8F08121
:109FE000207E00F0010008B10020F7E701260EB93D
:109FF000002003E00021606813F054FA05464FF09A
:10A00000000827E02868F0B1287A00F08000802856
:10A0100019D1287A802805D0287A20F08000217A6A
:10A02000884210D16868E060204629688847207E11
:10A03000C0F3400008B10120D0E7207E00F001000D
:10A0400008B10020CAE708F101084146606813F032
:10A0500029FA05460DB1012ED4D02146002013F077
:10A0600005F906460EB9002003E00021606813F0F0
:10A0700019FA05464FF0000823E02868D0B1287A85
:10A0800000F08000B0B9287A18B1287A217A884285
:10A0900010D16868E060204629688847207EC0F3B8
:10A0A000400008B1012099E7207E00F0010008B1CE
:10A0B000002093E708F101084146606813F0F2F9C7
:10A0C00005460DB1012ED8D0012E11D1606840682F
:10A0D00070B12046FFF72AFF50B1606840686060A9
:10A0E0002046FFF768FF0646012E01D0002075E7E5
:10A0F000304673E72DE9F0438046DDE9074521B995
:10A100002A7022701A70BDE8F0834FEA282000F010
:10A110000209B9F1000F04D000BF99462B464D4605
:10A1200000BF00F00409B9F1000F04D000BFA14640
:10A130002C464D4600BF00F00609B9F1000F09D1C9
:10A1400000F00109B9F1000F0ED100BF9946234676
:10A150004C4609E000F00109B9F1000F04D000BF3E
:10A16000994623464C4600BF22706FEA010909F068
:10A17000FF0602FB06F74FEA272985F8009008F052
:10A18000FF0C00F00109B9F1000F0DD1BCF1000F77
:10A1900002D14FEA012905E0CCF1000909F0FF09DD
:10A1A00009FB01F94F4601E001FB0CF73E126FEA93
:10A1B000060909F0FF0602FB06F74FEA272983F894
:10A1C000009000BF9FE700002DE9FF4F87B00546D4
:10A1D0008B469146DDE914A6584606F038F90690FC
:10A1E000584606F0BAF805901798012804D00228BE
:10A1F00004D0032806D103E0494F08E0494F06E0A8
:10A20000494F04E000BF00BF0BB0BDE8F08F00BFB6
:10A210008EBB2888049028885246014602900A98EE
:10A22000B84703904FF0000821E0002418E0BDF883
:10A23000100035F8141088420CD005EB440000885B
:10A24000049005EB440000885246014602900A98AB
:10A25000B847039005EB4400BDF80C100180641C66
:10A2600006988442E3DB05EB490508F101080598EF
:10A270008045DADB51E0FFE7002002902888049057
:10A280003078FD2801DB504603E0307800FB0AF00F
:10A29000000A0190019A04990A98B84703904FF078
:10A2A000000836E000242BE0305D00B927E0315D86
:10A2B0000298814205D1BDF8100035F8141088428B
:10A2C00017D0305DFD2801DB504603E0305D00FB18
:10A2D0000AF0000A019005EB440000880090014656
:10A2E000019A0A98B8470390305D029035F814003F
:10A2F000049005EB4400BDF80C10018000BF641C05
:10A3000006988442D0DB05EB49051698064408F10F
:10A31000010805988045C5DB00BF00BF74E7000059
:10A32000450F010877100108E70F01082DE9FF4FDD
:10A3300089B004469246DDE91685F3F70BFB0890D9
:10A340000A9806F084F881460A9806F006F88346D3
:10A35000002D78D1B8F1FD0F0CDB002707E04A464D
:10A3600020460C9908F072F804EB4A047F1C5F4504
:10A37000F5DB7DE100BF0020014602464FEAD20C2A
:10A38000BDF804306CF304034FEA910C0193BDF85F
:10A3900004306CF34A134FEAD00C0193BDF804303B
:10A3A0006CF3CF230193BDF804C063460293BDF85C
:10A3B000081008460790424607990C9808F0AEFA34
:10A3C00006900C9904A80291BDF80810C90A01FB77
:10A3D00008F10180BDF80810C1F3451101FB08F137
:10A3E0004180BDF8081001F01F0101FB08F18180D8
:10A3F00000BFC8F1FF000390002720E0002619E00D
:10A40000BDF81C0034F8161088420DD004EB46004D
:10A410000088079004EB460000880290014604A8DB
:10A42000039A08F025FB069004EB4600BDF81810CF
:10A430000180761C4E45E3DB04EB4A047F1C5F453C
:10A44000DCDB15E1FFE7BDF8300000EB00400790D2
:10A45000B8F1FD0F6FDBA9F1040006900027B4E00E
:10A46000002614E02878FF2803D1BDF830002080B2
:10A470000AE02A782088014604900C9808F04EFAE9
:10A480000590BDF8140020806D1CA41C761C4E4560
:10A4900003DA05F003000028E4D172E02868059093
:10A4A0000598401CA8B904F0030048B1BDF830106D
:10A4B0002180A01C07990160BDF83010E18005E003
:10A4C0002046079901600799416000BF08342D1D9F
:10A4D00056E00598002851D02878FF2803D1BDF810
:10A4E000300020800AE02A782088014603900C98EA
:10A4F00008F014FA0490BDF8100020806D1CA41C14
:10A500002878FF2803D1BDF8300020800AE02A789F
:10A510002088014603900C9808F000FA0490BDF8DA
:10A52000100020806D1CA41C2878FF2804D1BDF8E1
:10A53000300020800BE04CE02A7820880146039010
:10A540000C9808F0EBF90490BDF8100020806D1C09
:10A55000A41C2878FF2803D1BDF8300020800AE031
:10A560002A782088014603900C9808F0D7F90490C7
:10A57000BDF8100020806D1CA41C01E02D1D0834C6
:10A58000361D0698864289DD14E02878FF2803D11D
:10A59000BDF8300020800AE02A7820880146049027
:10A5A0000C9808F0BBF90590BDF8140020806D1CD4
:10A5B000A41C761C4E45E8DBAAEB090004EB400422
:10A5C0001898A0EB090005447F1C5F45FFF648AFD3
:10A5D0004DE00020049020880690208805900020FF
:10A5E0000390002740E0002635E0287888B32978DA
:10A5F0000498814209D02878FF2801D1404603E021
:10A60000287800FB08F0000A03902978049881421A
:10A6100005D1BDF8180034F81610884214D00398FC
:10A62000FF2802D10C98059009E004EB4600008851
:10A6300002900146039A0C9808F070F9059028786A
:10A64000049034F81600069004EB4600BDF8141090
:10A6500001806D1C761C4E45C7DB04EB4A0418983C
:10A66000A0EB090005447F1C5F45BCDB00BF00BFB9
:10A670000DB0BDE8F08F2DE9FF4F85B081460C4647
:10A68000DDE912A7F3F766F9804607BBB4F902606B
:10A6900018E0B4F9005010E0CDF808A0BDF8200093
:10A6A000ADF8040030B20090D8F800002BB2D0F81A
:10A6B0001CC04946079AE0476D1CB4F90400A84243
:10A6C000EADA761CB4F90600B042E2DA2EE020465F
:10A6D00005F0BDFE8346204605F03FFE04900026AF
:10A6E00020E0002519E0785DB0B1785D00FB0AF04C
:10A6F000000A0290BDF82000ADF8040060883044E4
:10A7000000B20090218829440BB2D8F80000D0F89C
:10A710001CC04946079AE0476D1C5D45E3DB149871
:10A720000744761C04988642DBDB00BF09B0BDE815
:10A73000F08F10B502460B4610681C68A04201D18C
:10A74000012010BD0020FCE710B502460B46506802
:10A7500020F040401C68A04203D2506820F04040E6
:10A760001860002010BD2DE9F04F89B0044600208C
:10A77000089007900EF0E2FC069006980068057EAF
:10A78000D4F820800027B946B4F91400002802DD6F
:10A79000B4F9140002E0B4F914004042B4F9161000
:10A7A000002902DDB4F9161002E0B4F9161049428E
:10A7B000884201DD012701E04FF00109CAE01021C4
:10A7C000404614F085FCB0B94FF48071404614F057
:10A7D0007FFC08B907B1C1E04FF40071404614F0A6
:10A7E00077FC18B9B9F1000F00D0B7E0404612F07D
:10A7F000C7FE8046AEE0CA46CDF814900497BB462B
:10A80000404612F035FF064606F0010008B9002068
:10A81000049006F0020008B94FF0000B06F00400A7
:10A8200008B94FF0000A06F0080008B900200590AA
:10A83000404613F045F80390404612F0B9FE0290EE
:10A84000404612F043FF0190404612F0B7FF0090DF
:10A850000398002802DC0298002811DDBAF1000FED
:10A8600003D0B4F91600A84206DA059840B1B4F94D
:10A8700016006942884203DCCDF820800C20079046
:10A880000198002802DC0098002811DD049818B116
:10A89000B4F91400A84207DABBF1000F08D0B4F9EC
:10A8A00014006942884203DCCDF820800320079021
:10A8B0000398002801DC4FF0000A0298002801DC10
:10A8C000002005900198002801DC002004900098E9
:10A8D000002801DC4FF0000B049818B1B4F9140003
:10A8E000A84215DABBF1000F04D0B4F91400694294
:10A8F00088420DDDBAF1000F03D0B4F91600A8426A
:10A9000006DA059878B1B4F91600694288420ADC83
:10A910000FB1032000E00C2094F83C1060F3030119
:10A9200084F83C101AE04FF48071404614F0D0FBDC
:10A9300008B907B112E04FF40071404614F0C8FBAB
:10A9400018B9B9F1000F00D008E0404612F018FE27
:10A95000804600BFB8F1000F7FF431AF00BF089808
:10A9600058B194F83C10079860F3030184F83C1048
:10A970000898A0620021A182E182089809B0BDE890
:10A98000F08F00002DE9FF4F83B00446204612F0FF
:10A9900083FF0290029818B9002007B0BDE8F08F3D
:10A9A00041F6FF750021204613F0ECFE074600211A
:10A9B000204613F090FF8246204612F09AFC834610
:10A9C0004FF000086AE0A068006850F82860394934
:10A9D000304614F088FB00B15EE04FF48051304601
:10A9E00014F076FB002856D04FF0000900200190AB
:10A9F0000298012804D0022809D003282CD10EE0A7
:10AA0000B6F91490A08A384400B2019025E0B6F956
:10AA10001890208BA0EB0A0000B201901DE006F117
:10AA2000140005F0FFFC009000EBD070B18A01EB40
:10AA300060000FFA80F904F1140005F0F3FCC01B6C
:10AA4000A0EB0A00009000EBD070A18A394401EB22
:10AA5000600000B2019000E01EE000BF069848448C
:10AA60000FFA80F90498814514DB0598814511DCC3
:10AA70000199A9EB010108B2002801DD014600E0BF
:10AA80004142002D01DD2A4600E06A42914200DA8F
:10AA9000054600BF00BF00BF08F10108D84592D3AA
:10AAA00041F6FF70854201D1002000E0684200B20B
:10AAB00073E70000010004002DE9FF4F83B0044656
:10AAC000204612F0F3FE0290029818B9002007B059
:10AAD000BDE8F08F41F6FF750021204613F0BEFF60
:10AAE00007460021204613F070FD8246204612F0F2
:10AAF00000FC83464FF000086AE0A068006850F848
:10AB000028603949304614F0EEFA00B15EE04FF4A7
:10AB10008051304614F0DCFA002856D04FF000097E
:10AB2000002001900298012804D0022809D00328AF
:10AB30002CD10EE0B6F91690E08A384400B20190AC
:10AB400025E0B6F91A90608BA0EB0A0000B20190E4
:10AB50001DE006F1140005F0EBFB009000EBD07057
:10AB60004110F08A08440FFA80F904F1140005F04E
:10AB7000DFFBC01BA0EB0A00009000EBD07041107F
:10AB8000E08A3844084400B2019000E01EE000BFB3
:10AB9000069848440FFA80F90498814514DB05981B
:10ABA000814511DC0199A9EB010108B2002801DD02
:10ABB000014600E04142002D01DD2A4600E06A42E4
:10ABC000914200DA054600BF00BF00BF08F101084E
:10ABD000D84592D341F6FF70854201D1002000E0B4
:10ABE000684200B273E70000010004002DE9FF4F46
:10ABF00087B00E469046DDE914940021079814F0C2
:10AC0000BCF906900021079813F029FC0590F07814
:10AC1000C0F34000A8B1F07800F0010020B142F28A
:10AC2000D1710698884208D0F07800F0010040B950
:10AC300042F2D1710598884203D1F07820F00200E9
:10AC4000F070F07800F0010008B1964800E09648F6
:10AC50000490F07800F0010008B9924800E09248B2
:10AC6000824600206080A08020612080A060E0609B
:10AC7000CDF80C800399079812F01DFB0546E0E023
:10AC80000398404506D04FF40001284614F020FAFE
:10AC900000B1D9E08549284614F025FA00287CD176
:10ACA0000021284613F0BEFB02900298002875D0C0
:10ACB0002069401C2061A088484400B2A080207D0B
:10ACC00000F0010000286AD0216901EB81018800B1
:10ACD00010F0B0F9074600BF1FB900BF00BF00BFAA
:10ACE000FEE700BF1FB903980BB0BDE8F08FE06826
:10ACF00058B12069401E00EB800082003846E168B0
:10AD000010F0B5FAE06810F011FA2069401E00EB6F
:10AD1000800047F82050F07800F0010058B14FF063
:10AD2000000B41F202025946284613F04DFF0190F4
:10AD3000019800B20BE04FF0000B41F205025946BA
:10AD4000284613F041FF0190019800B200BF21692D
:10AD5000491E01EB810107EB81018880F07800F04A
:10AD6000010058B14FF0000B41F20302594628464A
:10AD700013F02AFF0190019800B20BE04FF0000B96
:10AD800041F206025946284613F01EFF0190019831
:10AD900000B200BF2169491E02E03EE017E02CE04E
:10ADA00001EB810107EB8101C88002982169491EEE
:10ADB00001EB810107EB8101C86000212069401E81
:10ADC00000EB800007EB80000161E76015E028469A
:10ADD000049988470746F078C0F3400030B1B4F9D1
:10ADE0000400C1190A98814200DD2DE0A08807EB1C
:10ADF0000901084400B2A08000BF2846D047B4F93A
:10AE00000010884202DD2846D04701E0B4F9000076
:10AE10002080A068401CA06000BFF078C0F38000D4
:10AE200010B14FF0FF3000E0012003990844039077
:10AE30000398002800DA07E00399079812F03BFA1C
:10AE40000546002D7FF41CAF00BFB4F904000028B4
:10AE500004DDA088A0EB090000B2A080206908B141
:10AE60000A9801E0B4F904006080CDB10398404530
:10AE700016D1079880680068039950F82150F0783F
:10AE8000C0F3800103AA079801F02FF945B12846C5
:10AE9000D047208028460499884760800120A06020
:10AEA000039821E717F00208E1D402080100060028
:10AEB0002DE9F04F97B0044600BF00BF4FF0000BE4
:10AEC000DE4802885946204613F07EFE0A900A9812
:10AED000C6B200BFF0439DF85B1060F300018DF82F
:10AEE0005B10B0089DF85B1060F341018DF85B10BA
:10AEF000F0089DF85B1060F382018DF85B1000BFD5
:10AF0000CF4802885946204613F05EFE0A900A9800
:10AF1000C0B28DF8580000BFCA4802885946204682
:10AF200013F052FE0A900A98C0B28DF8590000BF83
:10AF3000C54802885946204613F046FE0A900A98F2
:10AF4000C0B28DF85A000021204613F09AF901286A
:10AF500000D100E0002015909DF85B0000F001009A
:10AF600020B90021204613F0CCFB03E0002120464D
:10AF700013F04DFD14909DF85B0000F0010020B12E
:10AF80000021204613F0BDFB03E00021204613F012
:10AF90003EFD13909DF85B0000F0010018B12046C3
:10AFA00012F029FA02E0204612F006FA12904FF051
:10AFB000000B41F232025946204613F005FE0A907A
:10AFC0000A9800B2119000BF41F61002594620467F
:10AFD00013F0FAFD0A900A98E18A0144119801EBF6
:10AFE000000B204612F080FCABEB000000B210908A
:10AFF0004FF0000B41F612025946204613F0E4FDD3
:10B000000A900A98A18A0144119801EB000B20468E
:10B0100012F060FCABEB000000B20F909DF85A708C
:10B020009DF85B0000F0010008B110A800E00FA837
:10B0300005460021204613F0A0FF0E900021204677
:10B0400013F00DFA0D909DF85B0000F0010040B187
:10B0500042F2D1710D98884203D1608CC0F3402038
:10B0600068B19DF85B0000F0010048B942F2D1716F
:10B070000E98884204D1608CC0F3802000B900276C
:10B08000159850B19DF85B0000F0010028B90FB988
:10B09000012702E0012F00D100274FF00008002017
:10B0A0000C900B90002F49D09DF85B00C0F38000FE
:10B0B00018B1A0684068401E00E00020814617E0FB
:10B0C00000200A9005A91398CDE900014A4616A967
:10B0D0002046129BFFF78AFD8246BDF81410149893
:10B0E000084440440FFA80F80B98401C0B90D1465E
:10B0F000A0684068484502DDB9F1000FE0DA0B981E
:10B1000020B11498A8EB00000FFA80F89DF85B00BE
:10B1100000F0010018B1204612F04EF902E020467E
:10B1200012F069F983460CA8CDE900500B9803B2E0
:10B130004246594638461CF047FE00BF9DF85B006A
:10B14000C0F3800018B1A0684068401E00E00020F5
:10B150008146159840B19DF85B0000F0010018B9D8
:10B160002888404400B228804DE001200A9005A9BB
:10B170001398CDE900014A4616A92046129BFFF715
:10B1800035FD8246159850B19DF85B0000F0010036
:10B1900028B92888BDF81410401A00B2288005AAE2
:10B1A000BDF94030DDE91210CDE90131CDE90302EE
:10B1B000BDF93C0053464A4616A900902046F5F7D3
:10B1C000FBF9D14608980FF0B1FF002008901598C0
:10B1D00068B19DF85B0000F0010040B92988BDF816
:10B1E000302014981044081A00B228800AE02988F8
:10B1F000BDF81400BDF830200244149810440844EF
:10B2000000B2288000BFA0684068484502DDB9F15F
:10B21000000FAADA42F2D1710E98884202D00D983E
:10B22000884202D1204614F0D9FE00222B2120466C
:10B230000BF0FCFE17B0BDE8F08F0000EC00002022
:10B24000EE000020F0000020F20000202DE9F04187
:10B2500007460C46B4F5B46F01DB40F29F543C2026
:10B2600094FBF0F085B23C2094FBF0F100FB114020
:10B2700086B233462A4603A13846E5F72FF9BDE8E2
:10B28000F0810000253032753A253032750000001B
:10B2900070B505460E461446234603A2314628469D
:10B2A000E5F730F970BD00002564000030B52DEDE4
:10B2B000048B83B004460D46B0EE408A18EE100AA7
:10B2C00028F09EF941EC190B8DED009B04A2294654
:10B2D0002046E5F717F903B0BDEC048B30BD000044
:10B2E000252E30666B67000030B52DED048B83B0E2
:10B2F00004460D46B0EE408A18EE100A28F080F998
:10B3000041EC190B8DED009B04A229462046E5F780
:10B31000F9F803B0BDEC048B30BD0000252E31667A
:10B320006B67000070B505460E461446234603A21F
:10B3300031462846E5F7E6F870BD000025750000A7
:10B3400070B505460E461446234603A231462846EC
:10B35000E5F7D8F870BD00002575000070B505460A
:10B360000E461446234603A231462846E5F7CAF89E
:10B3700070BD0000257500002DE9FC5F044689467C
:10B380009246207E00F0010008B1BDE8FC9FE56810
:10B3900000264FF0010B0120019000BF85B9207EEF
:10B3A000C0F3C00000B956B9019800B9EDE72046D6
:10B3B000C84705464FF0000B0020019000E0E4E78D
:10B3C00016B92E4606B9E0E7BBF1000F06D02946B4
:10B3D0002046D0470546B54200D1D6E74FF0010BD5
:10B3E00005B9DBE7286812F0DFFE00F0800000B14D
:10B3F000D4E72F6809E00121384613F069FE00B157
:10B4000005E0384612F0BCF80746002FF3D100BF24
:10B410002FB10121384613F05BFE00B1BEE700BF3B
:10B4200000BFE068A84200D1AFE7E06890B12046D5
:10B4300000F091FB0090E16808680F21009A0BF082
:10B44000F5FD0746012F00D09FE7E168086814F07A
:10B45000DCF900BFE560204600F07DFB0746E168AF
:10B460003A4608680E210BF0E1FD8046B8F1010F65
:10B4700000D08AE7E168086814F0C7F9206910B1C4
:10B4800020462169884700BF7FE7000000BF054ACA
:10B49000126802F04002002AF9D0C2B2014B5A6091
:10B4A00070470000001001402DE9F041044620469D
:10B4B00000F099F9054611480068001B461B0F482B
:10B4C0000068401B0D490860B6B127466119324635
:10B4D00020460FF0CCFE06E0A068401BA06020468E
:10B4E00000F081F90444054800688442F4D1B81999
:10B4F000294610F04AF800BFBDE8F081D8000020CE
:10B5000010B582B01446CDE900010023009A2360F3
:10B51000194B21F0004098422ADA024328D0B0F5B6
:10B52000801FA8BF226810DA9FED150B53EC102B7B
:10B530009DED000B51EC100B27F06CFDCDE90001E7
:10B540006FF0350221F0004022600F4B6FF31E5167
:10B5500003EB20501044206041F0FF5040F00050B9
:10B5600001909DED000B00BF02B051EC100B10BD1F
:10B570009DED000BF8E700000000F07F00000000E8
:10B58000000000000000504302FCFFFF10B502461F
:10B59000114691F83C3003F0030323B1012B04D092
:10B5A000022B0DD000BF888C15E026235B5C4FF486
:10B5B000B47413FB04F3642493FBF4F398B20AE02D
:10B5C00027235B5C4FF4B47413FB04F3642493FBF4
:10B5D000F4F398B200BF00BF10BD2DE9F34F87B060
:10B5E00083465F4605A9584611F024FF584613F0DC
:10B5F00012FD0290584611F073FF01900021584649
:10B6000013F01BF900900021584613F0BFF9804653
:10B610000021584613F07DFA81460021584613F068
:10B620002FF882460021584613F00BFA05460021F8
:10B63000584613F08DF80646284605EBD0714910A0
:10B64000491C05F0010211440DB2304606EBD071E1
:10B650004910491C06F0010211440EB20D2D01DA09
:10B66000284600E00D2005460D2E01DA304600E0A8
:10B670000D200646B8F10D0F01DA404600E00D201E
:10B680008046B9F10D0F01DA484600E00D208146F1
:10B69000BAF10D0F01DA504600E00D208246002479
:10B6A0008BE0B86A00EBC40103A804F01DFEBDF9ED
:10B6B0000C10009881420FDCBDF9141000980D2881
:10B6C00001DA009800E00D20081ABDF80C100844BB
:10B6D00000B2ADF80C0008E0BDF80C00BDF8141085
:10B6E000891B084400B2ADF80C00BDF90E004845B6
:10B6F0000FDCBDF91600B9F10D0F01DA494600E083
:10B700000D21401ABDF80E10084400B2ADF80E002D
:10B7100008E0BDF80E00BDF81610491B084400B241
:10B72000ADF80E00BDF910100298A0EB0800801EC5
:10B7300081420FDBBDF91400B8F10D0F01DA41466B
:10B7400000E00D210844BDF81010084400B2ADF827
:10B75000100008E0BDF81000BDF814103144084492
:10B7600000B2ADF81000BDF912100198A0EB0A006C
:10B77000801E81420FDBBDF91600BAF10D0F01DA10
:10B78000514600E00D210844BDF81210084400B2F3
:10B79000ADF8120008E0BDF81200BDF816102944FB
:10B7A000084400B2ADF81200002203A80899F0F78F
:10B7B00058FB00B105E0601C84B2388EA0423FF710
:10B7C00070AF00BF388EA04201D14FF6FF74204603
:10B7D00009B0BDE8F08F014601F007020AB110463A
:10B7E00070470120FCE70146B1F90C20032303EB6D
:10B7F000420222F0030202F1100070472DE9FC5FC3
:10B8000005460E4617460021284612F0FCFF8046EA
:10B810000021284613F0A0F882460021284613F0A4
:10B820005EF981460021284612F010FF019028465B
:10B8300013F0F1FBA0EB0800A0EB0A0B284611F077
:10B840004FFEA0EB09010198081A834507DA284644
:10B8500013F0E1FBA0EB0800A0EB0A0006E028468D
:10B8600011F03EFEA0EB09010198081A009000EBD0
:10B87000D070401004B2A88A2044404400B2308006
:10B88000E88A2044484400B2708007B13C80BDE89B
:10B89000FC9F000038B5044600250448028829466C
:10B8A000204613F091F90090009838BDFC0000206C
:10B8B00038B504460025054802882946204613F07D
:10B8C00083F900900098C0B238BD00000401002048
:10B8D00038B504460025054802882946204613F05D
:10B8E00073F900900098C0B238BD00000601002036
:10B8F000F0B504460B46032B01D2012000E00020E6
:10B900000546611B981E0C2707FB0500C0EB401085
:10B91000B0FBF7F01044084400EB91006427B1FB42
:10B92000F7F7C01B4FF4C877B1FBF7F73844072788
:10B93000B0FBF7FC07FB1C06F0B2F0BD2DE9FC479D
:10B9400081460E4616B90020BDE8FC87D9F81040A4
:10B95000606930B160690068B04202D160694068D6
:10B96000F2E70025B1E005EB8501A06850F8210061
:10B97000371A05EB8501A06800EB81008088B8428A
:10B9800000D2A0E04FF0000805EB8501A06800EBB5
:10B990008100807C022808D105EB8501A06800EBBE
:10B9A0008100C08800EB070884E005EB8501A068F2
:10B9B00000EB8100807C78B905EB8502A16801EB82
:10B9C0008201C86805EB8502A16801EB8201C98884
:10B9D000C25D01EB02086DE005EB8501A06800EB9C
:10B9E0008100807C03282AD1B8B201903E480090A3
:10B9F00005EB8503A06800EB8300028A05EB850355
:10BA0000A06800EB83000223816801A8F2F718F90F
:10BA10008246BAF1000F11D005EB8502A16801EB57
:10BA200082018968AAEB0101481005EB8502A16833
:10BA300001EB8201C98801EB000800BF3AE005EB89
:10BA40008501A06800EB8100807C012832D1B8B26A
:10BA500001902548009005EB8503A06800EB83006A
:10BA6000028A05EB8503A06800EB8300022381684E
:10BA700001A8F2F7E5F88246BAF1000F19D005EBFC
:10BA80008503A26802EB83029268AAEB02025010BF
:10BA900005EB8503A26802EB8302D16805EB850301
:10BAA000A26802EB8302D28831F8103002EB03085F
:10BAB00000BF00BF606920B1606906606069C0F8BE
:10BAC0000480404640E7681C85B2608AC0F30800E5
:10BAD000A8423FF748AF606920B160690660002066
:10BAE0006169486000202FE7490A04082DE9F84FF2
:10BAF00080460D46C146404600F0FDF9064616B99F
:10BB00000020BDE8F88FF08A281A05B200213046DF
:10BB100013F027F9009000980BF0E4FB8246002117
:10BB2000304613F08EF90446204604EBD07105EB45
:10BB300061010DB20AEB04000FFA80FB95FBFBF0EC
:10BB400087B2B9F83400B84203DCB9F83400401EBB
:10BB500087B23846D5E72DE9F04105460026002793
:10BB600000200DF0F1FA044616E020460DF03BFBF4
:10BB70008046206DA8420AD1B8F1020F02D12046BA
:10BB8000BDE8F081B8F1040F00D1264627462046D3
:10BB90000DF0DAFA044600BF002CE6D10EB13046B3
:10BBA000EEE70FB13846EBE700200DF0CDFAE7E7FE
:10BBB0002DE9F04107460C463D46384611F01BFC86
:10BBC000B5F884104843001206B20021384612F03E
:10BBD00000FE8046A4EB080004B2002C02DA00202C
:10BBE000BDE8F081B44203DDB5F88200401EF7E7FE
:10BBF00095F8880000F0070001280BD1314606EBCC
:10BC0000D1704210B5F88200401E04FB002090FB6A
:10BC1000F6F0E5E795F8880000F00700022805D166
:10BC2000B5F88200604390FBF6F0D9E70020D7E733
:10BC30000246114600E0096821B18869C0F30F107F
:10BC40000028F8D009B9002070478869C0F30F10A8
:10BC5000FAE700002DE9FC5F80460D461646D8F84D
:10BC600010704FF0000A788AC0F34030002840D1AD
:10BC7000FC68A068800FD8B9D4F8009005EB0620C6
:10BC800080B2019026480090A06820F04042022334
:10BC9000494601A8F1F7D4FF8346BBF1000F06D057
:10BCA000ABEB09014810616811F900A000BF1FE06B
:10BCB0000121A068B1EB907F1AD1D4F8009005EB78
:10BCC0000640019017480090A06820F040420423ED
:10BCD000494601A8F1F7B4FF8346BBF1000F06D037
:10BCE000ABEB09018810616811F900A000BF00BF2B
:10BCF00012E0F8684368595D83689A5D00290ADD9F
:10BD0000002A08DD531E4C1E90F80DC004FB0C33B6
:10BD1000046814F903A000BF5046BDE8FC9F000072
:10BD200079ED010859ED01082DE9FE4F07460C4653
:10BD3000254600260021204612F06FFA834600EBCC
:10BD4000DB70C0F34F064FF44031204612F04EFD39
:10BD500080464FF44031204612F0F1FD81464FF409
:10BD60004031204612F0AEFE82464FF4403120466C
:10BD700012F05FFC0290A08A298D0844801BA0EB82
:10BD8000080000B2ADF80000E18A688D0844801B0D
:10BD9000A0EB090000B2ADF80200A08A298D08448A
:10BDA0003044504400B2ADF80400E18A688D084484
:10BDB00081190298084400B2ADF806000098386076
:10BDC00001987860BDE8FE8F2DE9F04F87B081467D
:10BDD0000F469246984600BF00BF4C464FF40031D4
:10BDE000484612F027FA834658460BEBD0714D10A7
:10BDF000AAEB05000FFA80FAA68C94F83400C0F381
:10BE0000410018B9208D304486B223E094F8340004
:10BE1000C0F34100022803D1E08C304486B219E01F
:10BE200094F83400C0F34100012813D1B4F9302054
:10BE3000B4F93230D11801EBD1725010B4F92E1090
:10BE4000814203DAE18C31448EB202E0218D31442B
:10BE50008EB200BF06F15A0000B219F0FFFB00FBE2
:10BE60000AF0C01300B2069030B219F0F7FB00FBE5
:10BE70000AF0C01300B205904FF44031484612F06A
:10BE8000C2FC04904FF44031484612F065FD039027
:10BE90004FF44031484612F022FE02904FF44031F8
:10BEA000484612F0D3FB0190398806980144049863
:10BEB000081A401B00B2A8F800003988069801440F
:10BEC00003980844284400B2A8F80400798805982B
:10BED00001440298081A401B00B2A8F802007988B1
:10BEE0000598014401980844284400B2A8F80600C7
:10BEF00007B0BDE8F08F70B504462546686A08B9FA
:10BF0000002070BD0021686A11F0D5F9F9E710B57D
:10BF100004460021204611F0CEF910BD70B504464C
:10BF20000E46002513E0E06800EBC5004068C0F352
:10BF3000006058B1E06800EBC500406820F07F4029
:10BF4000B04203D1E06850F8350070BD6D1C608CC4
:10BF5000C0F3C500A842E6D8608CC008401C618CC4
:10BF600060F3C8016184628CC2F3C502D100E0684D
:10BF70000FF048F9E06000BFE06818B900BF00BFEB
:10BF800000BFFEE700BF608CC0F3C500451E1AE08D
:10BF9000681EE16801EBC0004068C0F3006038B97A
:10BFA000681EE16801EBC0004068C0F3406000B16A
:10BFB0000BE0E06800EBC5010246681E02EBC00220
:10BFC00005CA05C16D1E002DE2D100BFE16801EB7D
:10BFD000C50008210FF0D9FA08200EF0F1FFE16842
:10BFE00041F83500E16851F8350017F08BF8E0684A
:10BFF00000EBC500406820F0807000F18070E168BF
:10C0000001EBC5014860E06800EBC500406866F3DD
:10C010001700E16801EBC5014860E06850F83500A1
:10C0200093E700002DE9FC4107468846164638682C
:10C03000C068C068B0FBF8F4B44200DD344619486B
:10C0400000680068806958B30020ADF80000ADF8C2
:10C050000400ADF8020025B200BF681E00B2ADF8C2
:10C0600006001049096808680E49096809688A6964
:10C0700069469047684604F069F9A04200DC03E095
:10C08000681E05B2002DE8DC00BF002D04DC00BFF7
:10C0900000BF0020BDE8FC81BDF90600441C00BFC4
:10C0A0002046F7E7D000002070B505460C46641E18
:10C0B000002C01DA6D1E0C340C2C01DB6D1C0C3CC9
:10C0C000012C04D1284602F096F81C300BE0072022
:10C0D00094FBF0F100FB114606EBD6704010A6EB86
:10C0E0004000C0F11F00C0B270BD10B5034669B179
:10C0F0001068401E10601068002805DB9868006812
:10C10000146850F8240010BD0020FCE71068401CA3
:10C11000106010689C686468A04205DA986800683E
:10C12000146850F82400EEE70020ECE730B5044630
:10C13000481CE56835F8100035F81150401B00B276
:10C140001080A06830F8110000B21880E06830F864
:10C1500011006568284430BD2DE9F84F06460C46AD
:10C160001546B0460CF0EAFF81460DF03CF88246D9
:10C17000BAF1010F0DD0BAF1030F0AD015B14FF685
:10C18000FF70288014B14FF6FF7020800020BDE8BA
:10C19000F88F0CF0D3FF814669460CF0E9FF002DC3
:10C1A0003ED0304611F096FBBDF8001008440FFA5F
:10C1B00080F90021304612F098F801280AD10021B8
:10C1C000304612F017FC318B081AA0EB09000FFA69
:10C1D00080F90CE0B08AA9EB00000FFA80F9002189
:10C1E000304612F05EFBA9EB00000FFA80F9002048
:10C1F0002880002728800CE02988D8F8300030F803
:10C200001100384407B2B94500DA07E02888401C1D
:10C2100028802888B8F824108842EDDB00BF00BFD2
:10C220006CB3304611F060FBBDF8021008440FFA01
:10C2300080F9F08AA9EB00000FFA80F9002130465E
:10C2400012F0A8FCA9EB00000FFA80F90020208072
:10C25000002720800CE02188D8F82C0030F811004D
:10C26000384407B2B94500DA07E02088401C208036
:10C270002088B8F826108842EDDB00BF00BF0120FF
:10C2800085E72DE9F04F87B00446884691461E4663
:10C290004846F1F76DFB01218140C8B206904FF08E
:10C2A000FF3A208C05900598C04380B2049094F822
:10C2B0002200C0F380000290002530E0E06800EB2F
:10C2C000C5077868C0F3406000B92DE0029800B15E
:10C2D00024E0E16801EBC501496821F07F4015F0D9
:10C2E000B9F88346C34500D018E0386880790699CC
:10C2F000084000B912E003AA4946386816F082FEE9
:10C3000008B1012000E000200190019828B10398B5
:10C310003060012007B0BDE8F08F00BF6D1C608C5D
:10C32000C0F3C500A842C9D800BF41E0E06800EBF7
:10C33000C50BE16801EBC501496821F07F4015F0AC
:10C3400089F80090E16801EBC501496821F07F4060
:10C3500015F084F807460098404500D027E0DBF848
:10C36000000080790699084000B920E00498384020
:10C3700000B11CE0574500DC19E003AA4946DBF890
:10C38000000016F03FFE08B1012000E000200190FF
:10C39000019858B10598874203D103983060012075
:10C3A000B8E7BA4502DABA460398306000BF6D1CA0
:10C3B000608CC0F3C500A842B8D8BAF1000F03DB07
:10C3C000039830600120A5E70020A3E72DE9FC5F7A
:10C3D00083468A4690461D46082001907F200090A3
:10C3E000404608EBD0714C1008F0010080F00109C4
:10C3F000CBF15A0108B219F031F9AAEB0401484314
:10C40000C611584619F02AF9AAEB04014843C7118E
:10C41000002E0ADDA6F17F000612301B484400B250
:10C420002880301900B2A8800AE006F17F000612C9
:10C43000301B00B228803019A0EB090000B2A880A0
:10C44000002F0ADDA7F17F000712381B484400B215
:10C450006880381900B2E8800AE007F17F0007120F
:10C46000381B00B268803819A0EB090000B2E880E0
:10C47000BDE8FC9F38B504460025044802882946DB
:10C48000204612F0A1FB0090009838BD000100206A
:10C490002DE9FF4F89B083469246DDE919785C4665
:10C4A000A08C0A99484380B2069000BFBAF80800F1
:10C4B0003844404400B20590069D4FF0000986E0E4
:10C4C000A06A50F8250000287BD0206B30F91900B5
:10C4D0000790002600BF1EE0A919A06A50F82100AD
:10C4E000B0B10021AB19A26A52F8230000B1017863
:10C4F00001F0010252B109EB0602521C236B33F822
:10C500001230079A1A4412B2079200E009E000E0E4
:10C5100007E0701C86B206EB0901A08C401E814228
:10C52000DADB00BF00200490A06A50F8250020B19B
:10C53000A06A50F8250000780490049800F00200EA
:10C5400090B100BFBAF90800384400EB0801059823
:10C55000814205DD00BFBAF908003844404400E0DC
:10C56000059800B205902BE0DDE91701014407981A
:10C57000401A00B207900022079916988DE807002C
:10C58000A06A50F82500411C524608A80C9B19F0DF
:10C5900053F9BDF92200384400EB080105988142A7
:10C5A00005DDBDF922003844404401E009E005986A
:10C5B00000B20590A81985B209EB06001FFA80F9B0
:10C5C00000BF681C85B209F101001FFA80F9A18C37
:10C5D00006980844A8423FF773AF05980DB0BDE830
:10C5E000F08F000038B5044600250548028829462A
:10C5F000204612F0E9FA00900098C0B238BD000061
:10C600000A01002038B5044600250548028829465D
:10C61000204612F0D9FA00900098C0B238BD000050
:10C620000C0100202DE9FF5F06460C460021304634
:10C6300012F0AFFB03904FF48021304612F0A9FBBB
:10C64000029003980AF056FE074602980AF052FE3E
:10C6500080460021304612F00EFC814608EB0700B0
:10C6600000EBD07109EB61010DB2304610F038FFDC
:10C67000834600EBDB704110F08A0844AA4605EBC4
:10C68000DA71A0EB610000B260806088284400B2DB
:10C69000E0806946304610F0CDFEBDF800002080F5
:10C6A000BDF80400A080BDE8FF9F2DE9FF470546C7
:10C6B0002846FFF72CFC06461EB9002004B0BDE852
:10C6C000F0874FF48021284612F063FB80464FF438
:10C6D000802741F25A423946284612F075FA0290F4
:10C6E000029804B200BF30460DF05EFC8146002087
:10C6F00041F6FF71CDE900012346424649460290CA
:10C7000003A819F099F8BDF90C00D7E702460B46CB
:10C71000114633B1012B0AD0022B05D0042B0CD1CA
:10C7200008E001F13C00704701F14800FBE701F12E
:10C730005400F8E701F16000F5E70020F3E770B579
:10C7400004460E46002510E0E06800EBC500406896
:10C75000C0F3406040B1E06800EBC500406820F0E5
:10C760007F40B04200D105E06D1C608CC0F3C50075
:10C77000A842E9D800BF608CC0F3C500A84203D02E
:10C78000E06800EBC50070BD608CC008401C618C87
:10C7900060F3C8016184628CC2F3C502D100E06815
:10C7A0000EF030FDE060608CC0F3C500451E09E06E
:10C7B000E06800EBC5010246681E02EBC00205CA34
:10C7C00005C16D1E002DF3D10821E0680EF0DDFEDD
:10C7D00008200EF0F5FBE1680860E168086816F0D3
:10C7E00091FCE068406820F0007000F10070E168A2
:10C7F0004860E068406866F31700E1684860E068F8
:10C80000C1E7000037B584B005461446114890F8DA
:10C81000200000F0010070B10221122014F04AFE45
:10C8200022460390059906F0BDF80290BDF8081065
:10C83000084607B030BD0221122014F065FE2246E2
:10C840000190059906F0AEF80090BDF8001008467A
:10C85000EFE70000E80B00202DE9F04F0646884680
:10C860001746DDE9095CDDE90B490022B8F1000F4C
:10C8700003D09246A4F800A069E0052F03D0062F4C
:10C8800001D0042F03D10023012D00D10127002165
:10C8900006E03CF811A09A4492440FFA8AF2491C2F
:10C8A000A942F6D3A2EB030A0FFA8AF2072F4DD260
:10C8B000DFE807F00409144C3E2C1B004FF0000A7F
:10C8C000A4F800A042E0A6EB020A0AEBDA7B4FEAEA
:10C8D0006B0B0FFA8BFBA4F800B037E0A6EB020A53
:10C8E0000FFA8AFAA4F800A030E04FF0000AA4F88A
:10C8F00000A0A6EB020A0FFA8AFBA5F1010A0FFAC3
:10C900008AFA9BFBFAFA0FFA8AF31FE0A6EB020AF7
:10C910000FFA8AFA0FFA85FB9AFBFBFA0FFA8AF3F1
:10C920009A4603EBDA7B4FEA6B0BA4F800B00DE0FC
:10C93000A6EB020A0FFA8AFB05F1010A0FFA8AFA3E
:10C940009BFBFAFA0FFA8AF3238000BF00BF002195
:10C950000CE034F811A03CF811B0DA449A440FFA14
:10C960008AFA01F1010B24F81BA0491CA5F1010A68
:10C970008A45EED834F81AB03CF81AA0DA44B4F874
:10C9800000B0AAEB0B0A0FFA8AF0B9F1000F10D031
:10C9900000210CE034F811A0A6EB0A0A3CF811B013
:10C9A000AAEB0B0A0FFA8AFA24F811A0491CA94233
:10C9B000F0D3BDE8F08F2DE9F04F8DB0044600BFF5
:10C9C00000BF2046FEF766FF81462046FFF752FD76
:10C9D0000746B9F1000F00D017B90DB0BDE8F08FD0
:10C9E00006A92046F3F7AEF80C2103A80EF0CDFD02
:10C9F0004FF0000B41F232025946204612F0E4F8A3
:10CA00000090009805B200BF00BF41F612025946DF
:10CA1000204612F0D9F80090009828440FFA80FAC6
:10CA200000BF41F610025946204612F0CDF80090A2
:10CA30000098284400B20290204610F04BFFA18AD3
:10CA40005144081A00B2ADF81400204610F04CFF13
:10CA50000146E28A02981044401A01B2ADF816105D
:10CA6000002609E0A068006850F826B003AA06A9CD
:10CA7000584601F0D5FB761CA0684068B042F1D85A
:10CA800006A8F3F76FFB0021204612F083FA01900D
:10CA90000021204611F0F0FC804642F2D17101984D
:10CAA000884202D00846804502D1204613F096FA0B
:10CAB00000222B2120460AF0B9FA00BF8DE70000C2
:10CAC0002DE9F04106463746788E002802DC00202A
:10CAD000BDE8F0817D6A002409E0F96A31F81400AC
:10CAE000F3F724F808B10120F2E7601C84B255F88E
:10CAF000240050B155F8240005A1E3F7BFFF20B191
:10CB000055F8240000780028E7D10020E0E7000075
:10CB10000A00000001460020302905DB392903DC2A
:10CB2000A1F13002D0B21CE0612902DBA1F12002A8
:10CB3000D1B2A1F14102062A10D2DFE802F00305CA
:10CB400007090B0D0A200BE00B2009E00C2007E081
:10CB50000D2005E00E2003E00F2001E0002000BFC3
:10CB600000BF70472DE9F04105462C464FF4404187
:10CB7000606A03F095FF94F92E10A08D0122FEF754
:10CB8000B7FE0746206B18B300261EE0206B30F876
:10CB90002600A18D884216D1206B00EB860090F90B
:10CBA000021094F92E0081420DD1226B02EB860215
:10CBB00092F90320521E3A44D21D91B24FF4004222
:10CBC000606A04F067FB701C86B2A08EB042DDDCA8
:10CBD000A08D218D884210D194F92E1094F92A004D
:10CBE00081420AD194F92B20521E3A44D21D91B2AF
:10CBF0004FF48042606A04F04DFBBDE8F081000014
:10CC00002DE9F04104460D46606D18B900BF00BF24
:10CC1000BDE8F081606DA96830F92160606DA96898
:10CC200000EB8100B0F90270A87B1A4909788842AC
:10CC300006D0A87B012801D100BF01E000BF00BFE2
:10CC4000A87B01280AD1B4F90C00B04203D1B4F991
:10CC50000E00B84202D0201D00F094FE201D00F00E
:10CC60000FFF00B1D4E726816781A87B012803D19B
:10CC7000201D00F027FD02E0201D00F083FE201D96
:10CC800000F0FEFE00B1C3E72189A1816189E18145
:10CC900000BFBDE7B800002070B50446042140483D
:10CCA000006812F015FA20B13D49E06A096888422F
:10CCB00000D170BD3A48006810F008FC0546E06AF3
:10CCC00018B1E06A10F002FC00E000200646B54210
:10CCD00024D14DB1324800680AF012FF204600F01E
:10CCE000CFFE002857D0E4E7E06A50B12D49E06A52
:10CCF0000A680F210AF09AF9204600F0C1FE00B13F
:10CD0000D7E728480E210268254800680AF08EF906
:10CD1000204600F0B5FE00283DD0CAE766B9E06ABB
:10CD200050B12049E06A0A680F210AF07FF92046D5
:10CD300000F0A6FEC8B1BCE7E06AB0B156B9194927
:10CD4000E06A0A680F210AF071F9204600F098FEA7
:10CD500058B1AEE71349E06A0A6810210AF066F993
:10CD6000204600F08DFE00B1A3E745B10C480068F5
:10CD70000AF0C6FE204600F083FE60B199E709483C
:10CD80000E210268064800680AF050F9204600F0BB
:10CD900077FE00B18DE702480168E16200BF88E7D5
:10CDA000B4000020B00000202DE9F04704460D46F5
:10CDB000A87B012805D16079C0F3C00008B1BDE8A7
:10CDC000F0876079C0F3C00058B1607920F00801A5
:10CDD000617100216164607920F0010161710021BD
:10CDE0002172277AA97B21726968E160D4F85080AA
:10CDF000B8F1000F00D1E2E740460AF0F7FEED4936
:10CE000008600846006800B9D9E7A87B08B100208F
:10CE1000A88140460AF0EAFEE64908600846006834
:10CE200000B9CCE7A87B012853D1002F51D100BF16
:10CE300000BF18F010F9606468680A2820D1DD4846
:10CE4000006812F035FD28B91021DA48006812F0A8
:10CE50003FF908B1012000E00020064640460AF0F4
:10CE6000BDFE00B95EB9D44801210268D14800680E
:10CE70000AF0DCF8201D00F003FE00B19FE74AE154
:10CE80006868142804D1A889401E00B2A88142E134
:10CE90006868132804D1A889401C00B2A8813AE12F
:10CEA00068681B2810D11B2140460AF02BFFC2489E
:10CEB00020210268BF4800680AF0B8F8201D00F081
:10CEC000DFFD0028DBD07AE7404669680AF01AFFE8
:10CED00021E1A87B012870D1012FFCD1607900F0FD
:10CEE0000100B8BB606C18F0A9F82168898B8842F2
:10CEF00044D9607920F00100401C607118F0ABF853
:10CF0000A06468680A2833D1AA48006812F0D0FCEF
:10CF100028B91021A748006812F0DAF808B10120FA
:10CF200000E000200646B6B140460AF06AFE01283D
:10CF30001DD900BF00BF40460AF050FE80F0010935
:10CF4000494640460AF0EDFE20219A4800680FF05D
:10CF5000C4FC0CE012E0984805210268954800687E
:10CF60000AF064F8201D00F08BFD00B127E700BF38
:10CF7000607920F00100401C6071CCE0607900F025
:10CF8000010000288BD0A06C18F058F82168C98BDC
:10CF9000884284D918F05FF8A06468680A280DD127
:10CFA000854806210268834800680AF03FF8201D82
:10CFB00000F066FD00288BD001E719E068681428AE
:10CFC00004D1A889401E00B2A881A4E06868132893
:10CFD00004D1A889401C00B2A8819CE04046696841
:10CFE0000AF090FE201D00F04BFD0028C5D0E6E6BB
:10CFF000A87B002870D1012F6ED100BF00BF6868E8
:10D000000A286BD16B48006812F052FC28B9102135
:10D010006848006812F05CF808B1012000E00020C8
:10D0200006463EBB6448082102686248006809F071
:10D03000FDFF201D00F024FD00B1C0E6607900F086
:10D04000010030B95C48042102685A48006809F0C0
:10D05000EDFF201D00F014FD00B1B0E65648072199
:10D0600002685448006809F0E1FF201D00F008FD47
:10D0700088B3A4E640460AF0B1FD70B3607900F0D1
:10D08000010020B140460AF0BCFD01282CD84A48D6
:10D09000082102684748006809F0C8FF201D00F019
:10D0A000EFFC00B18BE64448042102684148006867
:10D0B00009F0BCFF201D00F0E3FC00B17FE63E4814
:10D0C000072102683B48006809F0B0FF201D00F00E
:10D0D000D7FC20B173E617E01DE00BE015E00A2154
:10D0E00040460AF00FFE0FE02021324800680FF0A2
:10D0F000F4FB09E0607900F0010028B900BF00BF2F
:10D10000012140460AF00DFE00BF002161646079F4
:10D1100020F001016171002026490860A88928B328
:10D1200040460AF05BFD10B300BF00BFB5F90C002C
:10D1300000280CDA002604E0142140460AF0E2FD43
:10D14000761CB5F90C004042B042F5DC0EE0B5F9B2
:10D150000C0000280ADD002604E0132140460AF0F6
:10D16000D1FD761CB5F90C00B042F6DC20E000BF22
:10D1700000BFB5F90C0000280BDA002603E040469A
:10D180000AF01AFD761CB5F90C004042B042F6DCFC
:10D190000DE0B5F90C00002809DD002603E040464B
:10D1A0000AF0A2FC761CB5F90C00B042F7DC00BF17
:10D1B00000BF04E6B4000020B000002070B50446B3
:10D1C000A06A00B170BD94F83D0000F0010000B10C
:10D1D000F8E7256A03E0284610F0D2F9054635B194
:10D1E0004FF40041284611F073FF0028F3D105B930
:10D1F000E8E7B4F91000002802DDB4F9100002E0FD
:10D20000B4F910004042484909680968897E88429B
:10D2100012DAB4F91200002802DDB4F9120002E0BB
:10D22000B4F912004042404909680968897E884281
:10D2300002DA002121876187218F208A084401B208
:10D240002187618F608A084401B26187B4F9380090
:10D25000002802DDB4F9380002E0B4F93800404299
:10D26000314909680968C97E88420FDCB4F93A007F
:10D27000002802DDB4F93A0002E0B4F93A00404275
:10D28000294909680968C97E88424ADD012184F874
:10D290003D10B4F93800002802DDB4F9380002E08E
:10D2A000B4F938004042B4F93A10002902DDB4F96B
:10D2B0003A1002E0B4F93A104942884213DDB4F959
:10D2C0003800002807DD94F83C0020F0F000203002
:10D2D00084F83C001AE094F83C0020F0F000103094
:10D2E00084F83C0012E0B4F93A00002807DD94F815
:10D2F0003C0020F0F000803084F83C0006E094F818
:10D300003C0020F0F000403084F83C0006480C213E
:10D310000268284609F08AFE204600F0B1FB00B101
:10D3200050E700BF4EE70000B00000202DE9F041BB
:10D3300004460D46A87B012805D16079C0F3C000E2
:10D3400008B1BDE8F0816079C0F3C00058B16079E0
:10D3500020F00801617100216164607920F0010111
:10D36000617100212172276D07B9EAE738460AF09A
:10D370003DFC914908600846006800B9E1E7D4F82F
:10D380000C806968E160267AA97B2172A87B01285C
:10D3900053D1002E51D100BF00BF17F05CFE606476
:10D3A00068680A2810D10A2138460AF0ABFC834885
:10D3B000012102688048006809F038FE201D00F055
:10D3C0005FFB002838D0BCE768681B2810D11B2100
:10D3D00038460AF097FC79482021026876480068B0
:10D3E00009F024FE201D00F04BFB0028EAD0A8E73E
:10D3F000686809280CD1002138460AF092FC3846AA
:10D400000AF072FB201D00F03BFB0028DAD098E701
:10D4100068680B280CD1002138460AF082FC384697
:10D420000AF0CAFB201D00F02BFB0028CAD088E7B9
:10D43000384669680AF066FCB8E0A87B01287BD111
:10D44000012E79D168680A280BD15C480221026854
:10D450005948006809F0EAFD201D00F011FB00B1F9
:10D460006FE7607900F00100F0B9606C17F0E6FD3D
:10D470002168898B884217D9607920F00100401C0F
:10D48000607168680A28D7D117F0E5FDA0644B48A1
:10D49000052102684848006809F0C8FD201D00F019
:10D4A000EFFA0028C8D04CE7607900F001000028AE
:10D4B0007CD0A06C17F0C2FD2168C98B884275D959
:10D4C00017F0C9FDA06468680A280CD13B48062102
:10D4D00002683948006809F0A9FD201D00F0D0FA63
:10D4E000002863D02DE7686809280CD10021384650
:10D4F0000AF017FC38460AF0F7FA201D00F0C0FACF
:10D50000002853D01DE768680B280CD1002138464D
:10D510000AF007FC38460AF04FFB201D00F0B0FA75
:10D5200088B30EE708E0384669680AF0EBFB201D77
:10D5300000F0A6FA38B304E7A87B20BB012E35D152
:10D5400000BF00BFC5F8048068680A2828D11B48BE
:10D55000082102681848006809F068FD201D00F0E5
:10D560008FFA00B1EDE6607900F0010060B9134870
:10D57000042102681048006809F058FD201D00F0E1
:10D580007FFA08B1DDE611E00C48072102680A487D
:10D59000006809F04BFD201D00F072FA00B1D0E6E2
:10D5A00000216164607920F001016171002002496D
:10D5B000086000BFC5E60000B4000020B0000020F5
:10D5C00070B505460C46286806692188298261885D
:10D5D00069823068007CC0F30110022805D03068F1
:10D5E000007CC0F3011003280DD130680088218829
:10D5F000401A401E00B22080306840886188401A7E
:10D60000401E00B260803068007CC0F30110012829
:10D6100005D03068007CC0F3011003280AD1B4F9AA
:10D6200002002188618031684988091A491E09B2BF
:10D63000218000BFB4F90000002801DA00BF00BF5C
:10D640002968086905F014FFB4F90010884201DC6C
:10D6500000BF00BFB4F90200002801DA00BF00BF1C
:10D660002968086905F06AFFB4F90210884201DCF4
:10D6700000BF00BFE86C90B1B5F90C00B4F9001020
:10D68000884205D1B5F90E00B4F90210884206D0DF
:10D69000B4F90220B4F90010E86C13F010FB2188F3
:10D6A0002981618869812879012803D1281D00F02A
:10D6B00009F802E0281D00F065F92989A981698926
:10D6C000E98170BD2DE9F041044600BF00BFAB49C0
:10D6D000206A08606078C0F3C00008B1BDE8F0813E
:10D6E000A7480068006805690026A448006810BBC8
:10D6F000284605F0D8FE0746211D0BF0A8FE9F49DD
:10D7000008600846006840B9284605F0D9FE07467B
:10D71000211D0BF09CFE994908609848006840B9AB
:10D72000284605F0E9FE0746211D0BF090FE9349BF
:10D73000086001262AE0A06A40BB4FF400518F48E0
:10D74000006811F0C5FC08BB284605F0ACFE074692
:10D75000211D0BF07CFE894908600846006840B92D
:10D76000284605F0ADFE0746211D0BF070FE8349EB
:10D7700008608248006840B9284605F0BDFE0746AB
:10D78000211D0BF064FE7D490860012666B1606AC8
:10D7900050B10021218361832046EFF7ECFB204646
:10D7A00000F06EF900B199E77449206A096888426F
:10D7B00054D0A1882181E1886181206A60B1276A03
:10D7C0006F4803210268384609F030FC204600F01B
:10D7D00057F900B182E700BF68480168216201681B
:10D7E00061620068002839D017F035FC2064607849
:10D7F00020F0010060700021A182E18294F83C00D9
:10D8000020F00F0184F83C1094F83C0020F0F00167
:10D8100084F83C10002184F83D1021876187218223
:10D8200061825748012102685448006809F0FEFBF4
:10D83000204600F025F900B150E7514800684079D2
:10D84000C0F3C00000B149E74D480068001DFFF774
:10D8500023FA204600F014F900B13FE7A18820899F
:10D86000081A01B22182E1886089081A01B2618236
:10D87000B4F9180040F35C002083B4F91A0040F3B7
:10D880005C016183218BB4F91000800001EBE000A2
:10D8900001B22183618BB4F91200800001EBE0003A
:10D8A00001B26183A169E16134480068002863D056
:10D8B0003348022102683148006809F0B7FB20466E
:10D8C00000F0DEF800B109E72D4800684079C0F3A8
:10D8D000C00000B102E72046EFF7B2FA204600F0A0
:10D8E000CFF800B1FAE62046FFF768FC204600F0CA
:10D8F000C7F800B1F2E6A06A00BB607800F0010052
:10D90000E0B9206C17F09AFB1D4909680968898BFA
:10D91000884213D91A48052102681848006809F09E
:10D9200085FB204600F0ACF800B1D7E6607820F027
:10D930000100401C607017F08EFB6064A06AD8B9CB
:10D94000607800F00100B8B1606C17F077FB0C490B
:10D9500009680968C98B88420ED9094806210268FE
:10D960000648006809F062FB204600F089F800B123
:10D97000B4E617F070FB606400BFAFE6B4000020AF
:10D98000B000002070B504466078C0F3C00048B114
:10D99000002121626162002020646064607820F0D0
:10D9A000080060702049206A0860A56A084600687F
:10D9B00078B300BF00BF1D48082102681A480068FC
:10D9C00009F034FB204600F05BF800B170BDDDB912
:10D9D000607800F0010058B9144804210268124828
:10D9E000006809F023FB204600F04AF800B1EDE79B
:10D9F0000E48072102680C48006809F017FB204612
:10DA000000F03EF800B1E1E700212162002020642F
:10DA100060643DB12046EFF7AEFA204600F030F8E2
:10DA200000B1D3E700BFD1E7B4000020B000002070
:10DA30004179C1F3400100291ED000224262826276
:10DA4000C262417921F00102427100224264826483
:10DA50000283428390F8401021F00F0280F84020AA
:10DA600000228283C2838287C287417921F0020229
:10DA700042710021014A116070470000B40000208B
:10DA800001464878C0F3400010B10020024A1060FF
:10DA90004878C0F340007047B40000202DE9FE4FE5
:10DAA0000646344694F82A0000F0010000284AD0C7
:10DAB000A08C072190FBF1F085B2E08C90FBF5F192
:10DAC00005FB1100E084E08C032101FB0500E084EC
:10DAD000E08C90FBF5F105FB11002085208D0321E2
:10DAE00001FB050020850021304611F052F902901B
:10DAF0000021304611F0BFF98146029809F0FAFB87
:10DB0000074630460FF058FC80463046FEF7FFF9D6
:10DB10000190E08C07EB090148430FFA80FA414677
:10DB200008EBD1725210384607EBD073A2EB6302B8
:10DB30000FFA82FBABEB0A0000B20090DDE90010A7
:10DB400013F06FFC00BFBDE8FE8F0000F8B504467F
:10DB5000A56A8021284611F0BBFA50B941F6FF7042
:10DB6000034642421146009004F1300002F0FAFCF4
:10DB7000A7E028460FF09AFE012804D0022816D00C
:10DB8000032843D125E0E88A401C01B2002341F676
:10DB9000FF722846FCF790FF6086E88A401E02B2BA
:10DBA000002352492846FCF787FFE08635E0B5F9A7
:10DBB0001A10002341F6FF722846FCF77DFF6086AD
:10DBC000B5F91A20002349492846FCF775FFE0867D
:10DBD00023E005F1140002F0ABFB074600EBD77021
:10DBE0004110E88A084406B2002341F6FF72701C17
:10DBF00001B22846FCF760FF6086701E02B2002367
:10DC00003A492846FCF758FFE08606E04EF201014B
:10DC1000618641F6FF71E18600BF00BF28460FF024
:10DC20003BFE012804D0022814D0032841D123E070
:10DC3000B5F91410002341F6FF722846FCF7A2FE46
:10DC40002086B5F91420002328492846FCF79AFEBF
:10DC5000A08635E0B5F91810002341F6FF7228467A
:10DC6000FCF790FE2086B5F9182000231F492846AE
:10DC7000FCF788FEA08623E005F1140002F0D2FB39
:10DC8000074600EBD770A98A01EB600006B20023BB
:10DC900041F6FF72701C01B22846FCF773FE208625
:10DCA000701E02B2002311492846FCF76BFEA086C5
:10DCB00006E04EF20101218641F6FF71A18600BF08
:10DCC00000BF208E10B94EF201012186A08E10B93E
:10DCD00041F6FF71A186608E10B94EF20101618696
:10DCE000E08E10B941F6FF71E186F8BD01E0FFFF5B
:10DCF0002DE9F04704460D4616461F4604F13C0048
:10DD000000EBC61050F8278000BFB8F1000F03D118
:10DD100000BF00BF00BFFEE700BF00BF1DB900BFCE
:10DD200000BF00BFFEE700BFC5F80880EC60C8F880
:10DD30000C5000BF2846F1F7D0F982462846F1F78B
:10DD4000CCF981460421F0F73CFC824503D000BFAA
:10DD500000BF00BFFEE700BF04F13C0000EBC610AF
:10DD600040F827500121B14020690843206104F1A7
:10DD7000140050F826000121B940084304F11401B1
:10DD800041F82600BDE8F08770B505460C46002036
:10DD90000F49086022461D21284609F047F90C4822
:10DDA000006890B10A480068007808B9002070BD8A
:10DDB000214607480068E2F761FE30B10448016877
:10DDC000284616F0F3FB0020F1E70120EFE7000002
:10DDD0008C0200202DE9F04F89B006460C4615460E
:10DDE0001F4600BF00BF304611F0A8FD10B909B0B2
:10DDF000BDE8F08FB046AC4200D1F8E7B4F5B47F8F
:10DE000002DDA4F5B47084B2B5F5B47F02DDA5F5EA
:10DE1000B47085B2B8F82400204484B2B8F8240065
:10DE2000284485B2B4F5B47F02DDA4F5B47084B2A1
:10DE3000B5F5B47F02DDA5F5B47085B208AA07A9CF
:10DE40003046FDF7DBFC3946304610F0F3F98146E9
:10DE5000B246BB4651225946504610F0B5FE0390DB
:10DE6000039808B1012000E00020069004A906985C
:10DE700008B1012000E00020CDE90059CDE9020100
:10DE8000BDF820309AB2BDF91E10BDF91C00234622
:10DE900005F0B9FB04A9304611F0F1FC00BFA6E77C
:10DEA0001FB5044602AA03A92046FDF7A7FC6B464E
:10DEB000BDF9082003A92046FDF786FF69462046E4
:10DEC00011F0DDFC1FBD2DE9FF4781460C464FF6E2
:10DED000FF70844201D1BDE8FF874E46308EA042DC
:10DEE00000DCF8E7B06A00EBC40102A802F0FCF91C
:10DEF000694648460FF09EFA0021484610F0A1FD01
:10DF000007460021484610F023FC804648460FF0A3
:10DF10009DFA824605F09AFA05460A2195FBF1F032
:10DF2000B84201DA384602E00A2095FBF0F007B269
:10DF30000A2095FBF0F0404501DA404602E00A2055
:10DF400095FBF0F00FFA80F8BDF80800BDF800105E
:10DF5000C91B084400B2ADF80800BDF80A00BDF8BE
:10DF60000210A1EB0801084400B2ADF80A00BDF8A8
:10DF70000C00BDF800103944084400B2ADF80C00A4
:10DF8000BDF80E00BDF802104144084400B2ADF8DF
:10DF90000E00B08EA0420ED1F06A30F8140000F4EA
:10DFA000007040B102A802F017FABDF80A10081A72
:10DFB00000B2ADF80A0002A9484611F060FC00BFAB
:10DFC00089E710B5EFF7C6FC04462068C06A10B1B7
:10DFD0002068C16A884710BD1CB5044621466846C2
:10DFE000FDF7A2FE6946204611F049FC1CBD2DE953
:10DFF000F04F87B005460E462C46B4F88200B0427A
:10E0000002DC07B0BDE8F08F28460FF0F4F9B4F851
:10E0100084104843001207B228460FF057FB82468F
:10E0200094F88800C0F3C00018B9284611F0EDFB41
:10E03000E7E794F8880000F0070001287CD1002170
:10E04000284610F0ACF906900021284610F0C1FBDC
:10E050000590A98A0598014406980844A0EB0A0097
:10E060000FFA80FB4FF4A020029040F649022846A8
:10E07000029910F0A9FD0190019800B280464FF47A
:10E080000031284610F093FF814600BFA88AADF802
:10E090000C00E88AADF80E00288BADF81000688BF4
:10E0A000ADF8120000BFBDF80E0008EB0901401AE0
:10E0B00000B2ADF80E00BDF8120008EB09010844EB
:10E0C00000B2ADF81200B4F88200401EB0421FDD6D
:10E0D00007FB06F0B4F88210491E90FBF1F058449B
:10E0E000A0EB0800A0EB090000B2ADF80C00701C1A
:10E0F0007843B4F88210491E90FBF1F05844404434
:10E10000484400B2ADF8100003A9284611F0B7FB4F
:10E11000002E21DD701E7843B4F88210491E90FB5A
:10E12000F1F05844A0EB0800A0EB090000B2ADF8F4
:10E130000C0007FB06F000E00FE0B4F88210491E67
:10E1400090FBF1F058444044484400B2ADF8100050
:10E1500003A9284611F093FB4BE094F8880000F0E7
:10E160000700022838D10021284610F0E4FAB4F85C
:10E17000841048434FEA202807EB0800B4F88210C7
:10E1800090FBF1F00FFA80F909FB06F00FFA80FB23
:10E190000021284610F01DFBA98A084458440FFAB4
:10E1A00080FB05A928460FF045F9ABEB0A0000B249
:10E1B000ADF81400BDF81400484400B2ADF81800E2
:10E1C000BDF81400A0EB080000B2ADF8140005A9DA
:10E1D000284611F054FB0CE094F8880000F007008A
:10E1E000032803D1284611F010FB02E0284611F065
:10E1F0000CFB00BF05E7014601F0030070B9642085
:10E20000B1FBF0F200FB121030B94FF4C870B1FB53
:10E21000F0F200FB121008B9012070470020FCE763
:10E220002DE9F74F94B004460D46F249204610F010
:10E230005AFF10B117B0BDE8F08F2046FDF748FB3C
:10E2400013902046FEF7DEF91290129808B1139849
:10E2500000B9EFE72046FDF72BFB06462046FEF708
:10E26000C1F9074600BF00200390E348028820461A
:10E27000039910F0A9FC02900298C0B2119000BF5F
:10E2800000200390DD4802882046039910F09CFC92
:10E2900002900298C0B21090286830F916100F91C1
:10E2A000296813983044401E31F81010AA6813985A
:10E2B0003044401E32F81000084400B20E90DDE9F0
:10E2C0000E01401A00B20D90686830F917100C91D9
:10E2D000696812983844401E31F81010EA681298A4
:10E2E0003844401E32F81000084400B20B90DDE9BB
:10E2F0000B01401A00B20A90002120460FF0CEFF19
:10E30000012809D1119810B90220119004E0119848
:10E31000022801D10020119000BF208BA18A401A51
:10E32000401C00B2099000BF608BE18A401A401C7B
:10E3300000B20890119830B1012818D0022827D0D7
:10E34000032808D000BF286830F916A0608C20F49C
:10E35000806060842CE0286830F916A00D98099040
:10E36000608C20F4806000F58060608420E0296883
:10E3700031F81630099A0D99881A00EBD07103EB29
:10E3800061010FFA81FA608C20F4806060840FE0F4
:10E39000204610F040FE296831F816200D991144EE
:10E3A000081A0FFA80FA608C20F48060608400BF45
:10E3B00000BF109830B1012818D0022827D00328B8
:10E3C00008D000BF686830F917B0608C20F4007086
:10E3D00060842CE0686830F917B00A980890608C67
:10E3E00020F4007000F50070608420E0696831F866
:10E3F0001730089A0A99881A00EBD07103EB610173
:10E400000FFA81FB608C20F4007060840FE02046DE
:10E410000FF066F8696831F817200A991144081A54
:10E420000FFA80FB608C20F40070608400BF00BF96
:10E43000204610F0F0FD0999884205D120460FF0E2
:10E440004FF8089988422BD000BFA08AADF8080089
:10E45000E08AADF80A00208BADF80C00608BADF8B7
:10E460000E0000BF204611F0D0F904F11400099904
:10E4700002F085F804F11400089902F07AF82046B9
:10E4800011F0C3F902AA2921204608F0CFFD204649
:10E490000FF076F822462221019008F0C7FD00BF58
:10E4A0000020039043F20C022046039910F08CFBED
:10E4B000029002980FFA80F800BF0020039043F208
:10E4C0000D022046039910F07FFB029002980FFA8C
:10E4D00080F900BF204610F09EFD079020460EF008
:10E4E000FFFF069008F4C040B0F5005F01D10120A5
:10E4F00000E0002030B128F4C040B0F5FA6F01DC34
:10E50000012000E0002090B128F4C040B0F57A7FEF
:10E5100004DD28F4C040C0F57A7001E028F4C04062
:10E5200007994843642190FBF1F00FFA80F809F451
:10E53000C040B0F5005F01D1012000E0002030B103
:10E5400029F4C040B0F5FA6F01DC012000E00020A2
:10E5500090B129F4C040B0F57A7F04DD29F4C040C1
:10E56000C0F57A7001E029F4C0400699484364215F
:10E5700090FBF1F00FFA80F90AEB08000FFA80FA2D
:10E580000BEB09000FFA80FB169800895044A18A12
:10E59000401A00B205901698408900EB0B01E08A02
:10E5A000081A00B20490059808B90498F8B12046FA
:10E5B00011F02BF9A18A0598084400B2A082218BA2
:10E5C0000598084401B22183E18A0498084401B205
:10E5D000E182618B0498084401B26183204611F006
:10E5E00014F901232046DDE9042111F0EBF900BF05
:10E5F00020E6000001000600080100200E010020B6
:10E600002DE9F04106460F461546002018F0FEFDA4
:10E6100004460DE039462046B047012804D105B133
:10E620002C600120BDE8F081204618F0EFFD044683
:10E6300024B1606820F040400028EBD10020F1E7D1
:10E640002DE9F0472DED028B8146B0EE408A0E4653
:10E65000B7B23C0A07F0FF082E48008800EB8000A4
:10E66000204485B22C480088854203DBBDEC028B38
:10E67000BDE8F087B8F1000F09D0B8F1010F16D04E
:10E68000B8F1020F23D0B8F1030F40D12FE0234897
:10E6900000EB850080ED008A04EB8401204A02EB48
:10E6A000C101B0EE480A88681CF092F82FE01D48BE
:10E6B00000EB850080ED008A04EB8401184A02EB30
:10E6C000C101B0EE480A08691CF04AF81FE016487C
:10E6D00000EB850080ED008A04EB8401104A02EB18
:10E6E000C101B0EE480AC8691CF072F80FE00F488B
:10E6F00000EB850080ED008A04EB8401084A02EB00
:10E70000C101B0EE480A486A1CF02AF800BF00BFF9
:10E7100000BFABE7CA030020C80300209C8901208A
:10E720009C8D01209C8A01209C8B01209C8C0120C7
:10E730002DE9F0472DED028B82B08146B0EE408A84
:10E740000F461FFA87F84FEA182508F0FF0A3148EC
:10E75000008800EB8000284486B22F48008886425B
:10E7600004DB02B0BDEC028BBDE8F087484619F02F
:10E7700081FA044621466846FCF768FDBAF1000FAD
:10E7800009D0BAF1010F15D0BAF1020F21D0BAF1B8
:10E79000030F3CD12CE0214820F8164005EB450141
:10E7A00001EBC5011E4A02EB8101886869460CF045
:10E7B000E1F82CE01B4820F8164005EB450101EB81
:10E7C000C501174A02EB8101086969460CF0D2F8CD
:10E7D0001DE0154820F8164005EB450101EBC50189
:10E7E0000F4A02EB8101C86969460CF0C3F80EE0DC
:10E7F0000E4820F8164005EB450101EBC501084A1B
:10E8000002EB8101486A69460CF0B4F800BF00BF12
:10E8100000BFA6E73604002034040020648E0120E7
:10E82000A4900120E48E0120648F0120E48F012058
:10E8300070B52DED028B0546B0EE408A0C462046A1
:10E84000B0EE480A00F04EF8BDEC028B70BD70B51A
:10E850002DED028B0546B0EE408A0C462046B0EE08
:10E86000480A00F0E3F8BDEC028B70BD70B52DEDE9
:10E87000028B0546B0EE408A0C462046B0EE480AB0
:10E8800000F01AF9BDEC028B70BD70B52DED028B56
:10E890000546B0EE408A0C462046B0EE480A00F02D
:10E8A00037F9BDEC028B70BD70B52DED028B0546BE
:10E8B000B0EE408A0C462046B0EE480A00F088F9D7
:10E8C000BDEC028B70BD70B52DED028B0546B0EE30
:10E8D000408A0C462046B0EE480A00F0BFF9BDEC75
:10E8E000028B70BD10B52DED028B84B0B0EE408A66
:10E8F0000446B5EEC08AF1EE10FA03D29FED0C0A81
:10E90000B0EE408A0B4880ED008A90ED000A10219D
:10E910006846FCF7CBFC0848006820B16946064809
:10E920000068F0F7CFFC04B0BDEC028B10BD000016
:10E9300000000000D0040020BC04002030B52DED04
:10E94000028B85B00446B0EE408A0D46B5EEC08A13
:10E95000F1EE10FA03D29FED130AB0EE408A9FED5C
:10E96000120AB4EEC08AF1EE10FA03DD9FED0E0A32
:10E97000B0EE408ABCEEC80A10EE100A0B490880BF
:10E9800008460288102101A8FCF7CCFC0848006862
:10E9900020B101A906480068F0F7B0FC05B0BDEC55
:10E9A000028B30BD0000000000401C4642060020E3
:10E9B0002406002030B52DED028B85B00446B0EE64
:10E9C000408A0D46B5EEC08AF1EE10FA03D29FEDF3
:10E9D000130AB0EE408A9FED120AB4EEC08AF1EE3F
:10E9E00010FA03DD9FED0E0AB0EE408ABCEEC80AB5
:10E9F00010EE100A0B49088008460288102101A871
:10EA0000FCF790FC0848006820B101A9064800689E
:10EA1000F0F774FC05B0BDEC028B30BD00000000C7
:10EA200000401C46400600202006002010B52DEDB9
:10EA3000028B82B0B0EE408A0446B5EEC08AF1EE99
:10EA400010FA03D29FED180AB0EE408A17480088EA
:10EA500000EE100AB8EE400AB4EEC08AF1EE10FAE9
:10EA600007DD1248008800EE100AB8EE400AB0EE4A
:10EA7000408ABCEEC80A10EE100A0D49088008460C
:10EA8000028808216846FCF769FC0A48006820B142
:10EA9000694608480068F0F723FCF0F7C9F802B0AF
:10EAA000BDEC028B10BD00000000000072050020CC
:10EAB0006E0500202805002010B52DED028B84B0D6
:10EAC000B0EE408A0446B5EEC08AF1EE10FA03D2E9
:10EAD0009FED0C0AB0EE408A0B4880ED008A90ED65
:10EAE000000A10216846FCF7E1FB0848006820B1E5
:10EAF000694606480068F0F7E5FB04B0BDEC028B00
:10EB000010BD000000000000CC040020B80400206C
:10EB100010B52DED028B84B0B0EE408A0446B7EEFE
:10EB2000000AB4EEC08AF1EE10FA03D2B7EE000A82
:10EB3000B0EE408AB0EE080AB4EEC08AF1EE10FAE8
:10EB400003DDB0EE080AB0EE408ABCEEC80A10EE53
:10EB5000100A0B4908700846027810216846FCF735
:10EB600097FB0848006820B1694606480068F0F73E
:10EB7000A9FBF0F7A9F804B0BDEC028B10BD0000B2
:10EB8000C8040020B404002070B505460D48E1F724
:10EB900062FE04460C480078844201D21F2C00D348
:10EBA00070BD0848055500210246601C11540748F5
:10EBB000006820B11146054800680BF0DBFE00BF7D
:10EBC000EEE700007C89012051030020440300206F
:10EBD00010B52DED028B82B0B0EE408A0446B5EE42
:10EBE000C08AF1EE10FA03D29FED180AB0EE408A07
:10EBF0001748008800EE100AB8EE400AB4EEC08A4A
:10EC0000F1EE10FA07DD1248008800EE100AB8EEA7
:10EC1000400AB0EE408ABCEEC80A10EE100A0D4958
:10EC200008800846028808216846FCF797FB0A48D6
:10EC3000006820B1694608480068F0F751FBEFF71B
:10EC4000F7FF02B0BDEC028B10BD00000000000019
:10EC500072050020700500202C05002030B52DED38
:10EC6000028B85B0B0EE408A05462C46032C03D3B8
:10EC700005B0BDEC028B30BD0B4800EB840080ED8D
:10EC8000008AB0EE480A102101A8FCF72DFB0748C6
:10EC900050F8240028B1054951F8240001A9F0F7E3
:10ECA00011FB00BFE4E70000D80400209891012088
:10ECB00010B5044604B908A41F2221460748E1F70D
:10ECC000B1FE00200549C8770548006818B104481E
:10ECD00000680BF04FFE10BD000000007C89012091
:10ECE0004403002030B52DED028B85B00446B0EE14
:10ECF000408A0D46B5EEC08AF1EE10FA03D29FEDC0
:10ED0000120AB0EE408A9FED110AB4EEC08AF1EE0D
:10ED100010FA03DD9FED0D0AB0EE408ABCEEC80A82
:10ED20000B4880ED000A1021026801A8FCF708FBDF
:10ED30000848006820B101A906480068F0F7DEFA2B
:10ED400005B0BDEC028B30BD0000000000C0A8473C
:10ED5000440600202806002030B5024614460B4623
:10ED600020881D88A84203D020881D88401B30BD04
:10ED700060885D88401BFAE730B5024614460B46B2
:10ED800020781D78A84203D020781D78401B30BD24
:10ED900060785D78401BFAE710B50548006800B957
:10EDA00010BD0121024800680CF0DAFF00BFF7E750
:10EDB0003803002000B901201F2800D91F20014975
:10EDC000087070475103002010B5044604B908A428
:10EDD000172221460848E1F725FE00200649C8759C
:10EDE0000648006818B1054800680BF0C3FD10BD67
:10EDF000494E5055540000005203002040030020AB
:10EE000070B506460C46154601200E4908700E489E
:10EE100006600E480460FAF7C3FE2846FFF748FF75
:10EE20000B48006820B10B49094800680BF0A2FDAF
:10EE30000121094800680DF00FFD0748006810F037
:10EE4000F8FD70BD50030020480300204C03002053
:10EE500040030020520300203803002070B506460E
:10EE60000C46154600200E4908700E4806600E48F4
:10EE70000460FAF795FE2846FFF71AFF0B48006872
:10EE800020B10B49094800680BF074FD01210948C5
:10EE900000680DF0E1FC0748006810F0CAFD70BD85
:10EEA00050030020480300204C03002040030020B2
:10EEB000520300203803002070B505460C46264654
:10EEC000686820F040403168884204D12846FCF749
:10EED000EBFA012070BD0020FCE72DE9F04105466A
:10EEE000284608F03CF80446284608F099F80746FA
:10EEF00038460EF045FB06462A2C01D0292C09D1B4
:10EF0000002138460BF036FD30461AF0FBFA304649
:10EF10001BF0EAFEBDE8F0812DE9F84F0446884673
:10EF200015461E46134800680AF01CFD0746384681
:10EF300011F092FB414638460BF01CFD0E4803F0E1
:10EF40001BFB002201460090384612F000FA3846BA
:10EF500010F061F8814600EBD970A5EB60000FFA64
:10EF600080FA33B25246012138460CF0A7FF2760E1
:10EF7000BDE8F88FA4040020333333002DE9F041BD
:10EF8000044620460EF0B5F90746002607E0A068C3
:10EF9000006850F826502846FFF7F0FF761CBE4266
:10EFA000F5D394F8220000F0010008B9BDE8F08123
:10EFB000608C20F001006084204611F00FF820469C
:10EFC00010F09BFED7B1002120460FF07CFA0546D9
:10EFD0009DB10B48006885420FD8681E0949096831
:10EFE00001EBC000D0F80480681E0649096851F89A
:10EFF000302041462046904700BF00BF00BFD5E704
:10F00000C40000201C02002000BF07E001210448CA
:10F01000E4F7AEFF4FF47A7022F080FBF6E70000D1
:10F02000000402402DE9F04F85B007468B4691461B
:10F030001E460E9DE86900FB0BF080120490E86903
:10F0400000280DDD0498484516DD95F82800C0F32A
:10F05000400018B1012005B0BDE8F08F0020FAE7AC
:10F060000498484508DA95F82800C0F3400008B134
:10F070000120F0E70020EEE70BEB0601E8694843CA
:10F0800080120490E86900280BDD0498484514DAE2
:10F0900095F82800C0F3400008B10020DBE701200C
:10F0A000D9E70498484508DD95F82800C0F34000EA
:10F0B00008B10020CFE70120CDE7E869002806DD90
:10F0C0004FEA0920A96948438012039006E009F13C
:10F0D00001000002A96948438012039003980012BE
:10F0E00002900398C0B20190019810B94FF0FF0848
:10F0F00007E00198C0F1FF00696A4843FF21A1EBD6
:10F1000020280298A0EB0B040198D8B1002C18DB42
:10F11000B44216DA0198C0F1FF00C8F1FF0148437C
:10F12000FF21A1EB602000F0FF0A95F82800C0F352
:10F13000400008B1CAF1FF0A385D514617F039FEA8
:10F140003855641C1BE0002C12DBB44210DAA88C8A
:10F15000A8EB600000F0FF0A95F82800C0F340001B
:10F1600008B1CAF1FF0A385D514617F022FE385542
:10F17000686AA8EB0008641CB44200DB02E0686A1D
:10F180004045E0DB00BFB4421DDA002C1BDBA86960
:10F1900000FB08F080120090009800FB08F0C0F31C
:10F1A000472AE869002801DACAF1FF0A95F8280021
:10F1B000C0F3400008B1CAF1FF0A385D514617F0AC
:10F1C000F8FD385500BF95F82800C0F3400068B13D
:10F1D0000298A0EB0B04B44201DD00203BE7002CB9
:10F1E0000FDB214638460CF0D0F90AE0641C002CF5
:10F1F00001DA00202FE7B44203DC311B38190CF090
:10F20000C4F9022027E72DE9FF4F87B007468A4659
:10F210001E46149DA8690999484380120690A86962
:10F22000002802DD0698401C0690069850450ADA30
:10F2300095F82800C0F3400018B101200BB0BDE8DC
:10F24000F08F0020FAE7A8690999484380120690D8
:10F250000AEB06010698814208DA95F82800C0F307
:10F26000400008B10020E9E70120E7E70998000223
:10F27000A96948438012059005984FEA202B05980C
:10F28000C0B204900998401C0002A969484380124A
:10F2900003900398001202900398C0B20190ABEB68
:10F2A0000A040298834509D0A869002806DA049860
:10F2B00020B9FF200490DDF808B0641E0298834551
:10F2C00034D1002C12DBB44210DA019904980844BE
:10F2D000C0F3470895F82800C0F3400008B1C8F112
:10F2E000FF08385D414617F064FD3855641C95F8F9
:10F2F0002800C0F3400060B1ABEB0A04B44201DB6C
:10F3000000209BE7002C03DB214638460CF03DF93A
:10F31000C9E0B44200DD34460CB900208EE7002C71
:10F32000F6DD311B38190CF030F9BCE0A869002873
:10F330005ADAE8694042049948434FEAA029002C70
:10F3400012DBB44210DA049809FB00F0C0F347283E
:10F3500095F82800C0F3400008B1C8F1FF08385DF7
:10F36000414617F026FD3855641EC9F1FF00A96912
:10F370004942484380120090002C16DBB44214DA54
:10F38000C9F1FF0000994843FF21A1EB602000F084
:10F39000FF0895F82800C0F3400008B1C8F1FF0845
:10F3A000385D414617F005FD3855A41C95F8280036
:10F3B000C0F3400068B1ABEB0A00441EB44201DD6B
:10F3C000344610E0002C0EDD214638460CF0DDF806
:10F3D00009E0B44201DD012030E7002C03DB311BE2
:10F3E00038190CF0D2F85DE00498C0F1FF00E9692B
:10F3F00048434FEAA029002C17DBB44215DA0498E1
:10F40000C0F1FF0000FB09F0FF21A1EB602000F03C
:10F41000FF0895F82800C0F3400008B1C8F1FF08C4
:10F42000385D414617F0C5FC3855641CC9F1FF0032
:10F43000A969484380120090002C13DBB44211DA12
:10F44000C9F1FF0000994843C0F3472895F8280008
:10F45000C0F3400008B1C8F1FF08385D414617F01D
:10F46000A8FC3855641C95F82800C0F3400060B132
:10F47000ABEB0A04B44201DD0020DFE6002C10DB18
:10F48000214638460CF081F80BE0B44200DD3446EA
:10F490000CB90020D2E6002C03DD311B38190CF02A
:10F4A00074F800BF00BF0220C8E62DE9F843044607
:10F4B00027467D6AA84609F041FE0646C6B1304699
:10F4C00009F091FE012804D0304609F08CFE032893
:10F4D0000ED16946304609F04BFEBDF902102846B0
:10F4E000FCF704FBA8F83A00204610F08EF900BFA4
:10F4F000BDE8F8832DE9FC470546A846D8F82470F6
:10F500003C4609F01BFE8146484609F06CFE042883
:10F510000ED1E08E208738460DF0D8FF8246504647
:10F5200008F05CFB18B10021504608F0FAFB00BF60
:10F53000484609F058FE012804D0484609F053FE19
:10F5400003280CD16946484609F012FEBDF90210A5
:10F550003846FCF7CBFAE086E08E208700BF3846BD
:10F5600007F0F3F8A06A10B9384610F04EF9E08EB3
:10F57000019001AA1C21384607F058FD0646012ECD
:10F5800002D03046BDE8FC870120FBE72DE9F041C1
:10F5900005460E464FF000081148EDF7A2FE04465E
:10F5A00018E021460E48EDF7B4FE07462068A84251
:10F5B00000D075B96068B04200D056B921460848FD
:10F5C000EDF70EFF20460BF0C9FDEFF7E3F94FF022
:10F5D00001083C46002CE4D14046BDE8F081000023
:10F5E000640C002070B506460D460B48EDF779FE19
:10F5F00004460DE02068B04205D16068A84200D002
:10F600000DB9204670BD21460348EDF782FE044641
:10F61000002CEFD10020F5E7640C002010B5044663
:10F62000402120460BF0B1FF4FF4FA70A062002099
:10F63000E061642060620120A0870548A06194F821
:10F640003E0020F00100401C84F83E0010BD000088
:10F65000DBF60108F8B504464FF480600090002303
:10F660001946D4E90A200BF097FC06464FF4806057
:10F670004FF46E73322200210090304601F0A4F95D
:10F680000746E169606A401A00FB07F5AD12E069C0
:10F6900005442846F8BDF8B504464FF48060009054
:10F6A00000231946D4E90A200BF076FC06464FF4F5
:10F6B000806040F2B6334FF4617200210090304612
:10F6C00001F082F90746E169606A401A00FB07F51C
:10F6D000AD12E06905442846F8BDF8B504464FF47C
:10F6E0008060009000231946D4E90A200BF054FCF6
:10F6F0000646E169606A401A00FB06F5AD12E06952
:10F7000005442846F8BD0146D1E90A20904201DBB4
:10F71000486A7047C869FCE74A42C2627047416064
:10F720007047416070474160704741607047416079
:10F730007047816170478161704741637047C16064
:10F740007047C160704781877047816270478162EE
:10F7500070478162704781627047C1610162426295
:10F760007047C161016242627047C16101624262D9
:10F770007047C161016242627047C16101624262C9
:10F78000704701607047016070470160704730B595
:10F7900003468D1A002D01DD8D1A00E0551A2C4606
:10F7A0004FF47A756543B5FBF3F000B9401C30BDEA
:10F7B00070B50546686818B1D5E90001FFF7E6FEA7
:10F7C0002148EDF701FE18B115F045FC1F4908600E
:10F7D0001D48EDF7B9FD044600BF1CB900BF00BFCE
:10F7E00000BFFEE700BF0CB9002070BD40222946D3
:10F7F00020460BF03CFD2868A84200D12460144844
:10F80000017814F83E0F61F38200207014F83E096D
:10F8100000F00100A0B1206950B12046216988475D
:10F820000646E0693044E061606A3044606200BFCF
:10F83000606828B1206818B1D4E90002E1699047F6
:10F84000EFF7A8F82046D0E7640C00201002002053
:10F850001502002070B506460C4625460020A884F7
:10F86000872068852D20A8858720E884400028858A
:10F87000A88E20F00600A8864FF40040E885A88EE8
:10F8800020F008000830A8860020288664206886BA
:10F89000A88E20F00100A8864FF43470E88615F099
:10F8A000DAFBA863288D00B2A887022120460CF05D
:10F8B00057FA4FF4407120460CF0CEFF0D21204640
:10F8C00011F0F2F870BD00002DE9F04FABB08346A7
:10F8D000584607F0A5FB82465446584607F047FBBA
:10F8E0002A9028AA29A95046FBF788FF16A82A992A
:10F8F0000DF096FABDF9A000002831DD12A803F042
:10F9000056FE12AA002150460FF034FC002023902E
:10F91000634817900020189029A81F90BDF9A000F7
:10F92000ADF8940012A81E9016AA1A21504607F0AE
:10F930007DFBA08DA18C084480B2618DA28C114406
:10F9400089B2CDE90010BDF8940083B229AA12A9AA
:10F950002A9803F00EFE16AA1B21504607F066FBFC
:10F960004FF4003150460EF04EFF06464FF4003182
:10F9700050460EF0F1FF07464FF4003150460FF0AD
:10F98000AEF880464FF4003150460EF05FFE05465B
:10F99000BE4201DD304600E03846A84501DD414663
:10F9A00000E02946884205DDBE4201DD304606E022
:10F9B000384604E0A84501DD404600E02846BDF891
:10F9C000A010081A0FFA80F9B9F1000F3BDD12A858
:10F9D00003F0EDFD12AA4FF4003150460FF0CAFBC0
:10F9E0004FF4003023902E4817900120189029A83A
:10F9F0001F90ADF8949012A81E9016AA1A21504696
:10FA000007F014FBBDF94A00BDF99410884203DDEC
:10FA1000BDF89400ADF84A00208DA18C084480B256
:10FA2000E18CA28C114489B2CDE90010BDF894009C
:10FA300083B229AA12A92A9803F09BFD16AA1B21BA
:10FA4000504607F0F3FA10ABBDF9A02029A95046A3
:10FA5000FCF7BAF902A805F021FC02AA4FF44031E4
:10FA600050460FF023FD4FF4403023900C48179080
:10FA70000220189010A8199002A81A9016AA1A210C
:10FA8000504607F0D3FA10AA02A92A9805F0EAFB1B
:10FA900016AA1B21504607F0C9FA2BB0BDE8F08F1B
:10FAA000B8FE04082DE9F34F8DB0FB480E990DF018
:10FAB000DDFB0C900C98012802D00FB0BDE8F08F50
:10FAC0000E9807F04CFA06460E9807F0A9FA0B902C
:10FAD0000E9807F0A5FA0446022E7DD109F02EFB00
:10FAE0000A900A9800B9E8E70A9809F07CFB0990A7
:10FAF0000998012800D0E0E708A90A9809F038FB26
:10FB000006AA07A90B98FBF779FEBDF82000BDF8FF
:10FB10001C10401A00B2ADF82000BDF82200BDF85C
:10FB20001E10401A00B2ADF8220094F8340000F024
:10FB3000010000284BD14FF400310B980EF07AFBF6
:10FB40000190BDF818100198081A00B206904FF401
:10FB500080310B980FF0BCFA30B1BDF81810019845
:10FB6000081A00B2069015E0BDF91810CA1701EB8B
:10FB700092729310019A934206DDBDF91800C217E4
:10FB800000EB9272921000E0019ABDF818309A1AB8
:10FB900012B20692BDF91800012801DA0120069080
:10FBA000BDF8200010FB00F0BDF8221011FB010091
:10FBB000BDF8181011FB01F1884207DDA08E20F07E
:10FBC0000100401CA08615F046FAA06300BF94F81F
:10FBD000340000F0010000E0BBE000B96DE7BDF8C3
:10FBE000200018B9BDF8220000B966E7A08D0FFA11
:10FBF00080FAA08D618D884204DAA08D00F5B47082
:10FC00000FFA80FABDF92010BDF9220000F0BDFC0A
:10FC100005B2A08C281A05B2608D281A05B2002DF5
:10FC200002DA05F5B47005B2608DAAEB00000FFA98
:10FC300080FBA08F618D401A00B205900598281AAC
:10FC400007B2002F01DD384600E07842B0F58C7F26
:10FC500008DD94F83400C0F3C00008B1002510E0BE
:10FC60005D460EE00BEBDB71B5EB610F05DAA08EA4
:10FC700020F008000830A08603E0A08E20F00800E5
:10FC8000A0860598281A07B2A06B15F0D7F9049042
:10FC9000E18E049841434FF47A70B1FBF0F00FFA13
:10FCA00080F94F4501DD4F4606E0C9F1000087426B
:10FCB00002DAC9F1000007B20598384405B2B4F978
:10FCC0003200B4F93010401A618DAAEB0101C9006D
:10FCD00091FBF0F003900398001D0011039003982E
:10FCE000284405B2608D284405B2B4F92E00029074
:10FCF000B4F932000090B4F93030618D5246284694
:10FD00000BF04AF90FFA80F80B9800F04BF94045D8
:10FD100013D015F0A0F9A06341460B9800F07BFAD0
:10FD20000298804509D000221C210B9807F07EF92B
:10FD30000C900C98012800D0BFE6B4F93000404583
:10FD400003D0B4F93200404502D115F084F9A06324
:10FD500026E1082E01D0032E19D1A08E20F001003B
:10FD6000A0860B980DF0B2FB8046404607F036FFA8
:10FD7000074609F0E3F9814609F035FA0546042DF6
:10FD800004D11FB10021404607F0CBFF08E10D2E42
:10FD900031D10E9807F041F90578B4F92E70132D82
:10FDA00001D0112D0AD10B9800F0FCF8401C0FFA7D
:10FDB00080F841460B9800F02EFA0DE0142D01D08A
:10FDC000122D09D10B9800F0EDF8401E0FFA80F8C3
:10FDD00041460B9800F01FFAB4F92E00B84209D042
:10FDE00000221C210B9807F021F90C900C98012897
:10FDF00000D062E6D4E0112E50D10E9807F00DF934
:10FE0000074609AA0AA90B98FBF7F8FC00250B98EE
:10FE1000806818B10B988068B0F9145000210B98D5
:10FE20000EF008FA804608EB0500BDF82410081A09
:10FE300000B20990BDF82A00BDF82410084400B2B1
:10FE40000090BDF82800084403B2BDF82A00401A0B
:10FE500002B2BDF82800401A01B207A800F082FBE8
:10FE600047F6FF7207A83968EBF7FBFF10B10020D7
:10FE7000387122E608EB450002B208EB450001B2FA
:10FE800007A800F04DFB47F6FF7207A83968EBF7AB
:10FE9000E8FF387184E00000B8FE0408132E7AD120
:10FEA00000210B980EF0AFFC0A9000210B980EF089
:10FEB00053FD099000210B980EF011FE08900021CF
:10FEC0000B980EF0C3FB0790DDE90910884201DDB5
:10FED0000A9A00E0099ADDE90710884201DD0898D6
:10FEE00000E00798824207DDDDE90910884201DD64
:10FEF0000A9808E0099806E0DDE90710884201DD6C
:10FF0000089800E0079806904FF440310B980EF0E7
:10FF10007AFC80464FF440310B980EF01DFD81466F
:10FF20004FF440310B980EF0DAFD82464FF4403129
:10FF30000B980EF08BFB0746C84501DD404600E0FC
:10FF40004846BA4501DD514600E03946884205DDA4
:10FF5000C84501DD404606E0484604E0BA4501DDFB
:10FF6000504600E03846801C0FFA80FB0E9807F0E0
:10FF700054F80546B5F900100698ABEB0000814235
:10FF800003DDB5F9000003E005E00698ABEB0000E7
:10FF900000B2288004E0152E02D10E98FFF794FCE1
:10FFA00000BF8AE5014600BF00BFB1F92E007047CF
:10FFB00070B505460E4614462146284600F094F8D2
:10FFC0003146284600F0E1F870BD70B505460E4692
:10FFD00014462146284600F005F83146284600F030
:10FFE00042F870BD2DE9F04180460F4600BF00BFCA
:10FFF0004646B7F5B47F02DDA7F5B47087B2B08D81
:020000040802F0
:10000000718D401A04B2708D381A05B2002C02DAD4
:1000100004F5B47004B2002D02DA05F5B47005B22F
:10002000281B002801DD281B00E0601BB42803DD2D
:1000300040460FF0EAFB10E0A54206DAB28D00233D
:1000400039464046FDF7C6FE07E0AC4205DAB18D01
:1000500000233A464046FDF7BDFEB785404621F0F5
:1000600027FEBDE8F0812DE9F04180460F4600BF34
:1000700000BF4646B7F5B47F02DDA7F5B47087B27E
:10008000B08D718D401A04B2B08DC01B05B2002C2A
:1000900002DA04F5B47004B2002D02DA05F5B4708A
:1000A00005B2281B002801DD281B00E0601BB428D6
:1000B00003DD40460FF0A9FB10E0A54206DA718D82
:1000C00000233A464046FDF785FE07E0AC4205DADC
:1000D000728D002339464046FDF77CFE7785404609
:1000E00021F0E6FDBDE8F0812DE9F04180460F46A4
:1000F00000BF00BF4646B7F5B47F02DDA7F5B47078
:1001000087B2308DF18C401A04B2F08C381A05B2E7
:10011000002C02DA04F5B47004B2002D02DA05F501
:10012000B47005B2281B002801DD281B00E0601B0D
:10013000B42803DD40460FF068FB12E0A54207DA61
:10014000328D4FF4003339464046FDF743FE08E058
:10015000AC4206DA318D4FF400333A464046FDF7A3
:1001600039FE4046FDF79CFE37854046FDF798FE78
:10017000BDE8F08170B504460D4600BF00BF2646BD
:10018000B58420460FF041FB70BD2DE9F04180465B
:100190000F4600BF00BF4646B7F5B47F02DDA7F5A6
:1001A000B47087B2308DF18C401A04B2308DC01B10
:1001B00005B2002C02DA04F5B47004B2002D02DAA4
:1001C00005F5B47005B2281B002801DD281B00E0EE
:1001D000601BB42803DD40460FF017FB12E0A54278
:1001E00007DAF18C4FF400333A464046FDF7F2FD52
:1001F00008E0AC4206DAF28C4FF400333946404650
:10020000FDF7E8FD4046FDF74BFEF7844046FDF75D
:1002100047FEBDE8F0812DE9F04107460D4600BFDD
:1002200000BF3C46B4F92E00A84201D1BDE8F081E0
:10023000B4F93200A84202DAB4F9320000E02846EC
:100240000646B4F93000B04202DDB4F9300000E0F7
:1002500030460646B4F92E00B04200D1E6E7E68506
:10026000384621F025FD00BFE0E70A8802804A8871
:1002700042808A888280CA88C28070470A88028049
:100280004A8842808A888280CA88C28070470A88E9
:1002900002804A8842808A888280CA88C2807047E9
:1002A0000A8802804A8842808A888280CA88C280FE
:1002B00070470A8802804A8842808A888280CA8879
:1002C000C28070470A8802804A8842808A88828079
:1002D000CA88C28070470A8802804A8842808A8819
:1002E0008280CA88C28070470A8802804A88428019
:1002F0008A888280CA88C28070470A8802804A88B9
:1003000042808A888280CA88C28070470A880280B8
:100310004A8842808A888280CA88C28070470A8858
:1003200002804A8842808A888280CA88C280704758
:100330000146C8884A88801A401C00B270470146AE
:10034000C8884A88801A401C00B270470146C88895
:100350004A88801A401C00B270470146C8884A8803
:10036000801A401C00B270470146C8884A88801A2B
:10037000401C00B270470146C8884A88801A401C59
:1003800000B270470146C8884A88801A401C00B2F3
:1003900070470146C8884A88801A401C00B27047DE
:1003A0000146C8884A88801A401C00B2704701463E
:1003B000C8884A88801A401C00B270470146C88825
:1003C0004A88801A401C00B270470146C8884A8893
:1003D000801A401C00B270470146C8884A88801ABB
:1003E000401C00B270470146C8884A88801A401CE9
:1003F00000B270470146C8884A88801A401C00B283
:10040000704710B50146B1F90420B1F90030D21A95
:10041000521CB1F90630B1F902401B1B5B1C02FBF8
:1004200003F010BD014688880A88801A401C00B27B
:100430007047014688880A88801A401C00B27047BD
:10044000014688880A88801A401C00B2704701461D
:1004500088880A88801A401C00B270470146888844
:100460000A88801A401C00B27047014688880A88B2
:10047000801A401C00B27047014688880A88801A9A
:10048000401C00B27047014688880A88801A401CC8
:1004900000B27047014688880A88801A401C00B262
:1004A0007047014688880A88801A401C00B270474D
:1004B000014688880A88801A401C00B270470146AD
:1004C00088880A88801A401C00B2704701468888D4
:1004D0000A88801A401C00B27047014688880A8842
:1004E000801A401C00B27047014688880A88801A2A
:1004F000401C00B27047014688880A88801A401C58
:1005000000B27047014688880A88801A401C00B2F1
:100510007047014688880A88801A401C00B27047DC
:1005200003885B1A1BB2038083880B441BB2838051
:1005300043889B1A1BB24380C38813441BB2C380F9
:10054000704703880B441BB2038083880B441BB2A3
:100550008380438813441BB24380C38813441BB277
:10056000C380704710B5029C018042808380C480A4
:1005700010BD42880A44521E12B2C28070470288DF
:100580000A44521E12B282807047F0B506460D46EC
:100590000024002E02DA601CC4B276423746002DD9
:1005A00002DAA01CC4B26D42AC46674509D9CCEB57
:1005B0000C1000EB4000B0FBF7F304F11000C4B2E4
:1005C00005E0C7EB071000EB4000B0FBFCF3002296
:1005D000D9B2162910DD2C2901DC501CC2B2292900
:1005E00001DC501CC2B2252901DC501CC2B22029FA
:1005F00012DC501CC2B20FE0022901DB501CC2B257
:10060000062901DB501CC2B20A2901DB501CC2B210
:100610000F2901DB501CC2B2134404F0100008B1D2
:10062000C3F15A0304F0020038B104F0010008B12C
:10063000B43307E0C3F1B40304E004F0010008B1EF
:10064000C3F5B47398B2F0BD70B504460D462646A6
:10065000F56030680FF0D9F870BD2DE9F04106461D
:10066000346827683D464FF0FF30E06005F13C00FC
:10067000844202D1A068686205E005F14C00844222
:1006800001D1A068286320680FF0BFF8BDE8F081B1
:1006900070B506460C4625460020A8626420E86234
:1006A000002028636862A88600212987E986698777
:1006B00085F85C0005F13C01204600F0C8F805F122
:1006C0004C01204600F0C3F8082120460CF0C4F885
:1006D000102120460CF0C0F800221146204600F000
:1006E000F3F870BD70B506460C462546002105F1AD
:1006F0003C00FEF74BFF002105F14C00FEF746FFE2
:1007000070BD00002DE9F34F83B03C4804990CF014
:10071000ADFD02900298012802D005B0BDE8F08F2F
:10072000049806F01CFC0546049806F079FC064681
:10073000132D50D14FF4003130460BF0B4FE019030
:10074000049806F06AFC0446B4F90010019881424E
:1007500002DDB4F9000000E001982080002130465D
:100760000EF05EF88046002130460EF002F9814618
:10077000002130460EF0C0F98246002130460DF0CF
:1007800072FF0746C84501DA404600E04846BA45D0
:1007900001DA514600E03946884205DAC84501DAF7
:1007A000404606E0484604E0BA4501DA504600E01B
:1007B00038468346BBF1000F0CDAB4F90000CBF1E8
:1007C0000001884202DDB4F9000001E0CBF1000035
:1007D00000B220800FE0012D01D0082D06D1344653
:1007E00004F1340130460FF04AF804E0152D02D12F
:1007F0000498F3F7C3F900BF8FE70000D4FE0408A4
:10080000014600BF00BF0A4692F85C0000F00300FA
:100810007047024600BF00BF114691F85C0000F02F
:100820000300022801D0886A7047886D401C08B117
:10083000486DF9E7086BF7E7024600BF00BF1146B5
:10084000886C401C08B1486C7047486AFCE7086037
:1008500000224A608A60521ECA607047F8B5064698
:100860000D46174600BF00BF344694F85C0000F008
:100870000300022800D0F8BDD4E90A10A84201DD27
:10088000284600E0E06A814201DDA06A05E0E06AF6
:10089000A84201DD284600E0E06A0546606AA842F9
:1008A00001DA606A00E028460546206BA84200D1C4
:1008B000E1E704F14C0304F1300229463046009789
:1008C00000F036F800BFD6E7F8B506460D461746E5
:1008D00000BF00BF3446606AA84200D1F8BDD4E929
:1008E0000A10A84201DD284600E0E06A814201DDED
:1008F000A06A05E0E06AA84201DD284600E0E06A5F
:100900000546206BA84201DD206B00E02846054625
:10091000606AA84200D1E1E704F13C0304F124023B
:1009200029463046009700F003F800BFD6E70000E4
:100930002DE9F04792B007460D4616461C46DDF8F5
:100940006890B9F1000F04D1356038460EF05DFFB4
:1009500033E0E068401C18B930686060A56002E0D0
:10096000A0686060A560356000212046FEF70EFE9D
:1009700002A8FEF753FE00BF029400BF1048039088
:1009800000BF00204FF4807109900A900B9100BFC6
:100990000C48059000BF4FF0000A652251463846CA
:1009A0000EF012F90190DDF8048000BFCDF8308020
:1009B00000BF02A8FEF7FCFE00BF12B0BDE8F08742
:1009C000490602085B0602082DE9F04F04460D4671
:1009D000C4F5806101FB01F0860A06FB01F04FEAD5
:1009E000902C04FB04F0870A07FB04F04FEA9028E0
:1009F0000CFB05F04FEA902906EB4600604350439C
:100A00004FEA105A01EB4100784358434FEA105B1C
:100A1000099808FB00F04FEA902E09EB0A005844B1
:100A20007044BDE8F08F70B505460C461021204695
:100A30000BF012FF4FF4806120460BF091F970BD6E
:100A400070B5044600BF00BF214604480BF02BFEE2
:100A5000054628460BF09CFE284670BDF0FE0408B3
:100A60002DE9F04107460C46164600BF00BF3D4643
:100A7000288EA04201DCBDE8F081E86A30F814005D
:100A8000B043E96A21F8140021463846FDF71BFA05
:100A900006F4007010B138460FF043FC00BFEAE7DF
:100AA0002DE9F04105460E4600BF00BF2F46002449
:100AB00006E0324621462846FFF7D2FF601C84B28A
:100AC000388EA042F5DCBDE8F081000070B5064626
:100AD0000C4625460020288668864FF6FF70A886BB
:100AE0000020A862E862686285F836000249204664
:100AF00000F022FC70BD00007002002070B50446BA
:100B000000BF00BF214604480BF0CDFD0546284636
:100B10000BF03EFE284670BD0CFF040870B506467B
:100B20000C462546A86A0AF019FBE86A0AF016FB8B
:100B30000020A862E86270BD2DE9F34F83B0FB4846
:100B400004990CF093FB0746012F02D005B0BDE8D5
:100B5000F08F049806F003FA0546049806F060FA50
:100B600080464446132D18D1049806F056FA0646DE
:100B70004046FBF7A5FF68B1608E002806DD4046C1
:100B80000CF01AFC618E90FBF1F000E0002000B246
:100B9000308001E00020308000BF2A2D04D1404683
:100BA000616A00F0C9FB29E3292D04D14046616A3E
:100BB00000F0C2FB22E3012D60D1049806F02DFA6B
:100BC0008246A18E4046FDF77EF908F0B7FA064648
:100BD00008F009FB8146B9F1010F02D0B9F1030F0A
:100BE0001ED102A9504608F0C3FA02A94046FAF7FE
:100BF000F4FC06464FF6FF70864210D0E16A31F8E9
:100C00001600EEF78FFF50B9E16A31F81600EEF7E3
:100C100085FF20B9A686A18E4046FDF754F900BF96
:100C2000A08E4FF6FF71884227D0A28EE16A31F87C
:100C30001200EEF76FFF00BBA28EE16A31F81200DE
:100C4000EEF774FFC8B9A28EE16A31F81200EEF730
:100C500069FF90B9A28EE16A31F81200EEF75EFFEB
:100C600058B9A08E019001AA1C21404606F0DEF979
:100C70000746012F00D069E700BFBFE2022D59D11E
:100C8000049806F0CAF982464FF6FF7608F056FA45
:100C90008346584608F0A7FA8146B9F1040F02D0FE
:100CA000B9F1020F00D151E702A9584608F060FAE5
:100CB00002A94046FAF791FC0646A08EB04238D011
:100CC000A08E4FF6FF71884203D0A18E4046FDF7FB
:100CD000FAF8A686504608F089FB4FF6FF70864268
:100CE00027D0E16A31F81600EEF71CFF08BBE16A75
:100CF00031F81600EEF712FFD8B931464046FDF73D
:100D0000E2F8E16A31F81600EEF704FF88B9A28E26
:100D1000E16A31F81200EEF709FF50B9019601AA15
:100D20001C21404606F082F90746012F00D00DE74E
:100D300000BF63E2082D69D1A08E4FF6FF71884293
:100D40005FD0A28EE16A31F81200EEF7DBFE80B3CD
:100D5000A28EE16A31F81200EEF7E4FE48BBA28EE3
:100D6000E16A31F81200EEF7C9FE78B194F8360066
:100D700000F0010050B9A18EE06A30F8110020F0B7
:100D80008000A28EE16A21F8120009E0A18EE06ADB
:100D900030F8110040F08000A28EE16A21F81200C4
:100DA00094F8360000F0010018B1A18E404615F00D
:100DB000D9FAA28EE16A31F81200EEF7ABFE30B933
:100DC000A28EE16A31F81200EEF7B0FEC8B1A28E31
:100DD000E16A31F81200EEF7A5FE90B9A28EE16A41
:100DE00031F81200EEF79AFE58B9A08E019001AAD0
:100DF0001C21404606F01AF90746012F00D0A5E64F
:100E000000BFA18E4046FDF75EF8F7E1062D28D120
:100E1000A08E4FF6FF7188428BD0A28EE16A31F826
:100E20001200EEF78BFE0028EFD1A28EE16A31F8B6
:100E30001200EEF777FE0028E7D1A28EE16A31F8C2
:100E40001200EEF76BFE0028DFD1A08E019001AA00
:100E50001C21404606F0EAF80746012F00D075E64F
:100E6000CCE1032D07D1A18E4046FDF72CF84FF6BB
:100E7000FF70A086C2E10E2D5ED1049806F0CDF879
:100E80008246504608F0AFF98346BAF1000F07D109
:100E9000002008F059F98246504608F0A4F983462C
:100EA00040460CF013FB064606F098FE8146A08EE5
:100EB0004FF6FF7188423ED1BBF1020F05D0BBF166
:100EC000040F35D1B9F1000F32D0002694F8360066
:100ED00000F00100B8B100E0761CE16A31F81600BC
:100EE000EEF71CFE0028F7D1E16A31F81600EEF7A4
:100EF00019FE0028F0D1E16A31F81600EEF706FE7F
:100F00000028E9D00FE000E0761CE16A31F8160015
:100F1000EEF704FE0028F7D1E16A31F81600EEF78B
:100F200001FE0028F0D1A68605E000000CFF0408B1
:100F30004FF6FF70A08661E10F2D01D0102D0CD16E
:100F4000A08E4FF6FF71884203D0A18E4046FCF779
:100F5000BAFF4FF6FF70A08650E10D2D79D1A18E1A
:100F60004046FCF7B0FF049806F057F890F8009060
:100F7000B9F1130F2BD1A08E4FF6FF71884202D129
:100F80000020A08602E0A08E401CA086A08E218EAC
:100F9000884201DB0020A08608E0A08E401CA086CD
:100FA000A08E218E884201DB0020A086A28EE16AFD
:100FB00031F81200EEF7B2FD0028EED1A28EE16A00
:100FC00031F81200EEF7AEFD0028E6D10CE1B9F1E0
:100FD000140F2ED1A08E4FF6FF71884201D1002050
:100FE000A086A08E18B9208E401EA08605E0A08E97
:100FF000002802DDA08E401EA08609E0A08E0028F9
:1010000003DDA08E401EA08602E0208E401EA0863A
:10101000A28EE16A31F81200EEF780FD0028EDD1D2
:10102000A28EE16A31F81200EEF77CFD0028E5D1CE
:10103000DAE0B9F1120F6AD1002140460DF088FBC9
:101040008346A08E4FF6FF7188421DD10020A086F6
:1010500009E0CEE0A08E401CA086A08E218E8842A2
:1010600001DB0020A086A28EE16A31F81200EEF7C3
:1010700055FD0028EED1A28EE16A31F81200EEF79C
:1010800051FD0028E6D141E0A28EA16A01EBC20029
:10109000FFF731FAA28EA16A31F8321001EB60003D
:1010A0000FFA80FAA68E28E0A06A00EBC600B0F91D
:1010B0000200A28EA16A01EBC201B1F902108842BE
:1010C00019DDA06A30F93600504514DCA06A00EB47
:1010D000C600B0F90400584450450CDBE16A31F811
:1010E0001600EEF71FFD30B9E16A31F81600EEF791
:1010F00015FD00B904E0701C86B2208EB042D3DC2E
:1011000000BF208EB04200DDA68600BF6CE0B9F1C2
:10111000110F69D1002140460DF01AFB8346A08EC5
:101120004FF6FF7188421CD10020A08608E0A08EF7
:10113000401CA086A08E218E884201DB0020A08664
:10114000A28EE16A31F81200EEF7E8FC0028EED139
:10115000A28EE16A31F81200EEF7E4FC0028E6D135
:1011600041E0A28EA16A01EBC200FFF7C4F9A28E92
:10117000A16A31F8321001EB60000FFA80FAA08EFC
:1011800006B229E0A06A00EBC600B0F90200A28E08
:10119000A16A01EBC201B1F9021088421ADAA06A11
:1011A00030F93600A0EB0B00504513DCA06A00EBD1
:1011B000C600B0F9040050450CDBE16A31F81600B6
:1011C000EEF7B0FC30B9E16A31F81600EEF7A6FC94
:1011D00000B903E0701E06B2002ED3DA00BF002E65
:1011E00000DBA68600BF00BFA18E4046FCF76BFE69
:1011F00004E0152D02D10498F3F7C2FF00BFA5E467
:101200002DE9F04180460E4600BF00BF4FF6FF704B
:10121000864202D10020BDE8F0814446208EB042D3
:1012200001DA0020F7E7002500270CE0781C87B2E0
:10123000681C85B2616A51F8250008A1DFF71EFC21
:1012400008B9681C85B2B742F0D1208EB84201D1EE
:101250000020E0E7606A50F82500DCE70A000000A3
:10126000014600BF00BF0A46908E704710B5034686
:1012700000BF00BF1C46208E884201DC002010BD4C
:10128000E06A30F811001040904201D10120F6E7E9
:101290000020F4E72DE9F04107460D46164600BF51
:1012A00000BF3C46208EA84201DCBDE8F08194F8E6
:1012B000360000F0010030B106F0800018B1802146
:1012C0003846FFF7EDFBE06A30F815003043E16A7D
:1012D00021F8150029463846FCF7F5FD06F40070A4
:1012E00010B138460FF01DF800BFDEE72DE9F041E0
:1012F00005460E4600BF00BF2F46002406E03246DA
:1013000021462846FFF7C6FF601C84B2388EA042F3
:10131000F5DCBDE8F08170B504460E4600BF00BFA5
:101320002546298E4A003146E86A09F0A0FF20468A
:10133000696A00F001F870BD2DE9F34F91B0804665
:1013400000BF00BF129810B913B0BDE8F08F44463B
:1013500040461299EDF756F9129E6662002541F259
:101360006A42294620460DF02FFC08900898C0B22A
:101370001090002140460DF060FA0F900021404689
:101380000DF0C7FB0E90002140460DF05AFB0D906A
:10139000002140460DF0DCF9834640460CF02BF866
:1013A0000C9040460CF008F80B90628E521E0D997E
:1013B0000B9801FB120000B20A90002009908146B0
:1013C000129E0027A1E00020089000250CE009EB08
:1013D0000502E16A31F81200FAF7FDF908990844AC
:1013E00080B20890681C85B256F8250050B156F8B6
:1013F00025004CA1DFF742FB20B156F8250000780C
:101400000028E4D11DB9681C06EB80067CE00A9830
:101410007843618EB0FBF1F10E9801440D9807FB03
:10142000001000B20790791C0A984843618EB0FB07
:10143000F1F10E9801440D9807FB0010401E00B218
:101440000690691E0C980BFB110000B205900598E0
:10145000002801DA002005900020049082464DE02B
:10146000E16A31F81900FAF7B6F90390DDE90410E2
:1014700048430899B0FBF1F00AFB0B0000B2029060
:10148000DDE903100844059948430899B0FBF1F0E1
:101490000AFB0B00401E00B20190109801280ED1EB
:1014A0000298019902910190029A0C99891A09B245
:1014B00002910C990198091A09B2019100BF0F9984
:1014C0000298084400B202900F990198084400B2B3
:1014D000019006980090A16A01EBC900DDE9013195
:1014E000079AFFF73FF8DDE90310084404900AF17A
:1014F000010A09F101090998401C0990AA45AFD3D6
:10150000681C06EB800600BF7F1C608EB8423FF669
:101510005AAF40460EF005FF40460EF076F900BF88
:1015200012E700000A00000070B504460D4600BF37
:1015300000BF264686F836500021204614F012FFE0
:1015400070BD70B506460C4600BF00BF3546288EFC
:10155000A04204DC4FF6FF70844200D070BDA98E1B
:101560003046FCF7B0FCAC8621463046FCF7ABFCBD
:1015700000BFF3E72DE9F04781460D462C4640F2C7
:10158000E470208501212A2001552B20015540F2CD
:10159000E470A0852E2001552F20015500202063E6
:1015A000A086A82104F58C7009F0EFFF0027002623
:1015B00026E06EB1701CC11700EB5171C910A0EB91
:1015C000C10129B931A104F1380040F8261015E015
:1015D000082E07DA2E4850F8261004F1380040F89B
:1015E00026100BE0782104F58C7000F8271000EB32
:1015F0008701E03840F82610781CC7B2701CC6B2CC
:10160000382ED6DB23A1C4F814112846FFF776FA4A
:10161000606204F13801606AFFF78EFE4FF4887152
:10162000606AFFF763FE00231A221B49606A0AF012
:101630004FFB6420002804DAC0F57A7141F40051B0
:1016400001E040F400510FFA81F84146606A0FF062
:10165000B6FE012128460FF053FA0121606A0FF00F
:1016600061FA94F92E20A18D284600F01FF894F914
:101670002B3094F92A20218D284600F0D9F84FF418
:101680008041606A0AF06CFBBDE8F0870A00000048
:101690003001002000000000C9670108014600BFBA
:1016A00000BF0A4602F12C00704700002DE9F74FF9
:1016B00082B0064600BF00BF34460398A085049858
:1016C00041B22E20015501212F200155A08DADF8EA
:1016D00004002E20005D8DF806002F20005D8DF89F
:1016E00007002021606AFFF7DBF9002506E02022D1
:1016F0002946606AFFF7CEFD681CC5B2072DF6DBF0
:101700009DF90610BDF80400FAF7CEFC81469DF95C
:101710000610BDF804000122FAF7EAF807463D4634
:101720004FF001080EE004F58C7101EB8500434693
:101730003EA2042111F09CF9681CC5B208F1010019
:1017400000F0FF0809EB0700A842ECDC9DF9062039
:10175000511EBDF80400FAF7A7FC82460025AAEB4B
:101760000700401C00F0FF0813E004F58C7101EB4A
:10177000850043462DA2042111F07AF92022E91DAB
:10178000606AFFF787FD681CC5B208F1010000F030
:10179000FF08BD42E9DB07EB0900C5B24FF00108C5
:1017A00013E004F58C7101EB850043461FA2042170
:1017B00011F05EF92022E91D606AFFF76BFD681CDD
:1017C000C5B208F1010000F0FF082A2DE9DB304620
:1017D000FBF7C8F9606AFFF743FD4FF6FF718842D7
:1017E00003D0F91D606AFFF7ACFE30460EF00DF82D
:1017F00030460BF07EFD8346002511E02946304639
:101800000BF059FD0090616A0098814200D105E01B
:1018100032461C21009805F009FC00BF681CC5B2C7
:101820005D45EBD305B0BDE8F08F000025640000F6
:101830002DE9F04104460E461746984600BF00BF0A
:1018400025462E8579B22C462A2041554FFA88F13B
:101850002B2041552046FBF785F9BDE8F08170B596
:1018600006460C462546102105F12400EBF764FDE1
:10187000102105F13000EBF75FFD0020A5F86C00AA
:10188000A5F8740000216E20415376204153642056
:10189000A5F87000A5F878006421722041537A20E1
:1018A000415303207C3568800520A8800A20E88009
:1018B00047F6FF702880287B20F00700401C287323
:1018C000287B20F0080028734FF4807028816881FD
:1018D0007C3D70BD2DE9F04180460E46344613E054
:1018E00004F12400EBF7FDFC0546287BC0F38000E3
:1018F00010B9686809F032FC294604F12400EBF7BE
:101900006FFD284609F02AFCA06A0028E8D104F1FE
:101910002400EBF7CEFC0CE004F13000EBF7E1FC27
:101920000746394604F13000EBF75AFD384609F016
:1019300015FC606B0028EFD104F13000EBF7B9FC27
:10194000BDE8F0812DE9F84F884641466F480BF01D
:101950008DFC8146B9F1010F01D0BDE8F88F4046FA
:1019600005F0FDFA0546404605F05AFB06463446AA
:10197000012D2FD107F0E2FB83466946584607F058
:10198000F7FBBDF80000B18A401A00B2ADF80000C4
:1019900030460BF09BFEBDF8001008440FFA80FAA9
:1019A00051463046FAF704F90746B4F87C00B842CD
:1019B0000FD0B9B23046FCF71AFBB4F87C103046B1
:1019C000FCF715FBA4F87C7000221C21304605F0C2
:1019D0002DFB98E0082D09D1B4F87C103046FCF7B7
:1019E00006FB47F6FF70A4F87C008CE0292D03D19C
:1019F00030460EF0C5FC86E0132D33D1B4F94020FB
:101A0000B4F94C00824202DDB4F9400001E0B4F9BF
:101A10004C00B4F95830B4F96420934202DDB4F9B3
:101A2000582001E0B4F9642090420BDDB4F9402065
:101A3000B4F94C00824202DDB4F940000DE0B4F983
:101A40004C000AE0B4F95820B4F96400824202DD87
:101A5000B4F9580001E0B4F964000146404605F0CD
:101A60001BFB50E02C2D16D1404605F0D6FA074658
:101A700030460BF0C0FCB4F884104843001200B2AA
:101A8000388030460BF098FCB4F8861048430012BA
:101A900000B2788037E0152D35D1404605F067FA61
:101AA000074639463046F1F737FC39463046EFF7FE
:101AB00019FF04F12400EBF787FCF8B994F88800CB
:101AC00000F00700012804D139463046F5F77AFDC9
:101AD00014E094F8880000F00700022804D1394689
:101AE0003046F5F729FC09E094F8880000F007007B
:101AF000032803D139463046F5F7FAFF3946304618
:101B0000F1F7FAF900BF00BF27E70000D882040808
:101B10002DE9F04F87B081460E4617461D4600BF9F
:101B2000B9F1000F03D100BF00BF00BFFEE700BF47
:101B300000BF1EB900BF00BF00BFFEE700BF00BF6F
:101B400000BF4C46B4F88200B84207DC00BF00BFBB
:101B500000202880688007B0BDE8F08F48460BF071
:101B60004AFC34F8841F484300120FFA80F84846B4
:101B70000BF022FC6188484300120FFA80FA2079AA
:101B8000843C00F00700012809D108FB07F0B4F8F5
:101B90008210491E90FBF1F000B2288079E094F8A1
:101BA000880000F00700032818D1CDF800803368C2
:101BB00033F91700337BC3F3C00C04F1780333F916
:101BC0001C20337BC3F3C00C04F1740333F91C10E5
:101BD000002309F0E1F900B228805AE094F8880067
:101BE00000F00700022854D104F12400EBF77FFB3A
:101BF00005904FF4A02148460CF09DFD8234618889
:101C0000484300120490002148460CF094FD61887E
:101C10004843001203902188491E039801FB10815C
:101C2000208891FBF0F000B2029005990298B0FB79
:101C3000F1F000B2019008FB07F034F8821990FB34
:101C4000F1F000B228800020009004F12400EBF7AE
:101C50006DFB00900EE00098B04200D10DE02988A5
:101C60000198084400B2288004F124000099EBF7A1
:101C700057FB009000980028EDD100BF049A01990D
:101C8000881A00EBD0712A8802EB610109B2298021
:101C900000BF002148460CF082FB834600214846E5
:101CA0000CF097FD58442988084400B22880484623
:101CB0000BF00CFD2988081A00B22880002006903D
:101CC000706830F91710307BC0F3001204F16C001B
:101CD00030F91200081A00FB0AF00690307BC0F3BE
:101CE000001104F1700030F91110307BC0F30012C4
:101CF00004F16C0030F91200091A069890FBF1F01B
:101D000006900698AAEB000000B2688000214846C1
:101D10000CF0CBFE58446988084400B268804846FD
:101D20000BF0CEFD6988081A00B2688000BF12E788
:101D300070B506460C46254608A068620120A862D8
:101D4000022120460AF00CF8082120460AF008F883
:101D50004FF4806120460AF003F870BD4368656364
:101D60006B20626F7800000070B5044600BF00BFB2
:101D7000214604480AF097FC054628460AF008FD6B
:101D8000284670BD28FF040870B506460C46254657
:101D900095F8280000F0010020B9686A09F0DEF922
:101DA0000020686270BD00002DE9F14FBEB03E9882
:101DB00005F036F9044625463E9805F0D8F83D90E2
:101DC000002120460CF0C1FF074600BFB7F908000C
:101DD0000646A2464FF0000B41F2320259465046E9
:101DE0000CF0F2FE0290029800B2804600212046DC
:101DF0000CF09CFE40440FFA80F9002120460CF0C4
:101E000029FD404400B23C90002120460CF0ADFC7E
:101E10003B904FF4003120460CF01CFD3A904FF4FB
:101E2000003120460CF0BFFD39904FF400312046C0
:101E30000CF07CFE38904FF4003120460CF02DFC65
:101E400037904FF4003B40F60A02594650460CF0DA
:101E5000BBFE0290029800B2369000BF40F60B0223
:101E6000594650460CF0B0FE0290029800B23590F0
:101E700027A803F013FA27AA594620460DF016FBAF
:101E8000A18A3C98084400B2ADF89400BDF89400D3
:101E900081193A98014439980844401E00B2ADF8BF
:101EA0009800E08A484400B2ADF89600BDF896006C
:101EB00081193898014437980844401E00B2ADF8A3
:101EC0009A0000BFBDF89400ADF88C00BDF89600F4
:101ED000ADF88E00BDF89800ADF89000BDF89A00FE
:101EE000ADF8920000BFBDF88C103698081A00B209
:101EF000ADF88C00BDF890103698084400B2ADF8EB
:101F00009000BDF88E103598081A00B2ADF88E001A
:101F1000BDF892103598084400B2ADF8920011A8AF
:101F20003D990AF07DFF27A81590374812900020B0
:101F3000139023A8149058461E9011AA1A212046E7
:101F400005F074F823AA27A93D9803F08BF911AA8C
:101F50001B21204605F06AF8002120460CF064FFA2
:101F60001090002120460CF038FF0F90002141F620
:101F7000FF721098CDE901210090696A3A460EA8D7
:101F80000F9B13F059FC06A802F07CF906AA002169
:101F900020460DF0B0F900BFBDF89A10BDF89620AC
:101FA000891A491C09B2881B00EBD071491009B28B
:101FB0000591BDF898103B98084400B2ADF80C00AC
:101FC000BDF80C00BDF83810084400B2ADF81000A0
:101FD000E08A00EB09010598084400B2ADF80E0054
:101FE000BDF80E00BDF83A10084400B2ADF812007A
:101FF0000020009003AA06A96B6A3D9801F08EFDAF
:102000003FB0BDE8F08F000028FF04082DE9F04F35
:102010008DB00F4639464C480BF028F90C900C98BF
:10202000012802D00DB0BDE8F08F384604F097FFCC
:102030000446384604F0F4FF05462C2C67D1384698
:1020400004F0EBFF0646AA46002128460CF07DFE70
:10205000804600BFB8F908008146002128460CF0F0
:10206000E3FE8346002128460CF0B7FE0B900020CB
:1020700041F6FF71CDE900B10290DAF82410424632
:102080000AA80B9B13F0D8FB002128460CF06DFB2F
:1020900009904FF4003128460CF0DCFB08904FF417
:1020A000003128460CF07FFC07904FF400312846A1
:1020B0000CF03CFD06904FF4003128460CF0EDFA90
:1020C0000590089809EB00010798084400B2ADF8A4
:1020D0001000069809EB00010598084400B2ADF81D
:1020E0001200BDF81000BDF82810014409980844FA
:1020F00000B23080BDF91200BDF92A10884202DD1D
:10210000BDF9120001E0BDF92A0070801AE0132C1D
:1021100013D1384604F081FF06464FF400312846BB
:102120000AF0C1F98046B6F90000404502DDB6F973
:10213000000000E04046308004E0152C02D1384613
:10214000FFF732FE00BF6DE728FF04082DE9F041DC
:1021500005460E462C463046DEF77DFB074694F8D2
:10216000280000F0010028B9791C606A09F04AF8DB
:10217000606203E0781C08F023FF60623146606A09
:10218000DEF745FB0020A06228460EF0F9F828464D
:102190000DF03BFBBDE8F08130B5044601F4C040D2
:1021A000B0F5005F01D1012000E0002030B121F442
:1021B000C040B0F5FA6F01DC012000E0002080B1E2
:1021C00021F4C040B0F57A7F04DD21F4C040C0F5B1
:1021D0007A7001E021F4C0405843642590FBF5F08B
:1021E00001B202F4C040B0F5005F01D1012000E06F
:1021F000002030B122F4C040B0F5FA6F01DC0120BC
:1022000000E0002080B122F4C040B0F57A7F04DD08
:1022100022F4C040C0F57A7001E022F4C040584377
:10222000642590FBF5F002B2944201DA204600E00A
:102230001046884201DA084630BD944201DA204651
:10224000FAE71046F8E730B5044601F4C040B0F5AF
:10225000005F01D1012000E0002030B121F4C04036
:10226000B0F5FA6F01DC012000E0002080B121F41C
:10227000C040B0F57A7F04DD21F4C040C0F57A702B
:1022800001E021F4C0405843642590FBF5F001B211
:1022900002F4C040B0F5005F01D1012000E0002051
:1022A00030B122F4C040B0F5FA6F01DC012000E04B
:1022B000002080B122F4C040B0F57A7F04DD22F422
:1022C000C040C0F57A7001E022F4C0405843642554
:1022D00090FBF5F002B2944201DA204600E010468D
:1022E000884201DA084630BD944201DA2046FAE716
:1022F0001046F8E708B500221146104600F04EFAE5
:102300000090BDF80010084608BD08B5002211462F
:10231000104600F05BFA0090BDF80010084608BDBA
:102320001CB5002001460246D408BDF8003064F315
:1023300004038C080093BDF8003064F34A13C4080A
:102340000093BDF8003064F3CF230093BDF8004044
:1023500023460193BDF8041008461CBD08B50022B1
:102360001146104600F07AFA0090BDF800100846B9
:1023700008BD1CB5002001460246D408BDF8003057
:1023800064F304038C080093BDF8003064F34A132F
:10239000C4080093BDF8003064F3CF230093BDF868
:1023A000004023460193BDF8041008461CBD01B54A
:1023B00083B003980190BDF80400C00AC0EBC002CE
:1023C00002EB0020C01DC0F347108DF80200BDF8DD
:1023D0000400C0F3451000EB400202EB0020C01CDB
:1023E000C0F387108DF80100BDF8040000F01F0055
:1023F000C0EBC00202EB0020C01DC0F347108DF8F7
:102400000000FF208DF80300009802909DF808005E
:102410009DF80A20032313FB02009DF809200423E2
:1024200013FB0201C1F3C70004B000BD13B582B0B5
:102430000C46FFF793FF22460190029900F0F6FA4E
:102440000090BDF80010084604B010BD37B5034633
:102450001C4604F0030525B1BDF804501D809B1CEB
:10246000521EBDF8045005EB0541184610E001600E
:10247000001D0160001D0160001D0160001D016064
:10248000001D0160001D0160001D0160001D103A6B
:10249000102AECD8034604E0BDF804501D809B1CB4
:1024A000521E002AF8D13EBD0160704708B50146B2
:1024B00001F47800000A01F47C4240EA5210C1F3B2
:1024C000C40210430090BDF80020104608BD08B5B6
:1024D000014601F47800000A01F47C4240EA5210FF
:1024E000C1F3C40210430090BDF80020104608BD9F
:1024F00008B5014601F47800000A01F47C4240EA84
:102500005210C1F3C40210430090BDF800201046E1
:1025100008BD08B5014601F47800000A01F47C42C8
:1025200040EA5210C1F3C40210430090BDF80020ED
:10253000104608BD08B5014601F47800000A01F410
:102540007C4240EA5210C1F3C40210430090BDF82F
:102550000020104608BD08B5014601F47800000AC5
:1025600001F47C4240EA5210C1F3C40210430090CF
:10257000BDF80020104608BD08B5014601F47800FA
:10258000000A01F47C4240EA5210C1F3C402104335
:102590000090BDF80020104608BD08B5014601F4C2
:1025A0007800000A01F47C4240EA5210C1F3C402F0
:1025B00010430090BDF80020104608BD08B5014644
:1025C00001F47800000A01F47C4240EA5210C1F3A1
:1025D000C40210430090BDF80020104608BD08B5A5
:1025E000014601F47800000A01F47C4240EA5210EE
:1025F000C1F3C40210430090BDF80020104608BD8E
:1026000008B5014601F47800000A01F47C4240EA72
:102610005210C1F3C40210430090BDF800201046D0
:1026200008BD08B5014601F47800000A01F47C42B7
:1026300040EA5210C1F3C40210430090BDF80020DC
:10264000104608BD2DE9F04F85B0824689461446F4
:10265000CAEB0A204FF4B471B0FBF1F01FFA80FA14
:10266000C9EB0920642190FBF1F000F0FF09C4EBF5
:10267000042090FBF1F0C4B2B9F1000F0BD1224657
:102680002146204600F0EAF80090BDF80010084608
:1026900005B0BDE8F08F2B209AFBF0F0C0B204909B
:1026A0002B21049810FB01F0AAEB000000EB400086
:1026B0004006000E0390C9F1FF0060434FEA202856
:1026C000039809FB00F0FF21A1EB202060430012DA
:1026D00002900398C0F1FF0000FB09F0A1EB20205D
:1026E00060434FEA202B0498052818D2DFE800F059
:1026F00003070B0F130025465E46474613E0029D75
:10270000264647460FE0454626465F460BE04546CF
:10271000029E274607E05D464646274603E02546DB
:102720004646029F00BF00BF3A463146284600F0A9
:1027300095F80190BDF804100846A9E718B50346BE
:10274000D408BDF8000064F304008C080090BDF8C4
:10275000000064F34A10DC080090BDF8000064F348
:10276000CF200090BDF80040204618BD18B50346A4
:10277000D408BDF8000064F304008C080090BDF894
:10278000000064F34A10DC080090BDF8000064F318
:10279000CF200090BDF80040204618BD18B5034674
:1027A000D408BDF8000064F304008C080090BDF864
:1027B000000064F34A10DC080090BDF8000064F3E8
:1027C000CF200090BDF80040204618BD18B5034644
:1027D000D408BDF8000064F304008C080090BDF834
:1027E000000064F34A10DC080090BDF8000064F3B8
:1027F000CF200090BDF80040204618BD18B5034614
:10280000D408BDF8000064F304008C080090BDF803
:10281000000064F34A10DC080090BDF8000064F387
:10282000CF200090BDF80040204618BD18B50346E3
:10283000D408BDF8000064F304008C080090BDF8D3
:10284000000064F34A10DC080090BDF8000064F357
:10285000CF200090BDF80040204618BD18B50346B3
:10286000D408BDF8000064F304008C080090BDF8A3
:10287000000064F34A10DC080090BDF8000064F327
:10288000CF200090BDF80040204618BD18B5034683
:10289000D408BDF8000064F304008C080090BDF873
:1028A000000064F34A10DC080090BDF8000064F3F7
:1028B000CF200090BDF80040204618BD18B5034653
:1028C000D408BDF8000064F304008C080090BDF843
:1028D000000064F34A10DC080090BDF8000064F3C7
:1028E000CF200090BDF80040204618BD18B5034623
:1028F000D408BDF8000064F304008C080090BDF813
:10290000000064F34A10DC080090BDF8000064F396
:10291000CF200090BDF80040204618BD37B581B0EB
:10292000101DC210BDF8080040EA00400B4D00EA3F
:102930000501BDF8040040EA004000EA0503581A0A
:10294000504301EB501000EA050444EA144080B201
:102950000090BDF80050284604B030BD1FF8E007D5
:1029600037B581B0101DC210BDF8080040EA004024
:102970000B4D00EA0501BDF8040040EA004000EA02
:102980000503581A504301EB501000EA050444EACD
:10299000144080B20090BDF80050284604B030BD0D
:1029A0001FF8E00737B581B0101DC210BDF8080050
:1029B00040EA00400B4D00EA0501BDF8040040EA82
:1029C000004000EA0503581A504301EB501000EA9A
:1029D000050444EA144080B20090BDF80050284637
:1029E00004B030BD1FF8E00737B581B0101DC2102C
:1029F000BDF8080040EA00400B4D00EA0501BDF8B3
:102A0000040040EA004000EA0503581A504301EB75
:102A1000501000EA050444EA144080B20090BDF86A
:102A20000050284604B030BD1FF8E00737B581B02C
:102A3000101DC210BDF8080040EA00400B4D00EA2E
:102A40000501BDF8040040EA004000EA0503581AF9
:102A5000504301EB501000EA050444EA144080B2F0
:102A60000090BDF80050284604B030BD1FF8E007C4
:102A700007B581B003461888BDF80810C90A01FBE4
:102A80000200803000EBC01101EBC030C00DBDF87A
:102A9000001060F3CF2100915888BDF80810C1F3F1
:102AA000451101FB0200803000EBC01101EBC0308A
:102AB000C00DBDF8001060F34A1100919888BDF870
:102AC000081001F01F0101FB0200803000EBC01173
:102AD00001EBC030C00DBDF8001060F3040100919F
:102AE00000BF00BFBDF80010084604B000BD07B528
:102AF00081B003461888BDF80810C90A01FB02001E
:102B0000803000EBC01101EBC030C00DBDF80010EB
:102B100060F3CF2100915888BDF80810C1F345112A
:102B200001FB0200803000EBC01101EBC030C00D92
:102B3000BDF8001060F34A1100919888BDF80810A4
:102B400001F01F0101FB0200803000EBC01101EB1E
:102B5000C030C00DBDF8001060F30401009100BF4B
:102B600000BFBDF80010084604B000BD01B581B03B
:102B7000BDF80400C00AC0EBC00101EB0020C01D7D
:102B8000C0F347108DF80200BDF80400C0F34510F3
:102B900000EB400101EB0020C01CC0F387108DF852
:102BA0000100BDF8040000F01F00C0EBC00101EB04
:102BB0000020C01DC0F347108DF80000FF208DF8E5
:102BC000030000980CBD08B5FF2211461046FFF720
:102BD000FDFD0090BDF80010084608BD1CB5FF20A3
:102BE00001460246D408BDF8003064F304038C08A3
:102BF0000093BDF8003064F34A13C4080093BDF895
:102C0000003064F3CF230093BDF8004023460193C6
:102C1000BDF8041008461CBD70B506460C46254696
:102C20000020A884642126204155272041553035B5
:102C3000287B20F003002873287B20F004002873F1
:102C4000002028606860303D084800782C214855F5
:102C50004FF48031204609F083F84FF4407120464C
:102C600009F0FAFD204616F08FFD70BD84010020AA
:102C70002DE9F34F89B0F9480A990AF0F7FA80462E
:102C8000B8F1010F02D00BB0BDE8F08F0A9804F044
:102C900066F905460A9804F0C3F906463446132D32
:102CA00042D14FF4403130460BF0A0FD81464FF445
:102CB000403130460BF043FE82464FF440313046FF
:102CC0000BF000FF83464FF4403130460BF0B1FC6F
:102CD0000890D14501DD494600E0514608988345FA
:102CE00001DD584600E00898814205DDD14501DD4F
:102CF000484607E0504605E00898834501DD584600
:102D000000E00898801C00B207900A9804F085F94A
:102D10000746B7F900100798814202DDB7F90000B5
:102D200000E00798388008E2292D1BD10A9804F0AA
:102D300074F9074630460CF06EF9B9883A88891A5A
:102D4000491C09B2884209D130460AF0C9FBF9880A
:102D50007A88891A491C09B2884202D0304616F096
:102D600013FDEAE12A2D03D1304616F00DFDE4E112
:102D70000D2D71D10A9804F050F90768132F01D076
:102D8000112F40D1606A089094F83C0000F00300D5
:102D900020B101280ED0022824D117E0A08C401CBD
:102DA0004FF4B47190FBF1F201FB120080B2ADF868
:102DB000200017E02620005D401C642190FBF1F20A
:102DC00001FB1200C0B28DF822000BE02720005D4D
:102DD000401C642190FBF1F201FB1200C0B28DF89F
:102DE000230000BF00BF3046089900F0BAF948B18F
:102DF00000221C21304604F019F98046B8F1010F79
:102E000000D040E747E0142F01D0122F43D1606A71
:102E1000089094F83C0000F0030020B101280ED087
:102E2000022827D119E0A08C002802DDA08C401ECA
:102E300001E04FF4B47080B2ADF820001AE0262013
:102E4000005D002803DD2620005D401E00E06420B8
:102E5000C0B28DF822000DE01EE02720005D0028A2
:102E600003DD2720005D401E00E06420C0B28DF825
:102E7000230000BF00BF3046089900F072F948B146
:102E800000221C21304604F0D1F88046B8F1010F31
:102E900000D0F8E600BF50E1012D11D112F0DBF8AF
:102EA000606306F04BF9074604F1380106F060F95B
:102EB0003046EEF739FC8046B8F1010FEBD0E2E680
:102EC000022D7CD106F03AF98246BAF1000F00D10A
:102ED000D9E6504606F087F98346BBF1040F02D0CD
:102EE000BBF1020F18D130460CF095F8019000EBC1
:102EF000D070B18A01EB600000B2ADF8200030461E
:102F00000AF0EEFA019000EBD0704110F08A08440C
:102F100000B2ADF8220003E008A9504606F028F9F7
:102F2000DAF80000007E0790BDF92000B4F93810EF
:102F3000401A002805DDBDF92000B4F93810401A08
:102F400004E0B4F93800BDF92010401A079988420E
:102F500014DCBDF92210B4F93A00081A002805DD86
:102F6000BDF92210B4F93A00081A04E0B4F93A00A5
:102F7000BDF92210401A0799884208DD12F06BF85B
:102F80006063BDF820002087BDF822106187BDF87E
:102F90002000B18A401A00B2ADF82000BDF822101E
:102FA000F08A081A00B2ADF8220030460CF033F86F
:102FB00080B20690002005900021304600E098E0A5
:102FC0000BF02BF98146069800EBD07149100FB237
:102FD000BDF82000C01B00B2ADF82000BDF82200F3
:102FE000C01B00B2ADF8220001200490A7EB09003D
:102FF00007B2412F0ADD494609EBD172521010B2D7
:10300000391A0FB2412F00DA412700BFBDF8200066
:1030100010FB00F0BDF8221011FB010107FB07F0C7
:10302000814201DA00200490606B12F007F80390EF
:103030000498A8B9DAF80000818B039881420FD276
:1030400094F83C00C0F3800050B9304614F0C4F846
:1030500006F074F8019006F035FA14E6F4820408DC
:10306000049800B90FE6BDF92210BDF92000FDF764
:103070008CFA4FF4B47190FBF1F201FB120000B234
:103080000590606A029094F83C0000F0030020B1C3
:10309000012807D002281BD10FE0059880B2ADF8B7
:1030A000080015E06421059848434FF4B47190FB83
:1030B000F1F0C0B28DF80A000AE064210598484397
:1030C0004FF4B47190FBF1F0C0B28DF80B0000BF6B
:1030D00000BF3046029900F044F848B100221C219C
:1030E000304603F0A3FF8046B8F1010F00D0CAE5D7
:1030F00023E0112D0CD10A9803F08FFF074647F605
:10310000FF7206F114003968E8F7ABFE387114E07D
:10311000152D06D10A98F0F713F80A98F1F73BF845
:103120000BE0122D09D10A9803F077FF0746387893
:10313000022801D00120387000BF00BFA3E538B5D8
:10314000044600BF00BF254627235A5D2C46262390
:10315000595DA88CFFF776FA0090BDF8001008467C
:1031600038BD73B50546BDF80400B0F5B47F0ADD7F
:10317000BDF804004FF4B47190FBF1F201FB1200B2
:1031800080B2ADF804009DF80600642802DD6420DA
:103190008DF806009DF80700642802DD64208DF894
:1031A000070000BF00BF2C46A08CBDF80410884269
:1031B0000DD12620005D9DF80610884207D12720FA
:1031C000005D9DF80710884201D100207CBD019868
:1031D0006062284616F0D8FA28460CF016FB01204B
:1031E000F4E700BF13F07EFE04E012F007F80520BC
:1031F0001EF094FAF9E770B505460C460CB90020AC
:1032000013E0284600F022F960435030A02190FBE3
:10321000F1F0012808DD284600F018F9604350302D
:10322000A02190FBF1F000E0012000B270BD2DE97B
:10323000F04104460F4615461E461C21204608F064
:10324000A4F9276065602068A060E660BDE8F081B1
:103250001CB504464C21204608F097F94FF4A070A5
:103260002080F02060804FF0FF30A080E0800020C0
:1032700020816081206920F00800083020612069E9
:1032800020F0400020618221206961F3D01020618C
:103290004FF47F40002100F47C4241EA5211C0F318
:1032A000C40211430091BDF8002011460191BDF800
:1032B0000400A0860248E0632064382060641CBDDE
:1032C0000D550208FEB505465648EAF73DF8044696
:1032D00044B900BF1CB900BF00BF00BFFEE700BF7C
:1032E0000020FEBDA86B98B9686C07F069FE064621
:1032F00000BF1EB900BF00BF00BFFEE700BF0EB990
:103300000020EEE731462846EA6B9047AE6300BFE7
:103310004FF4AC71204608F038F925604248076840
:10332000046022461E21414811F0F4FE606000BF97
:10333000606818B900BF00BF00BFFEE700BF60684B
:1033400020B9204607F00AFF0020CAE7287CC0F316
:10335000400068B12888698810FB01F0E968C968F5
:10336000884205D9286920F00200286100BF00BF0B
:1033700000BFFF2211461046FFF758FA0190BDF832
:10338000041008460290BDF808006085FF2084F80C
:10339000290011F029FE88B900200EF0E1F8029012
:1033A00005200EF0DDF80190214800230090204612
:1033B000DDE9011211F0B8FDA06002E011F0AAFDF4
:1033C000A060002009F00EFB2061002009F00AFB3C
:1033D000E061002009F006FB2062E0690DF032F99F
:1033E000206A0DF02FF90221E06909F035FA022177
:1033F000206A09F031FA0021E0690DF098FC002103
:10340000206A0DF094FC20690CF0FFF90648076073
:10341000006808B904480460606811F09CFF204609
:103420005FE70000400C00200002002059C00008A7
:1034300050BE04080021C2681161C2685161704722
:1034400001480068704700000002002000B50146F6
:1034500011B9FFF7F5FF014609B9822000BD0868E0
:103460000069C0F3C910F9E701460868C0687047F1
:1034700000B5014611B9FFF7E3FF014609B9002085
:1034800000BD0868007CC0F30110012802D00328A9
:1034900005D100E000BF0868B0F90200F0E7086855
:1034A000B0F90000ECE710B5044614B9FFF7C8FF07
:1034B00004461CB900BF00BF002010BD206AFCE715
:1034C00010B5044614B9FFF7BBFF04461CB900BF92
:1034D00000BF002010BDE069FCE7000010B5044605
:1034E0001CB90448E9F7FDFE10BD21460148E9F783
:1034F00010FFF9E7400C002010B5044614B9FFF79F
:103500009FFF04461CB900BF00BF002010BD20690A
:10351000FCE710B5044614B9FFF792FF04461CB946
:1035200000BF00BF002010BD6069FCE710B5044675
:1035300014B9FFF785FF0446A06810BD00B5014629
:1035400011B9FFF77DFF014609B9002000BD0868E9
:10355000007CC0F30110012802D0032805D100E04F
:1035600000BF0868B0F90000F0E70868B0F9020091
:10357000ECE72DE9FC4705460C4690469946DDE907
:103580000A67207B022801DCBDE8FC87608800B95F
:10359000FAE7BE4200D1F7E7CDE900674B46424665
:1035A00021462846D5F810C0E04700BFECE73EB5FD
:1035B00004461021204607F0E8FF01206080FF202C
:1035C000207300BF002001460246D508BDF8003038
:1035D00065F304038D080093BDF8003065F34A13CA
:1035E000C5080093BDF8003065F3CF230093BDF804
:1035F00000502B460193BDF8041008460290BDF818
:10360000080020803EBD2DE9FF4F83B081468A46E9
:103610001F46DDF84080139C059806B207F5B4708C
:10362000804512D1A9EB060000B22080AAEB06006B
:1036300000B2608009EB060000B2A0800AEB060031
:1036400000B2E08007B0BDE8F08FB7F5B47F02DDCF
:10365000A7F5B47087B2B8F5B47F03DDA8F5B470F0
:103660001FFA80F811990598401A00B20290129939
:1036700029B1119800EBD0714910491C00E00021DC
:103680000DB25A2097FBF0F0C0B201905A2098FB7F
:10369000F0F0C0B200900198042801D103200190FD
:1036A0000098042801D103200090DDE90010884231
:1036B0007CD147457ADC019858BB38B211F0CEFF77
:1036C000029948430AEBE030401B00B2608007F1EA
:1036D0005A0000B211F0C2FF704309EBE0302844F9
:1036E00000B2A0800FFA88F011F0B8FF70430AEB27
:1036F000E030284400B2E08008F15A0000B211F036
:10370000ADFF0299484309EBE030401B00B2208036
:1037100096E1019801282BD138B211F09FFF704338
:103720000AEBE030284400B2E08007F15A0000B212
:1037300011F094FF0299484309EBE030284400B2AD
:10374000A0800FFA88F011F089FF029948430AEB34
:10375000E030401B00B2608008F15A0000B211F066
:103760007DFF704309EBE030401B00B2208067E131
:10377000019802282DD107F15A0000B211F06EFF16
:10378000704309EBE030401B00B2208038B211F0EA
:1037900065FF029948430AEBE030284400B2E0801C
:1037A0000FFA88F011F05AFF704300E040E00AEB96
:1037B000E030401B00B2608008F15A0000B211F006
:1037C0004DFF0299484309EBE030284400B2A08045
:1037D00036E1019803289BD107F15A0000B211F09D
:1037E0003DFF0299484309EBE030401B00B22080C6
:1037F00038B211F033FF70430AEBE030401B00B2E7
:10380000608008F15A0000B211F028FF704309EB04
:10381000E030284400B2A0800FFA88F011F01EFFBB
:10382000029948430AEBE030284400B2E08007E107
:103830000198B8BB0098012835D108F15A0000B2B0
:1038400011F00CFF704309EBE030401B00B2208008
:103850000FFA88F011F002FF834638B211F0FEFE35
:10386000834504DA0FFA88F011F0F8FE02E038B26E
:1038700011F0F4FE029948430AEBE030401B00B21D
:10388000608007F15A0000B211F0E8FE704309EBC6
:10389000E030284400B2A0800AEB0600284400B2C1
:1038A000E080CDE0FFE7019801283AD10098022896
:1038B00037D1A9EB0600401B00B220800FFA88F038
:1038C00011F0CCFE70430AEBE030401B00B2608088
:1038D00007F15A0000B211F0C1FE834608F15A0008
:1038E00000B211F0BBFE834505DD07F15A0000B2BE
:1038F00011F0B4FE04E008F15A0000B211F0AEFE7F
:103900000299484309EBE030284400B2A08038B265
:1039100011F0A4FE70430AEBE030284400B2E080CE
:103920008EE0019802283DD1009803283AD107F192
:103930005A0000B211F092FE704309EBE030401BD8
:1039400000B22080AAEB0600401B00B2608008F1A4
:103950005A0000B211F082FE704309EBE0302844B7
:1039600000B2A0800FFA88F011F078FE029900FBF7
:1039700001FB38B211F072FE02994843834506DD1F
:103980000FFA88F011F06AFE0299484304E038B259
:1039900011F064FE029948430AEBE030284400B27B
:1039A000E0804DE0019803283AD10098B8BB08F1B7
:1039B0005A0000B211F052FE834607F15A0000B2DD
:1039C00011F04CFE834505DA08F15A0000B211F0FF
:1039D00045FE04E007F15A0000B211F03FFE0299E3
:1039E000484309EBE030401B00B2208038B211F0B0
:1039F00035FE70430AEBE030401B00B2608009EBFB
:103A00000600284400B2A0800FFA88F011F026FECC
:103A100070430AEBE030284400B2E08010E0FFE79A
:103A2000A9EB060000B22080AAEB060000B260807D
:103A300009EB060000B2A0800AEB060000B2E080AD
:103A400000BFFFE52DE9F04105460E4617469846B2
:103A5000B8F1000F08D100BF00BF14A239462846B4
:103A600017F019F9BDE8F081F07A022800DCF9E7D7
:103A7000A86940B143463A4631462846D5F818C0B1
:103A8000E047044606E043463A4631462846EDF70D
:103A9000C8FC04463CB900BF00BF04A23946284612
:103AA00017F0F9F8DEE700BFDCE700004E6F0A64AC
:103AB000617461002DE9F84304460D4616461F4621
:103AC000DDF82080606908B9BDE8F883CDF8008092
:103AD0003B46324629462046D4F814C0E04700BF92
:103AE000F2E71CB504461821204607F04EFD00BF42
:103AF000002211461046FEF739FE0090BDF8001076
:103B000008460190BDF804002081FF20E072401CAF
:103B10006080012020751CBD704700001FB5C0B03B
:103B20004198807E022801DC44B010BD41980068B5
:103B300010B900BF00BFF7E74098C06910B900BFD7
:103B400000BFF1E7202238A84199DCF7E8FE419850
:103B500000683790439810B14398007800B9E3E7C4
:103B60004098806802460D9034A84299E8F762F8C0
:103B70003390339800B9D7E74198007F329041984D
:103B8000C07E319000BF9DF8C80008B90120329076
:103B900000BF4198407F00F0020020B94298FCF736
:103BA00079FC36901AE04198407F41F6FF724199C6
:103BB000B1F91210CDE9001202904198B0F9140049
:103BC0000C90419800680B9002460DA80C9B4399FD
:103BD00011F032FEBDF93400369000BF00BF3798B7
:103BE000B0F9080030904198B0F9121030980844AC
:103BF0002F9000202E9042980088ADF8B400429893
:103C00004088ADF8B60000202C902B904198B0F978
:103C100016002C904198B0F918002B90BDF8B61002
:103C20002B98084400B2ADF8B60000202A90401E40
:103C30002990469840B32B9830BB4298B0F90200C7
:103C4000002821DA469881684298B0F90200081AE3
:103C5000002806DD469881684298B0F90200081AEB
:103C600005E04298B0F9021046988068081A2F992A
:103C70004900C1F58061884203DD4FF0FF3146986D
:103C80000160469800682990469860B129980028FC
:103C900009DB29982A90BDF8B61046988088084418
:103CA00000B2ADF8B6004198407F0021CDE9001088
:103CB0004198B0F914000D902A99439808440C904B
:103CC000369803B2DDE90C023799E9F7A7FE2A9985
:103CD0000844289040E028982A904198407F00218D
:103CE000CDE900104198B0F914000D9043992A983D
:103CF00008440C90369803B2DDE90C023799E9F7D5
:103D00008DFE0146289808442890BDF8B6102F98DB
:103D1000084400B2ADF8B6004698C0B1BDF9B6008F
:103D200010F5806F13DB4698006800280FDA46997B
:103D30002A980860BDF9B6104298B0F90200091A35
:103D4000469841604298B0F90210469881602A99DD
:103D50004398405C00B9E7E6BDF9B61030980144DD
:103D600040988068B0F902008142B4DB9DF8C80039
:103D7000022823D14198407F00904198B0F9140067
:103D80000D902A992898401A0C90439808440B905B
:103D9000DDE90C13379A11F0C1FD2E904298FCF723
:103DA00079FB2E99401A0D9000EBD070BDF8B4103D
:103DB00001EB600000B2ADF8B40022E09DF8C8004D
:103DC00003281ED14198407F00904198B0F914001B
:103DD0000D902A992898401A0C90439808440B900B
:103DE000DDE90C13379A11F099FD2E904298FCF7FB
:103DF00051FB2E99401ABDF8B410084400B2ADF83A
:103E0000B400419840682790419881682691DDE987
:103E10002610884206D927980D90269827900D984D
:103E2000269000BF4198807F00F0010020B94198A2
:103E3000807F00F00200E8B123A800F06FFA4198FB
:103E40008089ADF88C003798807B18B1379890F94D
:103E50000E0000E00120ADF88E004198807E8DF8C4
:103E600094004198807FC1089DF8950061F301009E
:103E70008DF89500002022902090FEF73BFA1E90CE
:103E80000FA801F00BFA4198008AADF84000BDF987
:103E9000B4000E90EAE1BDF8B4102C98084400B2CA
:103EA000ADF8B4000020229021902A99439808444C
:103EB0000D90FCE000200C904FF6FF71279888428F
:103EC0000CD02698884209D021992A9808440146A6
:103ED0000990EA4A4398126890470C9021AB0AAACD
:103EE0000BA90D98E9F77EFD4198407F00F0010095
:103EF00000287BD0E2A000780B99884212D122984A
:103F000020B92198209001202290D0E02298012809
:103F100002D10020229005E02298022802D1002040
:103F20002290C4E02298012867D10B98202863D101
:103F3000DDE92001081A072859D108A80290209924
:103F40000D9808440390062004900298019003986D
:103F500000900CE000980178019801700198401CD5
:103F600001900098401C00900498401E0490049812
:103F70000028EFD100BF8DF826009DF821000490A5
:103F8000F8F7C8FD04469DF820000490F8F7C2FD3C
:103F900004EB001007909DF823000490F8F7BAFD99
:103FA00004469DF822000490F8F7B4FD04EB0010DD
:103FB00006909DF825000490F8F7ACFD04469DF8A6
:103FC00024000490F8F7A6FD04EB00100590059876
:103FD000C0B204900698C0B203900798C0B2029095
:103FE000DDE90312FEF7DAFB1F9003E005E04198DC
:103FF00080891F900220229059E0419880891E906C
:104000002298022801D11F981E90DDE90A213798D5
:1040100003F04DF91D904FF6FF71279888422ED07E
:10402000269888422BD027990C98884227D3269926
:104030000C98884223D2BDF8B400ADF82000BDF83A
:10404000B600ADF82200BDF8B4101D9801444198A7
:10405000808A0844401E00B2ADF82400BDF8B610B6
:104060002F980844401E00B2ADF8260008AA0FA9F8
:10407000409801F0F7F84198C0891E9000BFBDF844
:104080007800ADF8EC002DAA38A90B9B409800F001
:104090001FF91D98002809DDBDF8B4104198828AE7
:1040A0001D981044084400B2ADF8B40000BF2A992E
:1040B0002898401A219988423FF6FCAE4198807FAB
:1040C00000F0020058B30E9800B2ADF830004198ED
:1040D0000068B0F90800099000EBD070BDF8B61088
:1040E00001EB6001BDF98E000A9000EBD07001EB8E
:1040F000600000B2ADF83200BDF8B400ADF82C009D
:10410000BDF83200ADF82E00BDF87800ADF88C0097
:104110000BAB0CAA23A9409800F0E9F800BF419826
:10412000807F00F0010038B30E9800B2ADF8300087
:10413000BDF8B610419800680089014441980068B4
:104140004089091A379890F90D00081A00B2ADF8A5
:104150003200BDF8B400ADF82C00BDF83200ADF867
:104160002E00BDF87800ADF88C000BAB0CAA23A98B
:10417000409800F0BCF800BF28982A904198407FF2
:104180000021CDE900104198B0F914000C9043993A
:104190002A9808440B90369803B2DDE90B02379950
:1041A000E9F73CFC0146289808442890429800888A
:1041B000ADF8B4009DF8C800022823D14198407F93
:1041C00000904198B0F914000C902A992898401A50
:1041D0000B90439808440A90DDE90B13379A11F0CD
:1041E0009DFB2E904298FCF755F92E99401A0C90A1
:1041F00000EBD070BDF8B41001EB600000B2ADF878
:10420000B40022E09DF8C80003281ED14198407FE9
:1042100000904198B0F914000C902A992898401AFF
:104220000B90439808440A90DDE90B13379A11F07C
:1042300075FB2E904298FCF72DF92E99401ABDF887
:10424000B410084400B2ADF8B400BDF8B6102F9811
:10425000084400B2ADF8B600BDF9B61040988068C9
:10426000B0F90600814200DD5EE400BF2A99439860
:10427000405C00287FF40FAE00BF55E468020020C8
:104280002300000038B504462021204607F07DF9C0
:10429000FF20A076FEF72EF80090BDF80000A08168
:1042A0000A4820604FF6FF706060A060FEF722F8B9
:1042B0000090BDF80000E08105200DF051F900905C
:1042C000BDF8000020820020E07638BD50BE040812
:1042D0002DE9F04104460D4616461F463B46324640
:1042E00029462046D4F81CC0E047BDE8F0812DE9FE
:1042F000F04105460C4616461F46608808B9BDE8E1
:10430000F081207A022800DCF9E73B46324621465C
:104310002846D5F820C0E04700BFF0E73EB5044688
:104320000A21204607F031F901206080FF20207229
:1043300000BF002001460246D508BDF8003065F3F5
:1043400004038D080093BDF8003065F34A13C508D7
:104350000093BDF8003065F3CF230093BDF8005003
:104360002B460193BDF8041008460290BDF80800E2
:1043700020803EBD02460B46002106E00C4850F866
:10438000310000B903E0481CC1B21029F6DB00BFC0
:10439000102904DB00BF00BF4FF0FF307047044816
:1043A00040F8312000EBC10043600846F6E700000A
:1043B000B00D00202DE9F04F87B081468A461646A1
:1043C0001D46109CB4F90A00301A0690B4F9080092
:1043D000AAEB00000590B4F90C00B4287EDAB4F919
:1043E0000E00B428FADAA089002877D0E0890028E6
:1043F000FBD0B4F90C10B4F90E0081426EDDB4F9B3
:104400000A00B04203DD012007B0BDE8F08F606D07
:104410000699484380120490A16A0698401C4143C3
:104420004FEAA128B4F90C00B0F5877F0ADDB4F992
:104430000C00B0F5B47F05DAB8F1000F02DA4FF0E6
:1044400000081BE0B4F90C00002809DDB4F90C00E9
:104450005A2805DCB8F1000F02DA4FF000080DE031
:10446000B4F90C005A2809DDB4F90C00B0F5877FC7
:1044700004DAB8F1000F01DD4FF00008B4F90E00C6
:10448000B0F5877F0ADDB4F90E00B0F5B47F05DA28
:10449000B8F1000F02DA4FF000081BE0B4F90E008B
:1044A000002809DDB4F90E005A2805DCB8F1000F28
:1044B00002DA4FF000080DE0B4F90E005A2809DDC9
:1044C000B4F90E00B0F5877F04DAB8F1000F01DD12
:1044D0004FF000080498A0EB080000E042E0401014
:1044E00003904FF0010B01200290039808EB0001AC
:1044F00005980F1AAF4200DD2F46002F10DD04F1A2
:1045000010003BB2324651460090484600F076FA21
:104510008346BBF1000F03D13946484607F035F812
:10452000AF4200DD2F46002F00DA002704F13C00E7
:10453000EA1B13B20AEB070211B2009009EB070065
:10454000324600F05BFA0290029820B9E91B09EBB1
:10455000070007F01AF80298834501D1584653E73F
:10456000022051E7B4F90C00B4287DDDB4F90E0047
:10457000B428FADDB4F90C10B4F90E008142F4DD70
:10458000B4F90A00B04201DA01203DE7606D0699F6
:10459000484380120490A16A0698401C41434FEAA8
:1045A000A128B4F90C00B0F5877F0ADDB4F90C003E
:1045B000B0F5B47F05DAB8F1000F02DA4FF0000869
:1045C0001BE0B4F90C00002809DDB4F90C005A28EE
:1045D00005DCB8F1000F02DA4FF000080DE0B4F985
:1045E0000C005A2809DDB4F90C00B0F5877F04DA15
:1045F000B8F1000F01DD4FF00008B4F90E00B0F57E
:10460000877F0ADDB4F90E00B0F5B47F05DAB8F1A2
:10461000000F02DA4FF000081BE0B4F90E0000288A
:1046200009DDB4F90E005A2805DCB8F1000F02DAF2
:104630004FF000080DE0B4F90E005A2809DDB4F976
:104640000E00B0F5877F04DAB8F1000F01DD4FF0FE
:1046500000080498A0EB0800401003904FF0010BF5
:1046600001200290039800E03BE008EB0001059870
:104670000F1AAF4200DD2F46002F10DD04F13C0081
:104680003BB2324651460090484600F0B7F98346A7
:10469000BBF1000F03D13946484606F076FFAF4222
:1046A00000DD2F46002F00DA002704F11000EA1B7E
:1046B00013B20AEB070211B2009009EB0700324671
:1046C00000F09CF90290029820B9E91B09EB070061
:1046D00006F05BFF0298834501D1584694E602201C
:1046E00092E60127B846B4F90C00B42806D1B4F913
:1046F0000A00B04200DD27E0032725E0A08938B991
:10470000B4F90A00B04201DD03271DE001271BE0D8
:10471000B4F90C00B42803DAB4F90A00B04207DC9B
:10472000B4F90C00B42805DDB4F90A00B04201DC8C
:10473000032709E004F110002B4632465146009051
:10474000484600F05BF90746B4F90E00B42809D1D9
:10475000B4F90A00B04202DD4FF003082BE04FF03D
:10476000010828E0E08948B9B4F90A00B04202DD46
:104770004FF001081FE04FF003081CE0B4F90E00F1
:10478000B42803DAB4F90A00B04207DCB4F90E0029
:10479000B42806DDB4F90A00B04202DC4FF0030889
:1047A00009E004F13C002B46324651460090484651
:1047B00000F024F9804617B1B8F1000F01D10020B4
:1047C00022E6032F04D1B8F1030F01D100201BE62C
:1047D000012F04D1B8F1010F01D1012014E602200C
:1047E00012E600002DE9F84F0646894692461C461F
:1047F0000A9D002C01DA002404E0B4F5B47F01DB4B
:1048000040F26714002D01DA002504E0B5F5B47F0D
:1048100001DB40F26715A54205DAC4F5B4702844FF
:10482000A6F8680007E0281B002801DD281B00E02F
:10483000601BA6F86800B481F581A6F80890A6F878
:104840000AA0264830600120307100BF002C02DB36
:10485000B4F5B47F03DD00BF00BF00BFFEE700BFBB
:10486000002C03DBB42C01DA002707E0B42C04DBB6
:10487000B4F5B47F01DA012700E0012700BF002D65
:1048800002DBB4F5B47F03DD00BF00BF00BFFEE76D
:1048900000BF002D04DBB42D02DA4FF0010809E05F
:1048A000B42D05DBB5F5B47F02DA4FF0000801E066
:1048B0004FF0010823465246494606F11000009782
:1048C00000F032F92B465246494606F13C00CDF83D
:1048D000008000F029F9BDE8F88F0000B543020818
:1048E0002DE9F84F0746884691469A464FF0000B4F
:1048F000104C15E0256801262068009053464A4672
:1049000041463846D5F800C0E047064616B90020B3
:10491000BDE8F88F022E01D14FF0010B083400BF23
:1049200020680028E6D1BBF1000F01D00220EFE79C
:104930000120EDE7B00D002070B504462646307921
:10494000022814D12546686980B168690069002889
:1049500007DA6969486806F001FC686906F0FEFB41
:1049600004E068694069401E6969486107E0307980
:10497000052804D12546A86806F0F0FB00BF70BDED
:104980002DE9F04106463EB91B48006810B10120F0
:10499000BDE8F0810020FBE7002428E0164850F82D
:1049A000347007B921E0387902281BD1124850F839
:1049B0003450A87C00F0010048B1B5F9102005F191
:1049C00008013046E7F7F2F958B90120E0E7B5F9F8
:1049D000102005F108013046E7F76DF908B901200C
:1049E000D6E701E00120D3E700BF601CC4B2102C61
:1049F000D4DB0020CCE70000B00D00202DE9F84FFB
:104A000082460D4690461E460A9CA08AA8EB0000EE
:104A10000FFA80F8608A281A05B2206A00286BD144
:104A200094F8280000F0010010B3207C00F003008F
:104A300020B1207C00F00300012802D10120BDE854
:104A4000F88F207C00F00300022805D108F1010056
:104A5000002801DA0120F2E7207C00F0030003289F
:104A600004D1B8F1000F01DD0120E8E70020E6E7FE
:104A7000207C00F00300022804D0207C00F003001A
:104A8000032801D10120DAE7207C00F0030001288F
:104A900002D1002D00DDD2E7207C00F00300A0B998
:104AA000A819002801DA0120C9E76F42002F01DAB6
:104AB0000020C4E7002F06DBB74204DAF11B0AEB43
:104AC000070006F062FD0220B9E7A819002801DA04
:104AD0000020B4E76F42002F00DA0027B74201DB65
:104AE0000020ACE7002F05DBB74203DA3946504619
:104AF00006F04BFD0220A2E794F8280000F0010028
:104B000040B133464246294650460094FAF78AFAA5
:104B1000814607E033464246294650460094FAF75C
:104B200072FB814648468AE72DE9FC4781460D46DF
:104B300016461C46DDF828A0B42C02DDA4F1B40012
:104B400004B204F15A0000B210F088FD05EB6017C2
:104B5000204610F083FD06EB60180FFA88F03BB298
:104B600032462946CDE9000A484600F003F8BDE880
:104B7000FC8700002DE9F05F04460F461546984675
:104B8000DDE90A6B2C21204606F0FFFCB54206D178
:104B9000BBF1030F03D1681E05B2701E06B2B54209
:104BA00006DD4046B846074630462E46054600BF5D
:104BB00027816581A4F80C80E68184F810B06782B3
:104BC000A582A8EB0700002802DDA8EB070001E0A2
:104BD000A7EB0800711B002901DD711B00E0A91B78
:104BE000884201DD012000E0002094F8281060F3E5
:104BF000000184F828100020E061A061474820608F
:104C000000202071A8EB0709A6EB050A94F82800FC
:104C100000F00100C0B1B9F1000F07D04FF48011CE
:104C200091FBF9F000FB0AF18912E161BAF1000F82
:104C300007D04FF4801191FBFAF000FB09F18912C3
:104C4000A161E169216218E0BAF1000F07D04FF4C9
:104C5000801191FBFAF000FB09F18912A161B9F111
:104C6000000F07D04FF4801191FBF9F000FB0AF11F
:104C70008912E161A169216200BF207C00F003007C
:104C800030B994F8280020F0020084F8280039E0B8
:104C9000207C00F00300012807D194F8280020F0C0
:104CA0000200801C84F828002CE0207C00F0030027
:104CB000022811D1206A002807DD94F8280020F08E
:104CC0000200801C84F828001CE094F8280020F0E2
:104CD000020084F8280015E0207C00F0030003287F
:104CE00010D1206A002806DD94F8280020F0020088
:104CF00084F8280006E094F8280020F00200801CC8
:104D000084F82800206A80106062206A002802DA95
:104D1000606A40426062BDE8F09F0000FD49020801
:104D20002DE9F04F8DB080468B4691461D46169872
:104D3000807C00F001000C901698B0F910000B90E8
:104D40001699083109A8FBF7BDFA0C9858B9BDF9B6
:104D50002600484503DCBDF92A0048450DDA00204D
:104D60000DB0BDE8F08FBDF92600484503DCBDF964
:104D70002A00484501DA0120F2E7BDF924100B981A
:104D80000844584507DC0BEB0501BDF928200B98BA
:104D9000101A81420BDDBDF926100B9808444845D6
:104DA00059DCBDF92A100B98081A484553DB0C98BA
:104DB00058BBBDF92400A0EB0B0001900198A8425C
:104DC00001DD0020CCE70198002803DB4046019973
:104DD00006F0DBFBBDF92800A0EB0B0000F1010A97
:104DE000BAF1000F01DC0020BAE7AA4505DAA5EB0D
:104DF0000A0108EB0A0006F0C8FB019818B9AA4599
:104E000001D10120ACE70220AAE7BDF92400A0EB04
:104E10000B0ABAF1000F01DA4FF0000AAA4517DCBD
:104E2000BDF92800A0EB0B00A0EB0A00401C01908C
:104E300001985044A84202DDA5EB0A0001900198B8
:104E4000002804DB08EB0A00019906F09EFB00BF76
:104E500000BF022084E7BDF92400A0EB0B000890FE
:104E600009A8FBF71EFB079009A8FBF78BFA069031
:104E7000BDF82400ABEB00000FFA80FBBDF8260064
:104E8000A9EB00000FFA80F90B98814506DA0B9820
:104E9000A0EB0900401E00B2039006E00B990698B3
:104EA000401AA9EB000000B20390169904AB05AAC2
:104EB00048690399F7F73AF90290DDE907100144D0
:104EC0000B98081ABDF81010084406B20B99089800
:104ED0000844BDF81010401A401E07B20C98002874
:104EE00063D1002425E0BDF91400001B401E029987
:104EF00011F800A0301900280BDB3019A84208DA9D
:104F0000301918F80010504611F053FF311908F805
:104F10000100381B0BD4381BA84208DA381B18F8DC
:104F20000010504611F045FF391B08F80100601CC5
:104F300004B2BDF914008442D5DB3019A84201DA6D
:104F4000301900E02846002801DA002005E0301979
:104F5000A84201DA301900E0284606B2A91B08EB86
:104F6000060006F012FBBDF91400381A401CA842D6
:104F700004DABDF91400381A401C00E02846002865
:104F800001DA00200BE0BDF91400381A401CA842D9
:104F900004DABDF91400381A401C00E0284607B2B4
:104FA0003946404606F0F1FA5FE0002427E0BDF9FB
:104FB0001400401E011B0298405CC0F1FF000090ED
:104FC000301900280BDB3019A84208DA301918F81C
:104FD0000010009811F0EDFE311908F80100381B9F
:104FE0000BD4381BA84208DA381B18F800100098B8
:104FF00011F0DFFE391B08F80100601C04B2BDF996
:1050000014008442D3DB781CA84200DA00E0284672
:10501000002801DA002004E0781CA84200DA00E051
:1050200028460FFA80FAA6EB0A00A5EB0A0188428F
:1050300002DAA6EB0A0001E0A5EB0A00002801DA7B
:1050400000200AE0A6EB0A00A5EB0A01884202DA7A
:10505000A6EB0A0001E0A5EB0A0000B2019008EB04
:105060000A00019906F091FA00BF022078E60000DC
:105070002DE9F84F07468846154699464046FBF706
:1050800010FA83464046FBF77DF90090009883456F
:1050900001DA584600E000988246B5EB6A0F02DD5F
:1050A0004FEA6A0005B2002D00DA0025414607F1FB
:1050B0000800FBF707F93D8287F8129051483860E5
:1050C000022038711DB900207861BDE8F88F0024F6
:1050D00040E0C4EBC4004C4901EB8000B0F918007B
:1050E000A84236D1C4EBC40001EB80004069401CEB
:1050F000C4EBC401444A02EB81014861C4EBC40023
:10510000114601EB80000169102D01DA012000E059
:1051100028110844B0F57A7F0CDAC4EBC4003A4990
:1051200001EB80000169102D01DA012000E0281157
:10513000084401E04FF47A70C4EBC401324A02EB38
:1051400081010861C4EBC400114601EB8000786165
:10515000BBE7641C042CBCD3002600241BE0C4EB7A
:10516000C400294901EB8000406998B926B9C4EB15
:10517000C40001EB80060DE0C4EBC400224901EB42
:10518000800000693169884204DAC4EBC4001E491A
:1051900001EB8006641C042CE1D396B91C2005F0B9
:1051A0000FFF064600BF1EB900BF00BF00BFFEE7ED
:1051B00000BF1C21304606F0E8F94FF0FF303061A7
:1051C00019E07069401C7061002030613169102D58
:1051D00001DA012000E028110844B0F57A7F07DAEF
:1051E0003169102D01DA012000E02811084401E0A6
:1051F0004FF47A7030617E6129467869EBF776FC6E
:1052000000BF62E7214D0208400D002070B5054641
:10521000002600240DE0094800EBC4004068A842C5
:1052200005D1064850F83460204600F009F8601CAB
:10523000C4B2102CEFDB304670BD0000B00D002072
:10524000014600204A1C4AB1054A52F831000022AA
:10525000034B43F8312003EBC1035A607047000051
:10526000B00D002070B505460E46144600BFE0881C
:105270006188401A401C00B2012807DB00BFA088EB
:105280002188401A401C00B2012800DA70BD224675
:1052900031462846EB68984700BFF7E738B5044623
:1052A0003821204606F071F9FDF78DFC0090BDF81D
:1052B0000000A080FDF787FC0090BDF80000E080B2
:1052C000FDF723F80090A01DBDF800106181FF21BB
:1052D00021730221A173FDF718F80090BDF80000BA
:1052E0000C346082FDF711F80090BDF800002084B6
:1052F0000848A060FF2004F8090CA073A077A075EF
:1053000084F82A00E07D20F03E001E30E0750C3C61
:1053100038BD000050BE04082DE9FF4705460C4685
:10532000AA6802A82168E6F785FC08B9BDE8FF87EE
:105330004FF00008E068002867D1607E002864D143
:1053400002A8FBF75EF864285FD96868FBF7BEF82F
:105350000646D5F80090BDF908006968B1F900105B
:10536000401ABDF90A106A68B2F90220891A06FBD0
:10537000010009EB4009676877B32146284600F031
:10538000EAFA2068FBF7A2F88246BDF90800216816
:10539000B1F90010401ABDF90A102268B2F90220D2
:1053A000891A0AFB010007EB400768684088404201
:1053B00002B268680088404201B202A8FBF7C1F857
:1053C000207E3B46324602A9CDE900A0484600F0C7
:1053D0004BF84FF0010817E0207EFD2814DB6868C9
:1053E0004088404202B268680088404201B202A888
:1053F000FBF7A7F82089034602AA314601904846E8
:1054000000F00CF84FF0010800BFB8F1000F03D115
:105410002146284600F09FFA00BF87E72DE9FF41AB
:1054200004460D4616463046FBF750F80746304610
:10543000FAF7BDFF8046F8F7C4FD4FF44030094944
:1054400008600846C463BDF80C008863E81B086464
:1054500048EA074048640846006840F001000860D8
:10546000BDE8FF8100B002402DE9F05F06468946A5
:1054700017461D46DDE90A8A4846FBF727F8044629
:105480004846FAF794FF8346F8F79BFDBAF1FD0F03
:1054900016DB00201C4908600220C8610846C56070
:1054A000A8EB040008610846C663381B08644BEA91
:1054B000044048640846006840F00100086020E0AD
:1054C0004FF40030104908600220486208464661E7
:1054D000381B88614FF0021040EA0A60C861084634
:1054E000C560A8EB040008610846C563A8EB04008A
:1054F00008644BEA044048640846006840F0010034
:105500000860BDE8F09F000000B0024070B506469C
:105510000C462146304600F083FD2546024868636C
:105520000248E86270BD000019530208E9760208DB
:1055300008B50848006840F4000006490860BFF359
:105540004F8F04480068009000BF02200249486362
:1055500008BD00003038024000B002402DE9F04F95
:10556000C9B081460D4614469846539F529E287BEB
:10557000022802DC49B0BDE8F08F688800B9F9E77D
:10558000BE4200D1F6E7B5F902A0C24501DD0FFA2F
:1055900088FA3BA8FFF782FE687B00F003008DF8D5
:1055A000EE00A86840B100208DF8EF00A8683F9099
:1055B000287B8DF8060105E0287B8DF8EF00288810
:1055C000ADF8F0002088A0EB080000B2ADF8E400D0
:1055D0006088A0EB080000B2ADF8E60020884044E7
:1055E000401E00B2ADF8E80060884044401E00B2A2
:1055F000ADF8EA0000BFBDF8E400ADF8DC00BDF88E
:10560000E600ADF8DE00BDF8E800ADF8E000BDF85A
:10561000EA00ADF8E20000BFBDF8DC00698808448C
:1056200000B2ADF8DC00BDF8DE006988084400B2C5
:10563000ADF8DE00BDF8E0006988401A00B2ADF8B0
:10564000E000BDF8E2006988401A00B2ADF8E2005F
:105650004FF0FF3B00BFBDF8E000BDF8DC10401A82
:10566000401C00B2002815DD00BFBDF8E200BDF807
:10567000DE10401A401C00B200280BDD012347F663
:10568000FF7237A931A8FFF7F3FC002131A8FEF71C
:1056900071FE8346002347F6FF7239A92BA8FFF756
:1056A000E7FC00212BA8FEF765FE2A9006F5B470F2
:1056B000B84203D007F5B470864218D147F6FF70A0
:1056C000ADF8EC0039AA3BA94846FFF7CBFD2A9874
:1056D000FFF7B6FD0BF1010010B15846FFF7B0FD22
:1056E0002BA8FFF729F931A8FFF726F942E702E0D6
:1056F000A6F5B47086B2B6F5B47FF9DA02E0A7F584
:10570000B47087B2B7F5B47FF9DA38B20090B4F963
:105710000220B4F9001033B20FA8FFF763F800219C
:105720000FA8FEF727FE0E90B74204DDB81BC0F5A8
:10573000B4700D9001E0F01B0D90D9F808000C90AA
:105740000D983C282EDDB8F10A0F2BDD05940FFAD9
:1057500088F0ADF81800ADF81A60ADF81C705A204A
:1057600096FBF0F000F00300ADF81E005A2097FB06
:10577000F0F000F00300ADF82000ADF822A03BA847
:10578000099039A80A90CDF82C9005A8F1F7D7F820
:1057900005A8F1F7F8F905A8F1F71EFB05A8F1F740
:1057A00049FC04E039AA3BA94846FFF75BFD0FA876
:1057B000FFF7C2F82BA8FFF7BFF831A8FFF7BCF836
:1057C0000E98FFF73DFD2A98FFF73AFD0BF1010017
:1057D00010B15846FFF734FD687BC0F38000002805
:1057E0007ED00AF0FF0204AB0FFA88F130B2F6F770
:1057F000EDFDBDF810002188084400B2ADF810009E
:10580000BDF814002188084400B2ADF81400BDF8BA
:1058100012006188084400B2ADF81200BDF816000D
:105820006188084400B2ADF8160004AA02A80C99D9
:10583000E6F700FAD0B1002347F6FF7204A906A8E4
:10584000FFF716FC002106A8FEF794FD019002A8C0
:10585000C9F8080039AA3BA94846FFF703FD01989B
:10586000FFF7EEFC06A8FFF767F800BF0AF0FF029B
:1058700004AB0FFA88F138B2F6F7A8FDBDF81000B6
:105880002188084400B2ADF81000BDF8140021884A
:10589000084400B2ADF81400BDF812006188084455
:1058A00000B2ADF81200BDF816006188084400B2DD
:1058B000ADF8160004AA02A80C99E6F7BBF9E0B10E
:1058C000002347F6FF7204A906A8FFF7D1FB0021C9
:1058D00006A8FEF74FFD019002A8C9F8080000E0F5
:1058E0000FE039AA3BA94846FFF7BCFC0198FFF737
:1058F000A7FC06A8FFF720F800BF0C98C9F808001D
:1059000000BF00BF36E670B504460D461646324667
:1059100029462046EBF7FEFF324629462046ECF7A3
:10592000EEF970BD7CB504460D46287E022800DCE9
:105930007CBDA26868462968E6F77CF900B9F7E7FC
:10594000E06A10B12046E16A884729462046626B2A
:10595000904700BFECE72DE9F04F89B007460C46B1
:10596000E06800B90026E06820B1207C10B909B0D9
:10597000BDE8F08F207C012801D1002600E0E66818
:105980007868FAF764FD8346BA6807A82168E6F7E5
:1059900051F900B9EBE7E7F7DDFF8146386806907B
:1059A000D9F80000C06988B9BDF91C007968B1F95F
:1059B0000010401ABDF91E107A68B2F90220891A47
:1059C0000BFB0101069800EB41000690D4F804A0FF
:1059D000BAF1000F14D02068FAF739FD8046BDF9FE
:1059E0001C002168B1F90010411ABDF91E0022689F
:1059F000B2F90220821A08FB02100AEB400A01E009
:105A00004FF000089EB16069FAF721FD0546606914
:105A1000B0F90000BDF91C10411A6069B0F902002C
:105A2000BDF91E20821A05FB0210064400E0002585
:105A300078684088404202B278680088404201B2EB
:105A400007A8FAF77EFDD9F80000C069D0B16068F8
:105A500060B9207ECDE901650090208903465A4651
:105A600007A905900698F4F706FE46E0207E534607
:105A70005A4607A9CDE90080CDE90265069811F0E4
:105A8000F8F83AE06068E8B9607E60B9207ECDE958
:105A900001650090208903465A4607A9059006989B
:105AA000F4F744FC29E0607E217ECDE90165009198
:105AB0000390208903465A4607A905900698F4F7F3
:105AC00083FB1AE0607E58B9207E53465A4607A9E8
:105AD000CDE90080CDE90265069810F023FF0CE0C7
:105AE000607E217E53465A46CDE90081CDE90265AC
:105AF000049007A9069810F08BFE00BF37E72DE948
:105B0000FF4FB1B00C461746DDF8F8803199886830
:105B10000188ADF8BC104188ADF8BE108188ADF8A1
:105B2000C010C188ADF8C21000BF2FA8FEF728FF33
:105B30002E901C2127A805F028FDE07A8DF8B400EE
:105B4000207B00F00F008DF8B5002E9890B92088CA
:105B500080B96088B0F5807F0CD1B8F1040F09D10D
:105B6000A07A38B927973498289027A93198FFF759
:105B7000D9FE51E2B8F1050F01D1032000E0022067
:105B800081463846FAF76AFC26904FF47F400021A0
:105B900000F47C4241EA5211C0F3C40211431F9148
:105BA000BDF87C201146249100252FA8FAF7DCFBD4
:105BB00023902FA8FAF752FC8346BDF8BC00ADF83D
:105BC0008400BDF8C000ADF88800BDF8BE00ADF897
:105BD0008600BDF88600ADF88A0021A827902088AD
:105BE00018B96088B0F5807F01D0012000E0002066
:105BF00020902E9800287ED120980028FBD1B8F163
:105C0000050FF8D1A07A0028F5D1E7F7A3FE199087
:105C1000FDF72EFC1F902FA8FAF7F3FB1F9988427F
:105C200001D91F9802E02FA8FAF7EBFB1E901E99EE
:105C3000480005F0FFF91D901E9805F0FBF91C9037
:105C40001C982A9021A82C9002208DF8AC001D9859
:105C50002890349EBDF9BE00B7F90210401A26996B
:105C6000484300FB0966BDF9BC00B7F90010401AB3
:105C700000FB096600201A903BE0B24600201B9012
:105C800013E09AF802001C99485548B19AF80010A0
:105C90009AF8012001EB02218AB21D9921F8152002
:105CA0001B98401C1B90CA446D1C1B985845E8DB90
:105CB000269800FB096605EB0B011E98814206D869
:105CC000BDF88A00401C00B2ADF88A000EE027A99A
:105CD0003198FFF727FEBDF88A00401C00B2ADF8EE
:105CE0008600BDF88600ADF88A0000251A98401C91
:105CF0001A90239900E019E01A988842BDDBBDF99B
:105D00008600BDF98A10884209D0BDF88A00401E7D
:105D100000B2ADF88A0027A93198FFF703FE1C985E
:105D200005F004FA1D9805F001FA74E1E7F712FE98
:105D30000290FDF79DFB1F902FA8FAF762FB1F99B9
:105D4000884201D91F9802E02FA8FAF75AFB1E904B
:105D50001E99480005F06EF91D901E9805F06AF92D
:105D600006462A9621A82C9002208DF8AC001D989A
:105D7000289000201C904C2109A805F006FC2098D2
:105D800028B3208800B2ADF830006088ADF832004A
:105D900034980990269800B2ADF828003846FAF7F2
:105DA000E3FAADF82A008DF83680A088ADF82C0013
:105DB000E088ADF82E002089ADF83400207D00F099
:105DC00001008DF8370009A8E6F720FF15E03498A8
:105DD0001C90BDF9BE00B7F90210411A2698414344
:105DE0001C9801FB09001C90BDF9BC00B7F900101C
:105DF000411A1C9801FB09001C9000200790089094
:105E0000A07AC0F1FF000690A07AC8B12289029260
:105E1000A07A07A9BDF80820D20A12FB00F20A8076
:105E2000BDF80820C2F3451212FB00F24A80BDF80B
:105E3000082002F01F0212FB00F28A8000BF00BFA0
:105E4000B8F1040F05D1208818B96088B0F5807FBB
:105E500001D0022000E001208DF8AC002E9818B18E
:105E600030461E9905F0C8FBBDF98600B7F902104F
:105E7000401A039000200490B1E0DDF870A0029574
:105E8000BDF98400B7F90010401A01900020059078
:105E90004BE02098B8B1DDE90303184402B2059B3A
:105EA0000198184401B209A8E6F725FC0090009873
:105EB00010B90020705533E009A8807D7055BDF8F9
:105EC000380025901EE0B8F1050F05D19AF80200C0
:105ED000705500B924E001E0FF2070559AF80000E9
:105EE0009AF8011000EB012080B22590B8F1060F5E
:105EF00008D1BDF89400BDF89010884202D100206E
:105F000070550DE0A07A28B107A8069A2599FCF7EC
:105F1000EEFD2590BDF894101D9820F8151000BFD7
:105F20000598401C05906D1CCA4405985845B0DB87
:105F30002E98E8B1BDF8BEC0049B63441AB2BDF907
:105F40008410029BF0185B46FEF7CAFC0090009894
:105F500040B902997018594605F017FB02208DF8D8
:105F6000AC0004E00098022801D18DF8AC0000BF1D
:105F700026991C9801FB09001C9005EB0B011E984B
:105F8000814206D2BDF88A00401C00B2ADF88A00FA
:105F900022E027A93198FFF7C5FCBDF88A00401C14
:105FA00000B2ADF88600BDF88600ADF88A00002585
:105FB000B8F1040F05D1208818B96088B0F5807F4A
:105FC00001D0022000E001208DF8AC002E9818B11D
:105FD00030461E9905F010FB0498401C049023994C
:105FE00004988842FFF649AFBDF98600BDF98A10D2
:105FF000884209D0BDF88A00401E00B2ADF88A0080
:1060000027A93198FFF78EFC304605F08FF81D98D0
:1060100005F08CF800BF00BF35B0BDE8F08F000080
:1060200070B506460C4625463821284605F0ADFADF
:10603000094828610948E8600948A8620948E861F8
:106040000948686109482862094868620948E862A5
:106050000948686370BD00005D5502080D670208BD
:10606000075902087D600208FF5A0208756102089C
:106070007963020849670208575902082DE9F0437D
:1060800087B005460E4690461C460023224603A9CB
:10609000306801F07AF88146B9F1000F0ED1202C5A
:1060A00009D34FF6FF00844205D042F20C0084422F
:1060B00001D000BF00BF07B0BDE8F083BDF81400F9
:1060C00010B1BDF8120000B9F5E7B8F80000BDF84E
:1060D0001610084400B2ADF8080030680089316835
:1060E0004989401AB8F802100844BDF81410401A43
:1060F000BDF81810401A00B2ADF80A00BDF908004A
:10610000BDF812100844A968B1F90010884217DBE5
:10611000BDF90800A968B1F90410884210DCBDF986
:106120000A00BDF814100844A968B1F902108842A9
:1061300006DBBDF90A00A968B1F90610884200DD46
:10614000B9E72146039801F011F8074617B900BFD7
:1061500000BFB0E70398007B00F0030008B100BF68
:1061600006E003AB02AA314628460097EEF7D8F9BD
:1061700000BFA0E72DE9F04F93B080460E461446CD
:106180001D46708810B913B0BDE8F08F307A022830
:1061900000DCF8E7B4F90000B5F90010884206D138
:1061A000B4F90200B5F90210884200D1EBE7B4F966
:1061B0000010B5F90020914202DAB4F9001001E0B4
:1061C000B5F90010B6F9020000EBD072A1EB620144
:1061D00009B2ADF84410B4F90010B5F900209142AD
:1061E00002DDB4F9001001E0B5F90010B6F90200C3
:1061F00000EBD07201EB620109B2ADF84810B4F9BE
:106200000210B5F90220914202DAB4F9021001E05D
:10621000B5F90210B6F9020000EBD072A1EB6201F1
:1062200009B2ADF84610B4F90210B5F90220914256
:1062300002DDB4F9021001E0B5F90210B6F902006E
:1062400000EBD07201EB620109B2ADF84A1011A95E
:1062500011A8D8F80820E5F7EDFC8246BAF1000F46
:1062600000D190E7D8F808B011A8C8F80800B4F930
:106270000200B5F90210884206D12B46224631466B
:106280004046EEF72BFB12E0B4F90000B5F9001020
:10629000884206D12B46224631464046EEF738FE6C
:1062A00005E02B46224631464046EEF703FC707A65
:1062B000C0F3C00020B9707AC0F38000002857D026
:1062C00003A8FEF7EBFF3088ADF8100047F6FF702B
:1062D000ADF80C00307A8DF80F00B6F902004710C7
:1062E000B07800F0010080F00109707AC0F38000FE
:1062F000E0B12088C01B00B2ADF804006088C01B6C
:1063000000B2ADF8060020883844A0EB090000B2C6
:10631000ADF8080060883844A0EB090000B2ADF881
:106320000A0001AA03A94046FEF79CFF707AC0F359
:10633000C000E0B12888C01B00B2ADF80400688836
:10634000C01B00B2ADF8060028883844A0EB090055
:1063500000B2ADF8080068883844A0EB090000B22C
:10636000ADF80A0001AA03A94046FEF77BFF00BF73
:10637000C8F808B000BF06E72DE9FF4F93B090467C
:106380001E46032E02DA17B0BDE8F08FB8F1000FF9
:1063900000D1F8E7B00004F04DFE044604B9F2E77E
:1063A00000201290D8F80000206000251EE038F987
:1063B0002510681C38F9200081420AD108EB8500BD
:1063C000B0F90210681C08EB8000B0F902008142AD
:1063D0000AD0129804EB800008EB8501096801607F
:1063E0001298401C80B21290681C85B2701EA842A0
:1063F000DDDCB8F9001038F92000814208D1B8F985
:106400000210701E08EB8000B0F9020081420BD030
:10641000129804EB8001701E08EB80000068086091
:106420001298401C80B21290129E032E03DA20466E
:1064300004F07CFEA7E7B44903C9CDE910010025AB
:106440003DE0BDF9400034F92510884202DABDF97B
:10645000400001E034F92500ADF84000BDF94200EC
:1064600004EB8501B1F90210884202DABDF942005D
:1064700003E004EB8500B0F90200ADF84200BDF97D
:10648000440034F92510884202DDBDF9440001E0E2
:1064900034F92500ADF84400BDF9460004EB850150
:1064A000B1F90210884202DDBDF9460003E004EBB9
:1064B0008500B0F90200ADF84600681C85B2B5420F
:1064C000BFDB139810A982680DA8E5F7B3FB0F9006
:1064D0000F9818B9204604F029FE54E713988068F5
:1064E0000C900DA913988160B4F902000B90002064
:1064F0000A9001250FE004EB8500B0F902100B981B
:10650000814206DA04EB8500B0F902000B9028B254
:106510000A90681C85B2B542EDDB2C2106FB01F028
:1065200004F088FD099009980890DDF828A0DDF8AE
:1065300028A0D34600200790DDF828A0AAF1010783
:10654000002F00DA37440A9800F10109701E48450F
:1065500001DA4FF0000934F827100A9834F82000C7
:10656000081A01B2069134F829100A9834F820006C
:10657000081A01B2059104EB870041880A9804EBE0
:1065800080004088081A00B2049004EB890041881A
:106590000A9804EB80004088081A00B2039000209B
:1065A0000290DDE9040110FB01F20699039810FB4B
:1065B00001F0824201DA0120029000BF029860B926
:1065C000AAF10107002F00DA37440BF10109701E10
:1065D00048450EDA4FF000090BE00AF10107701E82
:1065E000B84200DA0027ABF10109B9F1000F00DA77
:1065F000B14404EB8700B0F9020004EB8A01B1F961
:10660000021088422CDB04EB8700B0F9020004EB97
:106610008A01B1F9021088421ED034F9270034F9FA
:106620002A10884218D0012104EB8700B0F902003B
:10663000CDE9000134F9273004EB8A00B0F90220DB
:1066400034F92A100898FEF795FADDE90801FDF7FC
:1066500091FE08982C3008900798401C0790BA4685
:106660000798B04200D13AE004EB8900B0F902008B
:1066700004EB8B01B1F9021088422CDB04EB89009A
:10668000B0F9020004EB8B01B1F9021088421ED070
:1066900034F9290034F92B10884218D0002104EB7A
:1066A0008900B0F90200CDE9000134F9293004EB8A
:1066B0008B00B0F9022034F92B100898FEF75AFA33
:1066C000DDE90801FDF756FE08982C300890079880
:1066D000401C0790CB460798B042FFF46FAF00BF55
:1066E00010AADDE91301FEF7BDFD0998FEF78EFD46
:1066F000099804F01BFD204604F018FD13990C982E
:10670000886000BF3FE600006482040870B504465C
:106710000D461646324629462046F1F727FC3246FA
:1067200029462046EBF7F6F8324629462046EBF795
:10673000E6FA324629462046EBF7FDFB324629466B
:106740002046EFF7C1FF70BD704770B5044600BF2B
:1067500000BF0121204606F0C0F825464FF6FF7025
:1067600068870121686A05F0FBFA00222021204693
:1067700000F05CFC70BD00002DE9F04180460C4645
:106780002546002045F8240FE86018A0A8600020E6
:106790006860287E20F0100010302876287E20F0D7
:1067A00020002030287600206882A8824FF6FF70F3
:1067B000E88200202882287E20F00F00083028760A
:1067C0004FF48061204605F0CBFA09A1204600F085
:1067D0004CFB204606F0DCFE074600F047F9286037
:1067E00055F824697462BDE8F0810000EF81B800BB
:1067F0004F7074696F6E20310A4F7074696F6E202C
:10680000320A4F7074696F6E2033000070B5044611
:1068100000BF00BF2146044805F045FF0546284655
:1068200005F0B6FF284670BD44FF040870B5064663
:106830000D462C46606A20B1606A06F0E3F800203D
:10684000606294F83C00C0F3001020B9206B04F0A3
:1068500085FC0020206370BD2DE9F84F894649462C
:10686000584806F003FD8046B8F1010F01D0BDE89D
:10687000F88F484600F073FB0546484600F0D0FB11
:1068800007463C460E2D1BD1384606F01FFE8346B8
:10689000584601F0A3F9064602F050FC009002F0C1
:1068A000A2FC8246BAF1040F09D11EB1384600F0AD
:1068B00033F904E0208FE0863846FFF746FF7FE09B
:1068C0000F2D01D0102D03D13846FFF73EFF77E0A2
:1068D000082D07D13846E8F752FC8046B8F1010F81
:1068E0006ED0C4E72A2D03D1384609F049FD67E090
:1068F000292D03D1384609F043FD61E02C2D0DD13F
:10690000484600F08AFB06460021384608F029FA7E
:106910008246504600F0E6FC708051E00D2D4AD1D1
:10692000484600F07AFB0678132E01D0122E13D1C0
:10693000384600F08EF818B9384600F0EDF839E026
:10694000E08E401CA18E884234DAE08E401CE08646
:10695000384611F0F8FA2DE0142E01D0112E11D185
:10696000384600F076F818B9384600F0D5F821E03E
:10697000E08E00281EDDE08E401EE086384611F0D5
:10698000E2FA17E01B2E05D1208FE0863846FFF78C
:10699000DCFE0FE00A2E0DD102F0E4FB8246BA4580
:1069A00007D03846E8F7EBFB8046B8F1010F00D07E
:1069B0005DE700BF04E0152D02D14846EEF7ECFD7F
:1069C00000BF54E744FF0408014600BF00BF0A4669
:1069D000D08E70472DE9F05F81460F46924600BF8A
:1069E00000BF4D464FF0000B286B20B1286BD9F744
:1069F00032FF804603E000203870BDE8F09F00249D
:106A000006E0286B005D0A2801D10BF1010B641C24
:106A1000444502D2288F5845F3D100260EE0BAF142
:106A2000000F06D0AAF10100B04202D800BF00BF9B
:106A30000AE0286B005DB855761C641C444503D2FF
:106A4000286B005D0A28EAD100BF0020B85500BFBE
:106A5000D3E770B5044600BF00BF25460121686A30
:106A600008F036FB80F0010070BD000070B50446F0
:106A700000BF00BF2146044805F015FE0546284624
:106A800005F086FE284670BD60FF04082DE9F05F22
:106A900083468846404600F062FA0446182C08D027
:106AA00041461C4806F0E2FB0546012D01D0BDE839
:106AB000F09F404600F0B4FA0646D6F824904F46C0
:106AC000082C09D102F03AFB824602F07CFBF8B9AF
:106AD0003046F8F70FFD1BE0012C03D13046F8F7E4
:106AE000E4FC15E0092C06D14FF6FF70788730469C
:106AF00008F08BFE0CE0182C0AD14046EEF7E2FAC3
:106B00004146044806F0B2FB0546012D00D0CEE711
:106B100000BFCCE760FF04082DE9F04F87B00546C1
:106B200000BF00BF2C460121284605F056F9284633
:106B300006F02EFD83465946606A0AF03FF84FF092
:106B4000FF31606A09F02FF80121606A05F084FEC8
:106B500000221F21284600F069FA2846F5F7CBF9F4
:106B60000690216B069803F0ACFF42F2D171606A87
:106B70000AF025FC06980AF075FC606A08F04BFAEA
:106B80008346284608F047FA834513DC94F83C0016
:106B900000F00F00042805D094F83C0000F00F002E
:106BA000082807D1284608F036FA83465946606A15
:106BB0000AF005FC069806F093FC05900021606A37
:106BC00007F0FAFB81460021606A07F0BCFF4844E9
:106BD00001B204910020D4F824B0029041F61102D1
:106BE0005846029907F0F0FF01900198484400B21E
:106BF0000390DDE904100144039808440FFA80F87B
:106C0000464694F83C0000F00F0794F83C0000F072
:106C10000F00082824D1FCF713FC8346FCF78EFCF8
:106C2000B5F91A10314488423CDAFCF709FC834676
:106C3000FCF784FCB5F91A10411AB5F91600814227
:106C400004DA0427E88A401E06B22BE0FCF7F8FBC2
:106C50008346FCF773FC698B401A401E06B221E0A4
:106C600094F83C0000F00F0004281BD1B5F9160081
:106C7000801B17D5FCF7E4FB8346FCF75FFCB5F9F6
:106C80001A10411AB5F91600814209DD0827FCF7F0
:106C9000D7FB8346FCF752FC698B401A06B201E031
:106CA000B5F91660464500DD46463146606A09F092
:106CB00048FF284611F047F9082F08D1002000901E
:106CC00000230D222946606A05F00AF91FE0042F0F
:106CD00008D10020009000230A222946606A05F0AE
:106CE000FFF814E0012F08D10020009000231022AB
:106CF0002946606A05F0F4F809E0022F07D1002068
:106D00000090002313222946606A05F0E9F8606AC2
:106D10000AF0A8FB94F83C0000F00F00012805D011
:106D200094F83C0000F00F0002281FD1606A08F0C0
:106D30009EF90290606A08F0BDF98346FCF780FB7B
:106D40000190FCF7FBFB58450FDCFCF779FB00904A
:106D5000FCF7F4FBABEB00010298401A401E00B2B6
:106D60000190606A01990AF05CFB00BF0021226B70
:106D7000069805F033FC82465046BAF1010F04D064
:106D8000022810D0032807D000BF00231A46012193
:106D9000069805F093F80DE000231A4603210698A3
:106DA00005F08CF806E000231A460921069805F044
:106DB00085F800BF00BF07B0BDE8F08F2DE9F041B6
:106DC00007460D4600BF00BF00BF1DB900BF00BF92
:106DD00000BFFEE700BF3C460020A086002606E07C
:106DE000A85D0A2802D1A08E401CA086761CA85D52
:106DF0000028F5D1A08E401CA0860020E0862087C8
:106E00002846D9F728FD00F10108206B48B194F815
:106E10003C00C0F3001020B9206B04F09FF9002063
:106E20002063404604F0CCF8206300BF206B18B903
:106E300000BF00BF00BFFEE700BF206B08B9BDE880
:106E4000F0812946206BD9F7E2FC94F83C0020F051
:106E5000100084F83C00384608F0D7FC606A10B196
:106E6000606A08F0D2FC00BFE9E72DE9F04107466F
:106E70000D4600BF00BF00BF1DB900BF00BF00BF6F
:106E8000FEE700BF3C460020A086002606E0A85D85
:106E90000A2802D1A08E401CA086761CA85D00287E
:106EA000F5D1A08E401CA0860020E086208794F8B3
:106EB0003C00C0F3001030B9206B20B1206B04F00F
:106EC0004DF90020206394F83C0020F010001030B1
:106ED00084F83C002563384608F097FC606A10B1DE
:106EE000606A08F092FCBDE8F08170B506460D4678
:106EF00000BF00BF3446E08EA84200D170BDA08E16
:106F0000A84201DD284601E0A08E401EE086E08E0A
:106F10002087304608F079FC00BFEFE770B50546E2
:106F20000C464FF48061204605F096FC0421204673
:106F300005F092FC4FF40031204604F011FF0121CE
:106F4000204604F00DFF204602F00CFD70BD30B568
:106F500004460B46586A02460025556230BD01467C
:106F6000087A20F08000704701464868704700B5F5
:106F70000246107A15280ED0107A14280BD0107AF9
:106F8000162808D0107A182805D0107A172802D0B1
:106F9000107A192803D1104600F03FF800BD00BF59
:106FA00000BF0020FAE700B50246107A01282CD075
:106FB000107A022829D0107A032826D0107A0428C3
:106FC00023D0107A052820D0107A06281DD0107AF8
:106FD00007281AD0107A082817D0107A092814D058
:106FE000107A0A2811D0107A0B280ED0107A0C28AB
:106FF0000BD0107A0D2808D0107A0E2805D0107A00
:107000000F2802D0107A102803D1104600F005F89E
:1070100000BD00BF00BF0020FAE7014608697047C5
:107020000146086870470146C8687047F0B587B0E8
:1070300004460D46164614B9012007B0F0BD00BF46
:1070400000BF009401948DF808500020039004962E
:107050009DF8180020F001008DF818009DF8180028
:1070600020F004008DF818009DF8180020F00200B0
:107070008DF818000748006805900649C1F800D04F
:107080006846F2F798FF07460249059808603846B7
:10709000D3E70000A400002010B503460C46187A80
:1070A00013280DD11846FFF7B8FF0246B2F90000C9
:1070B000A04202DDB2F9000000E02046108001E0AD
:1070C00000BF00BF10BD10B500F004F800F05EFC7A
:1070D00010BD000010B500210D4803F011FD0D4951
:1070E00008600CF0C1F80C4908800CF0BDF840F4C1
:1070F00080500A4908800CF0B7F840F480500849E5
:1071000008800CF0B1F840F480500649088010BDAA
:10711000B1AE0108E8000020EC000020EE000020E5
:10712000F0000020F20000202DE9F04106460F4655
:10713000092F00D12027346939463046F4F7FEFB89
:10714000054615B90020BDE8F081606800EBC50870
:10715000608A800B30B92068D8F80010C1F31301A1
:107160000844F0E700BF00BF0020ECE770B504461C
:107170000D4600BF1CB900BF00BF00BFFEE700BF47
:10718000294620466268904770BD2DE9F0470646C3
:107190000D469046994600BF1EB900BF00BF00BF14
:1071A000FEE700BF00BF1DB900BF00BF00BFFEE784
:1071B00000BF00202860344600270FE04B464246BF
:1071C00029462046D4F800C0E04707462FB1A87BE7
:1071D000C0F3001008B92C6002E06469002CEDD106
:1071E00000BF3846BDE8F0872DE9FF4F83B00C465D
:1071F00091464FF0000AB9F1090F03D14FF0200971
:107200004FF0010A0398066949460398F4F796FB84
:1072100007461FB9002007B0BDE8F08F4FF0000B04
:10722000F06868B106990398F4F788FB019001981B
:1072300028B13946019A0398F4F70CFD834600BF44
:10724000706800EBC705308A00FB0BF0001102905C
:1072500028684FEA1058BAF1000F01D04FEA4808E9
:107260000298804408F108004FEA1018A4F804803E
:10727000687920812879E08095F90600608195F988
:107280000700A081708A400AA17B60F30301A1730B
:10729000A07B20F01000A073BAF1000F05D0E088A9
:1072A0004FF6FF7101EA4000E0800120B3E72DE9CD
:1072B000FF4105460E46174600BF1DB900BF00BF7F
:1072C00000BFFEE700BF3B46324669462846FFF74F
:1072D0005CFF044624B1BDF8040004B0BDE8F081B1
:1072E0000020FAE70146B1F9080070470146B1F9FC
:1072F000080070470146B1F9080070470146B1F92E
:107300000800704770B50446606808B90B2070BD6E
:107310006068C06808B90920F9E7D4E90010C268BC
:10732000904705466068408858B1A06848B1A06899
:10733000C06818B1A168C86803F010FFA06803F026
:107340000DFF002020606060A0602846DFE700009D
:1073500070B505460948E5F7C4FF04460AE0206811
:107360000078A84201D1206870BD21460348E5F7A6
:10737000D0FF0446002CF2D10020F5E7580C002085
:1073800070B505462846D9F766FA04460EE0285D32
:107390002E2802D1601C284470BD285D2F2802D001
:1073A000285D5C2801D103A0F6E7641E002CEED115
:1073B00000A0F1E700000000401C01783A2900D14C
:1073C000401C70472DE9F04705460F46914627B906
:1073D00000BF00BF0B20BDE8F08797F80080404653
:1073E000FFF7B6FF04461CB900BF00BF0320F2E759
:1073F000606838B120466168884718B900BF00BF8F
:107400000120E8E7A06818B900BF00BF0920E2E743
:107410003846FFF7D1FF82464A4651462046A368C8
:10742000984706460EB1701C08B90C20D3E76C6073
:107430002E60608878B1102003F0C2FDA86000BF04
:10744000A86818B900BF00BF00BFFEE700BF102149
:10745000A86804F09AF80020BDE72DE9FC41044635
:107460000F4690461D460DB100202860606810B997
:107470000B20BDE8FC816068006908B90920F8E7C5
:10748000002001906068408838B101AB424639461F
:10749000204600F011F8064609E001A80090D4E962
:1074A000001043463A46D0F810C0E04706460DB1FA
:1074B000019828603046DCE72DE9F04F87B004469C
:1074C0000F4615469A4600200690A068D0F808B0EE
:1074D000A06800680590A06840680490A068D0F893
:1074E0000C806068B0F80290059858454AD8049816
:1074F000834547D20598ABEB000080B20390039818
:10750000A9EB000086B2B54207D8039808EB00014A
:107510002A46384603F0ABFE33E0039808EB00013F
:107520003246384603F0A3FE4D450AD9AB1BBA19C3
:10753000CDF800A0D4E90010D0F810C0E0470690C4
:107540001FE00020029002A80090D4E900104B46F2
:107550004246D0F810C0E0470690A0684068401C42
:10756000A1680860A068006802990844A1684860A2
:10757000A81B80B20190B8194146019AD9F78AF93F
:1075800000BF39E04D4509D9CDF800A0D4E900107D
:107590002B463A460669B04706902DE0B8F1000F39
:1075A00010D1484603F00CFDA168C86000BFA06878
:1075B000C06818B900BF00BF00BFFEE700BFA068E9
:1075C000D0F80C800020039003A80090D4E90010AC
:1075D0004B4642460669B0470690A068C0F800B026
:1075E000A068006803990844A16848602A4641469B
:1075F0003846D9F74FF900BF069830B9CAF800509D
:10760000A06880682844A1688860069807B0BDE833
:10761000F08FF8B504460D461746606808B90B2090
:10762000F8BD6068806908B90920F9E7002660683C
:10763000408800284ED027B1012F1AD0022F48D100
:1076400032E0A0688560A0688068A1680968884207
:1076500005D3A0688068A1684968884208D9A368F2
:107660009A68D4E900100023D0F818C0E047064615
:107670002FE0A06880682844A1688860A0688068BE
:10768000A1680968884205D3A0688068A168496834
:10769000884208D9A3689A68D4E900100023D0F87A
:1076A00018C0E047064614E0D4E900103B462A46DD
:1076B000D0F818C0E047064656B9D4E900106A462B
:1076C000C3699847064616B90098A168886000BF4C
:1076D00000BF07E0D4E900103B462A46D0F818C0A6
:1076E000E047064630469BE770B50546E6F732F9B7
:1076F0000446206868B12068806A50B102E02068C2
:10770000816A88470848006800F001000028F6D127
:1077100006E000BF0448006800F001000028F9D12D
:107720002846FFF711F870BD00B002402DE9F04F78
:1077300087B004460E461746A07870434FEA202AC9
:10774000574507DC20880690BDF81810084607B09A
:10775000BDE8F08F207A401E04EB800080787043F3
:107760004FEA202B5F4509DB207A401E04EB8000A6
:1077700000880690BDF818100846E8E7002003903E
:1077800001252AE004EB8500807870430012019007
:10779000019887421FDC681E04EB8000008800907F
:1077A000FBF7E4F9059004EB850000880090FBF7F7
:1077B000DDF90490681E04EB8000807870434FEA86
:1077C000202A04EB8500807870434FEA202BABEB36
:1077D0000A00039004E0681CC5B2207AA842D1DCFC
:1077E00000BFA7EB0A0007B2C7EB0721039891FB84
:1077F000F0F000F0FF08C8F1FF099DF8100010FB41
:1078000008F09DF8141011FB090000EBC01101EB0A
:10781000C030800EBDF8081060F3040102919DF89D
:10782000110010FB08F09DF8151011FB090000EB8A
:10783000C01101EBC030400EBDF8081060F34A11D2
:1078400002919DF8120010FB08F09DF8161011FB34
:10785000090000EBC01101EBC030800EBDF808102C
:1078600060F3CF210291BDF8081008466FE710B50C
:1078700004466068C00F10B1204603F06FFC10BDD5
:107880002DE9FE4305460E461746687A00F00700CC
:1078900010B90020BDE8FE832848007828B90020F0
:1078A00000F050F8012025490870687A00F00700C0
:1078B000022801D1304600E0384680463246414633
:1078C0002846E9F729FC02900020019001AA02A9AC
:1078D0001B48F6F795FE01280AD101984068401C24
:1078E0000199496860F31D01019841600198D1E751
:1078F0003A4631462846E6F7DFFE0190019818B96E
:1079000000BF00BF0198C5E7002410E00198B0F95E
:107910000E1022462846FFF709FF00900198806864
:1079200000EB4400BDF800100180601C04B2019817
:10793000B0F90E00A042E9DC0198ABE7DC000020C2
:1079400033A7010810B504460D48006803F006FC93
:10795000204603F035FB0A4908600A49086000BF69
:107960000748006818B900BF00BF00BFFEE700BFAE
:1079700021460348006803F008FE0348046010BD78
:107980002C020020D8000020D400002010B50021D7
:10799000204803F0B5F8204908600BF065FC40F47E
:1079A00080501E4908800BF05FFC40F480501C4959
:1079B00008800BF059FC40F480501A4908800BF005
:1079C00053FC40F48050184908800BF04DFC40F403
:1079D0008050164908800BF047FC40F48050144951
:1079E00008800BF041FC40F48050124908800BF0F5
:1079F0003BFC40F48050104908800BF035FC40F40B
:107A000080500E4908800BF02FFC40F480500C4948
:107A1000088010BDB7C90108F8000020FC00002054
:107A200000010020FE000020020100200C010020C7
:107A30000A010020060100200401002008010020A6
:107A40000E0100202DE9F04107460C460FB9BDE8B4
:107A5000F08100BF00BF3846E5F743FC06460AE068
:107A60003068A04202D100BF00BFF0E7314638467F
:107A7000E5F74FFC0646002EF2D1204605F026FD24
:107A80008046B8F1000F0DD0A068806850B1A068A2
:107A90008068C0680068A04204D1404600F0B7F892
:107AA00000BF00BFA06810B9204604F053FCA068D6
:107AB00087603846E5F768FC054600BF1DB900BF82
:107AC00000BF00BFFEE700BF05B9C0E72C60384625
:107AD000E5F707FCA84202D1384600F098F800BF4D
:107AE00000BF00BFB3E7000010B50446024A0349D7
:107AF0002046F3F741FC10BD13D30008E3D2000881
:107B00002DE9F04106460EB9BDE8F081304605F09A
:107B1000DDFC044604B9F7E7207E00F0010000B167
:107B2000F2E70021204600F0FCF82046E5F7D9FBFB
:107B300005463CE02868B04234D1E068B0B1E06866
:107B40000068B04212D02046F4F705F88046E1689C
:107B5000424608680F21FFF769FA0746012F00D057
:107B6000D2E7E168086807F050FE00BFE560E06812
:107B7000B8B1206910B12046216988472046F3F743
:107B8000EAFF8046E168424608680E21FFF74EFA98
:107B90000746012F00D0B7E7E168086807F035FE17
:107BA00000BF06E029462046E5F7B3FB0546002D59
:107BB000C0D100BF00BFA7E710B50446024A034981
:107BC0002046F3F7D9FB10BD21D300082DD30008C0
:107BD0000148006870470000AC000020014609B968
:107BE00000207047087EC0F34000FAE7014609B95B
:107BF00000207047C86808B90020FAE7C868006824
:107C0000F7E710B504462046E5F771FB10BD70B5E7
:107C10000446207EC0F3C005207E20F00800083016
:107C20002076207EC0F3800018B92046FFF75CFF65
:107C300006E0207EC0F3800010B12046FFF7BCFFB5
:107C4000207E65F3C300207670BD2DE9F041054626
:107C5000284605F03BFC04460CB9BDE8F08100BFA6
:107C600000BFE06808B3E0680068A84221D1207E28
:107C700000F0010018B1207E20F00100207620469F
:107C8000E5F72FFBE168884210D12046E5F74EFB6F
:107C9000E16888420AD12046F3F75DFF0746E168B4
:107CA0003A4608680F21FFF7C1F902E02046FFF7C6
:107CB000AEFFE06828B1E0680068A84201D100206A
:107CC000E0602046E5F70DFB064614E03068A84268
:107CD0000CD131462046E5F783FB304603F03EFAEF
:107CE000A86810B10020A968886006E031462046E7
:107CF000E5F70FFB0646002EE8D100BF00BF00BF2E
:107D000000BFAAE773B505462846FFF76FFF044694
:107D10000CB901207CBD01AA0D212046FFF786F990
:107D2000F8E72DE9F04704460D460CB9BDE8F087A9
:107D30002E46207EC0F340003546A84200D1F5E72C
:107D4000207E66F3410020762046FFF74FFF07466E
:107D500097B12046F3F7FFFE8146E1684A4608687E
:107D60000E21FFF763F98046B8F1010F00D0DDE77F
:107D7000384607F04AFD00BF00BFD7E72DE9FF43B3
:107D800003469C68187800F01F0005280DD118687C
:107D9000C0F38A20504300EB400001EB41068519F7
:107DA000A81C205C04B0BDE8F083187800F01F0028
:107DB0000B281BD101F00705C9101868C0F38A20F1
:107DC000C01DC01000FB0216A05DC5F107084FF0F2
:107DD000010C0CFA08FC00EA0C00C5F1070C40FA93
:107DE0000CF70FB10020DDE7FF20DBE7187800F08B
:107DF0001F000C281CD12CA0006803908807450F99
:107E000089101868C0F38A20C01C801000FB02167D
:107E1000A05DC5F106084FF0030C0CFA08FC00EA5F
:107E20000C00C5F1060C40FA0CF703A8C05DB9E7D9
:107E3000187800F01F000D2826D10FF27009D9E93B
:107E400001C8D9F80000D9F80C90CDE901C8CDF8E7
:107E50000C900090C807450F49101868C0F38A209D
:107E6000401C401000FB0216A05DC5F104084FF055
:107E70000F0C0CFA08FC00EA0C00C5F1040C40FAE7
:107E80000CF71DF807008DE7187800F01F000E288A
:107E900006D11868C0F38A2000FB0215605D81E7F7
:107EA00000BFFF207EE700000055AAFF001122332B
:107EB000445566778899AABBCCDDEEFF2DE9FF43D8
:107EC00083B004460D46174600BF00200146024617
:107ED0004FEAD20CBDF800306CF304034FEA910C6A
:107EE0000093BDF800306CF34A134FEAD00C0093B6
:107EF000BDF800306CF3CF230093BDF800C063469B
:107F00000193BDF8041008460290A668207800F09E
:107F10001F00042809D0207800F01F00062804D094
:107F2000207800F01F00052815D1217801F01F00EE
:107F300000F090F84FEAE0082068C0F38A20784308
:107F400000FB08F005FB080906EB0901022202A864
:107F500003F0C9FA78E0207800F01F00072816D156
:107F6000083605F00700ED102268C2F38A22D21D00
:107F7000D21002FB0751725CC0F1070C012303FA17
:107F80000CF31A40C0F107031A4102925CE020781A
:107F900000F01F00082816D11036AA07500FAD10A8
:107FA0002268C2F38A22D21C921002FB0751725C33
:107FB000C0F1060C032303FA0CF31A40C0F10603C8
:107FC0001A41029240E0207800F01F00092816D1E3
:107FD0004036EA07500F6D102268C2F38A22521C05
:107FE000521002FB0751725CC0F1040C0F2303FA1C
:107FF0000CF31A40C0F104031A41029224E02078E5
:1080000000F01F000A2809D106F580662168C1F337
:108010008A2101FB0750315C029115E0207800F0C5
:108020001F000B280ED0207800F01F000C2809D06C
:10803000207800F01F000D2804D0207800F01F00E9
:108040000E2801D106980290BDF80810084607B026
:10805000BDE8F083014600200F291DD2DFE801F0C2
:1080600008091C1C0B0E0C101316191114171A00FA
:1080700000BF002012E000BF10200FE018200DE02C
:1080800000BF01200AE000BF022007E000BF04207B
:1080900004E000BF082001E0002000BF00BF7047DF
:1080A000014600208A1E0D2A13D2DFE802F00812D2
:1080B000120712090A0B0C0D0E0F100000BF00BFB3
:1080C00000BF00BF00BF00BF00BF00BF00BF012056
:1080D00001E0002000BF00BF7047014600200329D7
:1080E00002D0062902D100BF012001E0002000BF1C
:1080F00000BF704770B506460C462546002045F87F
:10810000240F287D20F00300C01C2875287D20F056
:108110007C002875204606F07EFF2881204605F069
:10812000DFF968810020A8814FF480706882287D83
:1081300020F08000803028750020A880243D002198
:1081400069856886A98685F839000221204604F0F1
:1081500083FB4FF48031204603F002FE70BD000027
:1081600070B5044600BF00BF2146044804F09BFAE6
:108170000546284604F00CFB284670BD7CFF040829
:1081800070B506460D466C6AA4B1287C012802D160
:108190002046FFF7B7F8E06810B1E06802F0DEFFB4
:1081A000206910B1206902F0D9FF204602F0D6FF05
:1081B0000020686270BD00002DE9FF4781460D4632
:1081C0001446284600F05AFF0746E7B9287800F021
:1081D0001F01042901DB0E2903DD002004B0BDE8E6
:1081E000F0872868820A206862F39420206028685B
:1081F000420D206862F35F5020602878226860F3A7
:108200000402226049E0012F30D12846FFF7B8F878
:10821000804623A1D8F732FC08B10020DEE7022215
:10822000294601A8FFF7CEF8064696B96B46042208
:10823000214601A8FFF711F9064601A8FFF762F8E9
:1082400016B90098042803D000BF00BF0020C5E77E
:1082500000BF207800F01F00042804DB207800F025
:108260001F000E2801DD0020B8E716E0022F10D114
:108270000121206861F3942020602068C0F314007D
:1082800000F500102060206820F01F000B302060F7
:1082900003E000BF00BF0020A0E701209EE7000030
:1082A00062696E002DE9FF4F8DB004460D46914680
:1082B0006BA000680C906BA000680B906AA30FCBBA
:1082C00007AE0FC620890690002610E0BDF8180002
:1082D000C1B206EB46021A988154BDF81800020A92
:1082E00006EB4600401C1A990A54701C06B21098FE
:1082F0008642EBDB00200590217D01F01F00FFF797
:10830000A9FE8246012101FA0AF0401E80B20490C3
:1083100000274FF0000800200390207D00F01F0090
:108320000B2806D00C2816D00D2827D00E2841D1B6
:1083300037E06069C0F38A20C01DC71007FB09F051
:1083400000EBE500804405F00700C0F10700039052
:108350000CA805902EE06069C0F38A20C01C87102D
:1083600007FB09F000EBA500804405F0030006219F
:10837000A1EB400003900BA805901BE06069C0F3DF
:108380008A20401C471007FB09F000EB6500804481
:1083900005F001000421A1EB8000039007A80590DF
:1083A00008E06069C0F38A2707FB09508044002079
:1083B000039000BF00BF606A0290384602F03AFEA8
:1083C0008346BBF1000F03D1002011B0BDE8F08F50
:1083D00000200190207C20B96068816841440191AF
:1083E0000DE0002208F104010298FFF712F90023C2
:1083F0003A4659460298FFF730F8CDF804B0002607
:1084000025E001990978039A1141049A01EA0200D2
:10841000217D01F01F010E2901D1024601E00599DD
:108420000A5C06EB4601891C1A9B5A540399A1EB7E
:108430000A0149B203910399002906DACAF1080139
:1084400049B203910199491C0191701C06B2109820
:108450008642D6DB584602F069FE0120B5E70000EF
:1084600000FF00000055AAFF001122334455667733
:108470008899AABBCCDDEEFF2DE9FF4F85B00446FD
:108480000E469146217D01F01F00FFF7E3FD0490A9
:108490000121049801FA00F0401E80B203900027E9
:1084A000002002900025207D00F01F00072806D044
:1084B000082815D0092825D00A2840D134E0606961
:1084C000C0F38A20C01DC71007FB09F000EBE600CF
:1084D0000544083506F00700C0F1070002902EE0C1
:1084E0006069C0F38A20C01C871007FB09F000EB0D
:1084F000A6000544103506F003000621A1EB40005C
:1085000002901CE06069C0F38A20401C471007FB02
:1085100009F000EB66000544403506F00100042137
:10852000A1EB800002900AE06069C0F38A2707FB94
:108530000960054405F580650020029000BF00BF7A
:10854000D4F824B0384602F075FD8246BAF1000F27
:1085500003D1002009B0BDE8F08F00200190207CFD
:1085600020B960688168294401910CE00022291D2E
:108570005846FFF74EF800233A4651465846FEF754
:108580006CFFCDF804A04FF0000837E0019909789E
:10859000029A1141039A01EA0200DBF80C1001EB88
:1085A000400109880091BDF80010CAB208EB4803E9
:1085B0001299CA54BDF800100B0A08EB4801491C77
:1085C000129A5354DBF810100B5C08EB4801891C1D
:1085D000129A5354049A0299891A49B20291029943
:1085E000002907DA0499C1F1080149B20291019901
:1085F000491C019108F101000FFA80F808988045A4
:10860000C4DB504602F092FD0120A3E72DE9FC5F98
:1086100004460E4617469846606A0190217D01F097
:108620001F00FFF717FD82466069C0F38A2007FB31
:10863000006000FB0AF04FEAE00B0BF1040B002294
:1086400059460198FEF7E5FF8146B9F1000F04D0C5
:1086500000BF00BF0020BDE8FC9F4FEAEA0000FB1E
:1086600008F5002000906B462A460C990198FEF709
:10867000F4FE8146B9F1000F02D10098854203D083
:1086800000BF00BF0020E6E70120E4E72DE9FE4F30
:1086900082460C46207C012843D16068FEF770FEBC
:1086A000804680A1D8F7EAF910B10020BDE8FE8F1E
:1086B000022268466168FEF785FE06461EB100BFCD
:1086C00000BF0020F2E7606AC0B9142002F078FC15
:1086D000606200BF606A18B900BF00BF00BFFEE75C
:1086E00000BF606A30B900BF00BF6846FEF70AFEEF
:1086F0000020DBE71421606A02F047FF676A384612
:108700006A460C210346944607E09CF8008083F8F3
:1087100000805B1C0CF1010C491E0029F5D100BF43
:1087200006E0207C20B96068806808B90020BDE7B9
:10873000207D00F01F05042D03D0052D01D0062D4E
:1087400008D1207C20B960688068A0610120ADE775
:108750000120ABE7072D05D0082D03D0092D01D04E
:108760000A2D70D12846FFF775FC8346012000FAD8
:108770000BF8606AA8B9142002F022FC606200BF06
:10878000606A18B900BF00BF00BFFEE700BF606AA3
:1087900018B900BF00BF002088E71421606A02F00A
:1087A000F4FE666A4FEA480002F00AFCF06000BF7F
:1087B000F06818B900BF00BF00BFFEE700BF404629
:1087C00002F0FEFB306100BF306918B900BF00BF86
:1087D00000BFFEE700BFF06808B1306938B900BFDC
:1087E00000BF21465046FFF7CBFC00205EE7207C0F
:1087F000012823D1002204213046FEF70AFF00277A
:1088000019E00023042202A93046FEF726FE9DF857
:1088100008209DF809109DF80A00F9F7EFFF019074
:10882000F06800EB4700BDF8041001809DF80B00D4
:108830003169C8557F1C4745E3D31FE06068D0F815
:108840000890002717E01BE019F8272009EB8703A1
:10885000597809EB87039878F9F7D0FF0290F06810
:1088600000EB4700BDF80810018009EB8700C078D5
:108870003169C8557F1C4745E6D300BF012015E785
:108880000B2D05D00C2D03D00D2D01D00E2D01D1B7
:1088900001200BE721465046FFF772FC00BF00BFE6
:1088A000002003E762696E002DE9F84F82460C460E
:1088B00016461F46DDE90A854FF00009207D00F0CD
:1088C0001F00042809D0207D00F01F00052804D0D7
:1088D000207D00F01F0006280BD1207C012847D105
:1088E00043463A46314620460095FFF78FFE8146C3
:1088F0003EE0207D00F01F000B280ED0207D00F010
:108900001F000C2809D0207D00F01F000D2804D086
:10891000207D00F01F000E2808D143463A4631461C
:1089200020460095FFF7BEFC814621E0207D00F047
:108930001F0007280ED0207D00F01F00082809D056
:10894000207D00F01F00092804D0207D00F01F00CA
:108950000A2808D143463A46314620460095FFF79B
:108960008BFD814604E000BF00BF0020BDE8F88F0A
:108970004846FBE710B50446206870B12068C0681F
:1089800018B120682146C2689047207C012804D194
:10899000606802F0E3FB0020606010BD10B50A487B
:1089A000E4F7D2FC044600BF1CB900BF00BF00BF03
:1089B000FEE700BF0CB9002010BD1421204602F0D4
:1089C000E4FD2046F8E700007C0C00202DE9F04192
:1089D00005460E460421304602F0D7FD15B90020A9
:1089E000BDE8F081284600F049FB07462FB929462B
:1089F000886808B90020F3E700BF4FF000080D4871
:108A0000E4F76FFC044610E0206848B1324629467E
:108A10002046236898478046B8F1010F00D106E050
:108A200021460448E4F775FC0446002CECD100BF55
:108A30004046D5E77C0C00202DE9FF4704460E4652
:108A400099462821204602F0A0FD1EB9002004B05E
:108A5000BDE8F087304600F011FB07462FB93146DC
:108A6000886808B90020F2E700BFBDF8080020813F
:108A70002774C4F80C90207C01281BD13046D7F70E
:108A8000EAFE82460AF1010002F09AFA606000BF35
:108A9000606818B900BF00BF00BFFEE700BF606894
:108AA00018B900BF00BF0020D1E731466068D7F792
:108AB000AEFE00E066604FF000081D48E4F711FCD0
:108AC00005462AE0286808B1686800B920E004F18A
:108AD0001402314628462B6898478046B8F1010FAA
:108AE00000D015E02560214628466A6890478046F8
:108AF000B8F1010F01D14046A9E7042104F11400A7
:108B000002F043FD00202062A0616062E06100BFCE
:108B100029460748E4F7FDFB0546002DD2D1207C0D
:108B2000012802D1606802F019FB40468FE700007F
:108B30007C0C00202DE9FC4704460D4616461F46D6
:108B4000DDF828804FF000092068806848B1CDE941
:108B50000078206833462A462146D0F808C0E0470E
:108B600081464846BDE8FC87C16070470160704798
:108B7000416070478160704770B506460D462C46CF
:108B800094F8380000F00300012805D094F838006C
:108B900000F0030002280BD1606A02F0DFFA002027
:108BA000606294F8380020F00300C01C84F838009C
:108BB00070BD00002DE9F34F85B00698FEF7CFF9A0
:108BC0000646152E0CD0182E0AD0A248069904F09D
:108BD0004DFB0546012D02D007B0BDE8F08F00BF68
:108BE0000698FEF71DFA804644462A2E0ED194F8C8
:108BF000380000F00300022804D14046616A00F00A
:108C000058F925E1404607F08CFB21E1132E7AD17B
:108C10000698FEF702FA05460021404606F093F951
:108C20008146E08E00FB09F000120FFA80F9002166
:108C3000404606F047F98246208E50440FFA80FAEB
:108C4000BAF1000F02D1B9F5807F5BD0404606F043
:108C5000E2F98346404604F043FC029004F13200FE
:108C60001FFA89F15346CDE90010594603A8029A2C
:108C7000E3F78AFBB5F90070B5F90000BDF90C10F7
:108C8000791A884202DDB5F9000002E0BDF90C0056
:108C9000381A00B22880B5F90000BDF90E10791A13
:108CA000884202DDB5F9000002E0BDF90E00381A75
:108CB00000B22880B5F90000BDF910103944A1EBCD
:108CC0000B01884202DDB5F9000004E0BDF9100097
:108CD0003844A0EB0B0000B22880B5F90010BDF9B4
:108CE0001200C2190298101A814203DDB5F9000082
:108CF00005E008E0BDF91200C1190298081A00B297
:108D0000288000BFA4E0112E75D10698FEF785F9E2
:108D100005460021404606F016F90746E08E7843E6
:108D2000001207B20021404606F0CCF88146208EA2
:108D300048440FFA80F9404606F06DF9B4F92C105A
:108D4000884259D1404604F0CBFBB4F92E1088423A
:108D500052D1B7F5807F14D1B9F1000F11D1B4F918
:108D60002CB00BEBDB704010B4F93210884208D104
:108D7000B4F92EA00AEBDA704110B4F93400814244
:108D80003AD0404606F047F98246404604F0A8FB38
:108D9000834604F13200B9B24B465A46CDE9001081
:108DA000514603A8E3F7F0FABDF80C00B8F8141028
:108DB000084400B2ADF80C00BDF80E10B8F816006B
:108DC000084400B2ADF80E00BDF81000B8F8141059
:108DD000084400B2ADF81000BDF81210B8F8160043
:108DE000084400B2ADF81200002203A82968E3F796
:108DF00038F828710BE00BE003A9404604F083FA31
:108E0000002203A82968E3F72CF8287100BF1FE0AF
:108E10002C2E14D10698FEF700F9054694F8390077
:108E200000F00300012805D1404600F015F8049039
:108E3000286003E0A08D2880E08D688008E0152E72
:108E400003D0182E01D0122E02D10698EAF7CCFBDF
:108E500000BFC1E67CFF0408F0B585B00446254696
:108E60000021204606F06FF80646E88E7043061291
:108E70000021204606F026F80746288E074405F113
:108E80003200B1B2CDE90010B5F92E20B5F92C10A1
:108E90003BB202A8E3F778FA02A8F7F733FBADF884
:108EA000100002A8F7F79FFAADF81200049805B079
:108EB000F0BD2DE9F04F85B00546884600BF00BFE4
:108EC000284606F0A2FC404600F0D8F806462C469C
:108ED000032E1CD100BF00BF94F8380000F003003F
:108EE000022805D094F8380000F00300012802D1D0
:108EF000606A02F033F90020606294F8380020F0D4
:108F00000300C01C84F8380005B0BDE8F08F04A948
:108F10004046FFF75BFD8EB994F8380000F003007F
:108F2000012805D094F8380000F00300022802D18F
:108F3000606A02F013F9C4F8248034E0012E01D0F5
:108F4000022E30D1606A40452DD04FF0000994F8D0
:108F5000380000F00300012805D094F8380000F034
:108F60000300022801D1D4F824904046D7F773FCBF
:108F700000F1010A504602F023F8074600BF1FB96E
:108F800000BF00BF00BFFEE700BF07B9BCE7414616
:108F90003846D7F73CFC6762B9F1000F02D048466B
:108FA00002F0DCF800BF022E38D1002741F259420E
:108FB0003946284605F008FE02900298814600BF17
:108FC00041F25A423946284605F0FEFD02900298C9
:108FD00000B2824600BF41F25B423946284605F0A6
:108FE000F3FD0290029800B28346002041F6FF7123
:108FF00053464A46CDE900B10290414603A80CF021
:109000001BFCBDF80C10049861F394200490BDF88B
:109010000E10049861F35F50049000BF2C34207B45
:1090200066F3010020730498C0F38A20208004981E
:10903000400D6080217B049860F3860121730499C0
:10904000C1F38A2000EBD0714910E1802C3C0499D7
:10905000480D00EBD0714910A186284607F090F921
:10906000208E18B9E08EB0F5807F02D0284607F038
:1090700058F9284606F0C9FB00BF45E70146032022
:1090800001B970470A461378202B04DB13787F2B35
:1090900001DC012005E01378802B01DB022000E0D9
:1090A0000020032801D100BF00BF00BFE9E710B5D1
:1090B00004462021204602F068FA002020700A2091
:1090C000207660764FF4C870A0836420E08332205D
:1090D000E0760320A07610BD70B50546286910B96A
:1090E000FAF7AEF92861286918B900BF00BF00205F
:1090F00070BD1048E4F728F9044644B900BF1CB914
:1091000000BF00BF00BFFEE700BF0020F0E758210E
:10911000204602F03AFA2560607920F00200801CB7
:10912000607122461E2104480BF0F4FF216848615B
:109130002046DDE74C0C00201D9202080148006823
:1091400070470000B000002010B504461CB9044868
:10915000E4F7C7F810BD21460148E4F7DAF8F9E76B
:109160004C0C00200148006870470000B40000204B
:1091700018B900220A804A80704702681278012AD2
:1091800008D002681278032A04D04FF0FF320A8018
:109190004A8003E002890A8042894A8000BFEBE7E7
:1091A000014609B90020704708680078012805D0F9
:1091B00008680078032801D00020F4E791F8400007
:1091C00000F00F00EFE7014609B90020704708687A
:1091D0000078012805D008680078032801D0002015
:1091E000F4E7C86AF2E7014609B900207047086849
:1091F0000078FBE700220A804A8000B970470268C5
:109200001278012A03D002681278032A03D1828AD5
:109210000A80C28A4A8000BFF0E700007FB504469A
:109220004149E0680860084600680068006900B9C4
:109230007FBD3D480068F4F7FBFB3B480068407980
:10924000C0F3800000B1F3E700BF6946364800680C
:10925000E3F7CEFD9DF80F5033480068F4F7E8FBC4
:109260000020324908609DF80E002F4909680871F6
:109270002D4800680079012808D10BF0ECFE2A493E
:10928000096809680969C1F8540110E026480068B6
:109290000068007804280AD1BDF80C0038B10BF042
:1092A000DAFE2149096809680969C1F854011E48B4
:1092B000006800680078012805D169461A480068EE
:1092C000F4F77EF922E01848006800680078022868
:1092D00005D1694614480068F4F728F816E01248EA
:1092E000006800680078042805D169460E480068C7
:1092F000F3F75AFD0AE00C4800680068007803287C
:1093000004D1694608480068F3F77AFC064800680B
:10931000F4F78EFB002D98D1002003490860034923
:10932000086000BF84E70000B0000020B400002007
:1093300070B504460D4634B3607920F00200801CFD
:10934000607128480068A04202D1002026490860C8
:1093500020680078012803D020680078022840D1D6
:1093600015B1206BA84201D10021216315B1606ABB
:10937000A84201D10021616215B1A06AA84230D192
:109380000021A1622DE00020FFF7DEFE064622E06C
:10939000707920F00200801C70713068007801281C
:1093A00003D030680078022811D115B1306BA84283
:1093B00001D10021316315B1706AA84201D10021A9
:1093C000716215B1B06AA84201D10021B162304684
:1093D000FFF7BAFE0646002EDAD1002002490860E7
:1093E00000BF70BDB0000020B400002010B50446DE
:1093F000607920F0010161710BF02DFEA0640BF08B
:109400002AFE606410BD70B502460C460AB9002001
:1094100070BD032C04D00C2C05D1B2F9221004E04D
:10942000B2F9201001E00020F2E700BF1068457E8D
:10943000002308E0581803B2C5F1640048436426CD
:1094400090FBF6F001B20029F4D11846E0E72DE9CF
:10945000F0470446884600260121204605F038FEE4
:1094600010B10020BDE8F0874146204605F04FFED0
:1094700007460022414604F11400E2F7F2FC28B945
:109480004FF40021204605F023FEB0B1204603F042
:1094900030FF8146A9F101050CE0A068006850F892
:1094A00025A041465046FFF7D2FF06460EB1304692
:1094B000D8E76D1E002DF0DA00BF0FB12046D1E7CE
:1094C0000020CFE700B97047417921F00801083149
:1094D000417100BFF7E70000F8B52648007810B1E9
:1094E00000BF00BFF8BD00BF00BF01F04BFEE4F7B6
:1094F00047FAE2F739FFE2F783FBE2F73DFFFAF7BD
:109500000BFBFCF715F8E4F79FF84FF4AC711A4821
:10951000E3F712FF58211948E3F70EFFE4F720FAAA
:10952000E3F736FC16A52C462078C32804D16078D2
:10953000812801D1A07808B100BF00BF1148009078
:109540006E463078112801D1012000E00020074646
:1095500027B100BF00BF00BF00BFFEE700BF00BFD4
:10956000FDF7B1FD01200349087000BF00BF00BF37
:10957000B8E70000BC000020400C00204C0C00208C
:10958000C38100004433221170B506460C46042105
:10959000204603F061F925460020A86385F83C00C9
:1095A00085F83D0000231A460521204602F086FC7E
:1095B00000231C220649204602F08AFB00221146A5
:1095C000204607F0EAFC204600F07CF970BD000060
:1095D000D59502082DE9F04782465046FDF720FD5B
:1095E000074600BF00BF3C463846F7F739FE06463F
:1095F0004FF6FF718E4201D1BDE8F0873846F7F78C
:109600002FFE804641463846F7F7FAFD054605B974
:10961000F2E77FA12846D7F731FA68B9002084F82D
:109620003C007C4801683846F7F786FE7A480168B6
:109630003846F7F770FEDFE778A12846D7F71EFA1D
:1096400068B9012084F83C00724841683846F7F751
:1096500073FE714841683846F7F75DFECCE770A1AC
:109660002846D7F70BFA68B9022084F83C0069480D
:1096700081683846F7F760FE674881683846F7F733
:109680004AFEB9E767A12846D7F7F8F920B166A1E5
:109690002846D7F7F3F9B0B9002220213846FDF764
:1096A000C5FC8046B8F1010F00D0A5E7A06B48B11A
:1096B00000222021A06BFDF7B9FC8046B8F1010F14
:1096C00000D099E798E759A12846D7F7D7F9B0B95C
:1096D00000221F213846FDF7A9FC8046B8F1010F92
:1096E00000D089E7A06B48B100221F21A06BFDF7D5
:1096F0009DFC8046B8F1010F00D07DE77CE700BFFC
:10970000A06B00B978E74AA12846D7F7B7F920B18E
:1097100049A12846D7F7B2F998B90A21A06B0AF0F7
:1097200093FEA06B0BF02EFA00286ED000221F21B2
:10973000A06BFDF77BFC8046B8F1010F00D05BE722
:1097400063E03EA12846D7F799F918B9A06B0BF052
:10975000A8F85AE03AA12846D7F790F918B9A06BB3
:109760000BF0AEF851E037A12846D7F787F918B9C2
:10977000A06B0BF0EBF848E033A12846D7F77EF951
:1097800080BBA06B0BF0F2F91FFA80F8A06B0BF016
:1097900002FA814699F800002D280FD10121A06B13
:1097A0000BF016FAA06B0BF0D1F82B21A06B0AF08E
:1097B0004BFE4146A06B0BF00BFA21E099F800003C
:1097C0002B2810D10121A06B0BF002FAA06B0BF03B
:1097D000BDF82D21A06B0AF037FE4146A06B0BF0BF
:1097E000F7F90DE00DE00021A06B0BF0F1F92D2150
:1097F000A06B0AF029FE08F10101A06B0BF0E8F95B
:1098000003E02946A06B0AF0D1FE00BFF4E6000099
:10981000616263008C010020B001002041424300DE
:1098200031230000EF808D00EF849C00EF808C00DE
:10983000456E746572000000EFA2A200EF819300F4
:10984000EF819400EF959A002B2F2D002DE9F04128
:109850000446264696F83D0000F0010040B196F817
:109860003C00174A52F820102046F7F754FD24E038
:109870002746398E480001F0A3FB0546388E42008A
:1098800096F83C000E4B53F82010284601F0EFFCF0
:10989000002007E035F8101021F4007125F81010B1
:1098A000411C88B2398E8142F4DC29462046F7F704
:1098B00032FD284601F052FC00BFBDE8F0810000F7
:1098C000B001002070B50446254695F83C00054AD5
:1098D00052F820102046F7F72FFD2046FFF7B6FF7D
:1098E00070BD00008C01002070B506460C46254670
:1098F00000202C3545F8080C287F20F00800287738
:10990000287F20F0100028774FF0FF302860287F54
:1099100020F007002877002028832C3D00214620D6
:109920004153481E2863A9636963000CE8632864F7
:109930000020A86295F8480020F0400085F8480013
:109940000221204602F088FF0021204600F0D0FFCF
:1099500002A1204601F00EF870BD00005465787435
:109960000000000070B5044600BF00BF2146044857
:1099700002F099FE0546284602F00AFF284670BD0F
:1099800098FF040870B506460C462546204600F0B0
:109990000BF895F84800C0F3C00010B9686A01F0F0
:1099A000DDFB0020686270BD70B505462C4694F85A
:1099B0004800C0F3801020B1A06A10B1A06A01F085
:1099C000CDFB94F8480020F0400084F848000020C7
:1099D000A06270BD2DE9F04F87B0894649464F48D7
:1099E00003F044FC8246BAF1010F02D007B0BDE893
:1099F000F08F4846FDF7B3FA05464846FDF710FBE1
:109A000006462A2D06D1304600F006FF304600F00B
:109A10002DFC81E0132D11D10021304605F0ADF968
:109A200080464046FDF762FC04462746E01704EBFB
:109A3000907081104846FDF72FFB6DE0292D06D16F
:109A4000304600F0E9FE304600F010FC64E02C2DBA
:109A50005DD137460021304605F08FF90590002191
:109A6000304605F0C7F904900021304605F0F6F9BC
:109A700003904FF0000897F84800C0F3001008B1B9
:109A800048F0010897F84800C0F3401008B148F0CA
:109A90000208304603F0AFFC83460021304605F053
:109AA00093FA42F2D171884206D1708CC0F38020C3
:109AB00010B941F6FF7B03E0304603F09CFC83467F
:109AC0000398CDE901B80090796A06A8DDE904326F
:109AD0000BF0B2FE4846FDF7A0FA0446B4F90000C8
:109AE000BDF91810884202DDB4F9000001E0BDF9AB
:109AF00018002080B4F90200BDF91A10884202DD76
:109B0000B4F9020001E0BDF91A00608004E0152DEF
:109B100002D14846EBF7BDFE00BF67E798FF040897
:109B200001460A4692F84800C0F3801008B1906AD6
:109B3000704702F12800FBE72DE9F04F93B006468D
:109B40008B4600BF00BF00BFBBF1000F03D100BFB9
:109B500000BF00BFFEE700BF37460020039041F67C
:109B600012023046039905F02FF802900298BBF8D4
:109B70000010081A00B2ADF848000020039041F62A
:109B800010023046039905F01FF802900298BBF8C6
:109B90000210081A00B2ADF84A0010A9304603F0CE
:109BA000D5FB304600F000FA81460025002410A8BD
:109BB000F6F7AFFC0F900021304605F0DEF80E906E
:109BC0000021304605F04AF90D900021304605F09D
:109BD00011F90C900E98FDF789FB0B9000200A906C
:109BE00080463E4697F84800C0F3001008B148F0A0
:109BF000010897F84800C0F3401008B148F0020887
:109C00000021304605F0E0F942F2D171884205D1D9
:109C1000708CC0F3802008B948F004080021304659
:109C20007A6A02F0DBFC079028E00020CDE900080A
:109C300009EB0500DDE90E130C9AE3F7EFFE04448F
:109C4000BDF94A20DDE90A01084482420EDC039492
:109C500003A94846504A12689047029002980A2881
:109C600003D019F8040000B9641C0BE00D990B989F
:109C700001440A98084400B20A90254619F80500E4
:109C80000028D2D100BF09EB050008904FF0000A70
:109C90000798022819D1611BCDF800800C9B0E9A01
:109CA00008980BF03BFE039010A8F6F732FC0190E9
:109CB00000EBD07041100398029000EBD070A1EB44
:109CC000600050440FFA80FA14E00798032811D17D
:109CD000611BCDF800800C9B0E9A08980BF01EFEBD
:109CE000039010A8F6F715FC0399401A50440FFA98
:109CF00080FA00BF00200690059005980490D4B328
:109D000034E005AB02AA03A90898E3F76BFE08F05C
:109D1000010038B1059A0898815C06A8E3F744FF72
:109D200000B123E0DDE902210E98FDF7C0FA00B290
:109D30000190BDF9481001985044814208DB059814
:109D40002844A04204D00498284419F8000010B90F
:109D5000049805900EE0019850440FFA80FA0C9890
:109D600050440FFA80FA0598049000BF05982844E3
:109D7000A042C6D300BF094A0599089812689047C7
:109D8000099029464846054A1268904701460998B5
:109D9000084413B0BDE8F08F600200206802002084
:109DA0002DE9F74F8EB0164600BF00BF00BF1EB9A9
:109DB00000BF00BF00BFFEE700BF0E980D900E98D9
:109DC00000F0F2F80446224600210E9802F006FC4C
:109DD0008346207800BB00207080BBF1010F06D0C5
:109DE000BBF1020F0BD0BBF1030F11D102E0002039
:109DF00030800DE00E9803F0FEFA308008E00E98F7
:109E000003F0F9FA029000EBD0704010308000BFF0
:109E100000BF11B0BDE8F08F0BA90E9803F096FAC1
:109E20004FF0000900270BA8F6F773FB0A900021FA
:109E30000E9804F0A2FF099000210E9805F00EF88C
:109E4000089000210E9804F0D5FF07900998FDF7BF
:109E50004DFA06900020059080460D9890F8480035
:109E6000C0F3001008B148F001080D9890F84800C0
:109E7000C0F3401008B148F0020800210E9805F028
:109E8000A3F842F2D171884206D10E98408CC0F3FB
:109E9000802008B948F004082046424A0F99126809
:109EA0009047054617E00020CDE9000804EB0900C3
:109EB000DDE90913079AE3F7B1FD0744BD4201D379
:109EC000E05D00B90AE00899069801440598084445
:109ED00000B20590B946E05D0028E4D100BF8DB125
:109EE000681E205C0A2803D0681E205C0D2809D15A
:109EF000605D38B90899069801440598084400B295
:109F00000590A94604EB09000490A5EB0900039015
:109F1000CDF80080079B099ADDE903100BF0FEFCE9
:109F200082460F98484503D0079850440FFA80FAAC
:109F3000BBF1020F1AD1A7EB0901CDF80080079BF6
:109F4000099A04980BF0EAFC02900BA8F6F7E1FAE4
:109F5000009000EBD07041100298019000EBD0709F
:109F6000A1EB600050440FFA80FA15E0BBF1030F3B
:109F700012D1A7EB0901CDF80080079B099A04983C
:109F80000BF0CCFC02900BA8F6F7C3FA0299401A2A
:109F900050440FFA80FA00BFA6F800A00598708020
:109FA00000BF36E764020020014600BF00BF0A463A
:109FB000506A7047014600BF00BF0A46106C7047E8
:109FC000014600BF00BF0A46D06B70472DE9F0473D
:109FD00005460F46164600BF00BF00BF1EB900BFB2
:109FE00000BF00BFFEE700BF2C4694F84800C0F356
:109FF000C00008B1BDE8F087284605F006FC606A9D
:10A00000D6F729FC80463046D6F725FC814609EB79
:10A01000080A0AF10101606A01F0F4F8606200BF09
:10A02000606A18B900BF00BF00BFFEE700BF606AEA
:10A0300000B9DFE74FF6FF70874204D10749606A35
:10A0400009688847074632463946606AE3F77CFD6F
:10A050000021284600F08EFC00BFCBE76C020020F8
:10A060002DE9F04F93B08346894600BF00BF00BF83
:10A07000B9F1000F03D100BF00BF00BFFEE700BF72
:10A0800011A9584603F062F95846FFF78DFF0646BE
:10A09000CDF840B00024002711A8F6F73AFA0F9047
:10A0A0000021584604F069FE0E900021584604F045
:10A0B000D5FE0D900021584604F09CFE82460E9875
:10A0C000FDF714F90C90DDF840B000215846DBF89C
:10A0D000242002F083FA0B9000200A900025DDF87E
:10A0E00040B09BF84800C0F3001008B145F00105EE
:10A0F000109890F84800C0F3401008B145F00205F0
:10A100000021584604F060FF42F2D171884206D126
:10A11000BBF82200C0F3802008B945F0040519E01F
:10A120000020CDE9000530195246DDE90E13E3F7B2
:10A1300075FC0744B9F902200C990A980844824238
:10A1400000DC0AE0DDE90C0101440A98084400B291
:10A150000A903C46305D0028E2D100BF4FF0000875
:10A16000002009900B98022818D1391B301953464A
:10A1700000950E9A0BF0D2FB029011A8F6F7C9F9E0
:10A18000009000EBD07041100298019000EBD0706D
:10A19000A1EB600040440FFA80F813E00B9803280D
:10A1A00010D1391B3019534600950E9A0BF0B6FBAF
:10A1B000029011A8F6F7ADF90299401A40440FFA3F
:10A1C00080F800BF002008900794079806900020B0
:10A1D000059004906FB327E007AB04AA05A93046A9
:10A1E000E3F700FC05F0010030B10798315C08A8E6
:10A1F000E3F7DAFC00B117E0CDF82480DDE90421B3
:10A200000E98FDF754F840440FFA80F8B9F90000B1
:10A21000404502DA069807900AE008EB0A000FFAB8
:10A2200080F80798069000BF781E07998842D3D21D
:10A2300000BFDDE904210E98FDF739F85044401CB9
:10A240000390B9F900100998A0EB0A0081420ADBDB
:10A25000B9F90020039909980844824203DC0120DF
:10A2600013B0BDE8F08F0020FAE700002DE9F04FB1
:10A2700099B006463446606A10B919B0BDE8F08F4F
:10A280004FF0FF30206317A9304603F05FF817A89E
:10A29000F6F73FF916900021304604F06EFD159058
:10A2A0000021304604F0DAFD80460021304604F0FB
:10A2B000A1FD8146002794F84800C0F3001008B1C2
:10A2C00047F0010794F84800C0F3401008B147F088
:10A2D00002070021304604F077FE42F2D171884235
:10A2E00005D1708CC0F3802008B947F00407169898
:10A2F000CDE9008002974B46616A14A8159A0BF0CD
:10A300009BFA304606F03CF894F8480000F007004D
:10A3100002287CD10021304603F065FF80B2139003
:10A32000139850B9304603F091F80546F9F78EF8C6
:10A33000032190FBF1F080B2139003A8F5F76EF9BA
:10A34000314603A8F5F71FFA4FF6FF7103A8F5F79A
:10A35000FAF94FF496700F9000BF0F98119000BF5C
:10A360000020029017A8F6F7D4F8BDF950108842E3
:10A3700053DA17A8F6F7CDF8BDF95010A0EB010B92
:10A380005A46002103A8F5F7F4F9FE4903A8F5F7AA
:10A39000CCF9FC4903A8F5F7C8F9FA493046F5F7B6
:10A3A00021F905464FF0000A0020019035B1D5F89B
:10A3B0002CA095F83E00C0F3400001900D98504548
:10A3C00015DDCDF838A09DF84A0020F001008DF889
:10A3D0004A00019858B19DF84A1021F00201891CE9
:10A3E0008DF84A100A980C990A910C9000BF0C9AAB
:10A3F0000A991398F5F7CBF98346594603A8F5F760
:10A40000A8F903A80D99F5F798F903A800E06FE003
:10A41000F5F7CEF90120029006E0DA493046F5F76B
:10A42000B5F80020A4F8440017A8F5F7E3FFBDF93C
:10A430005210884254DA0298002851D117A8F5F733
:10A44000D9FFBDF95210A0EB010B1598FCF74EFF98
:10A45000ABEB000002460021009003A8F5F789F954
:10A46000C94903A8F5F761F9C7493046F5F7BAF8C5
:10A4700005464FF0000A0020019035B1D5F82CA018
:10A4800095F83E00C0F3400001900D98504515DD51
:10A49000CDF838A09DF84A0020F001008DF84A0060
:10A4A000019858B19DF84A1021F00201891C8DF8DD
:10A4B0004A100A980C990A910C9000BF0C9A0A99BC
:10A4C0001398F5F764F98346594603A8F5F741F95F
:10A4D00003A80D99F5F731F903A8F5F769F906E036
:10A4E000A9493046F5F752F80021462001538AE188
:10A4F00094F8480000F0070003287DD10021304681
:10A5000003F071FE85B24DB9304602F09FFF8246DE
:10A51000F8F79CFF032190FBF1F085B204A8F5F752
:10A520007DF8314604A8F5F72EF94FF6FF7104A81F
:10A53000F5F709F90020039017A8F5F7EAFFBDF930
:10A54000501088423CDA202211461598FCF7AFFEE5
:10A5500000EB4000BDF950104942081A02460021A4
:10A56000029004A8F5F705F9864904A8F5F7DDF887
:10A5700028460D9A0B99F5F70AF90146029004A8AE
:10A58000F5F7E7F87F493046F5F72CF88246BAF13F
:10A59000000F02D0DAF82C0000E0002083460E986D
:10A5A000584507DDCDF83CB09DF84E0020F0010085
:10A5B0008DF84E0004A8F5F7FBF80120039006E0A3
:10A5C00070493046F4F7E2FF0020A4F8440017A8D1
:10A5D000F5F710FFBDF9521088423BDA0398C0BB73
:10A5E0001598FCF783FEBDF952104942081A02463D
:10A5F0000021029004A800E034E0F5F7BAF86249BF
:10A6000004A8F5F792F828460D9A0B99F5F7BFF8CC
:10A610000146029004A8F5F79CF85B493046F4F730
:10A62000E1FF8246BAF1000F02D0DAF82C0000E018
:10A63000002083460E98584507DDCDF83CB09DF8C4
:10A640004E0020F001008DF84E0004A8F5F7B0F898
:10A6500007E0FFE74C493046F4F798FF0021462019
:10A660000153D0E094F8480000F00700012875D1AC
:10A6700017A8F5F7BFFEBDF95210884203DB4FF073
:10A68000FF30E062BFE01598FCF730FEBDF95210D4
:10A69000884203DB4FF0FF30E062B4E03B49606A80
:10A6A00009688847032803D84FF0FF30E062AAE02A
:10A6B00017A8F5F72EFF83462E2211461598FCF7B2
:10A6C000F6FD484400EB4000ABEB000000B2ADF8F3
:10A6D0004C0017A8F5F78EFEADF84E001598FCF764
:10A6E00005FE4044BDF94E1091FBF0F200FB121044
:10A6F00012901598FCF7FAFD1299884210DCBDF80B
:10A700004E101298081A00B2ADF84E001598FCF7DA
:10A71000EDFDBDF84E10084400B2ADF84E000DE05E
:10A72000BDF84E101298081A00B2ADF84E00BDF8F0
:10A730004E00A0EB080000B2ADF84E0013A9304661
:10A74000FFF7FAF91190606AD6F785F81090606A01
:10A750000F4A1199126890470F9008E052E00FA934
:10A760000C4A606A126890471198401E11900F9829
:10A77000C01C10998842F2D8DDF83CA000200E9051
:10A78000002521E019A903082FA903086C02002065
:10A790006402002060020020616A0F9A88181C4938
:10A7A000096888470E990844C0B20E900FA9194A4B
:10A7B000606A126890470E98032803DCDDE90F10E9
:10A7C000814200D902E06D1C032DE5D900BF606A0B
:10A7D00000EB0A0130460E9A00F056F888B10025C9
:10A7E00005E02E200AEB0502616A88546D1C032DDA
:10A7F000F7D300210AF10300626A11541198C01CBA
:10A80000E06200E000BF304604F0FFFF00BF34E527
:10A81000500200205C0200202DE9F04780464446AB
:10A8200094F8480000F00700012801D0BDE8F08747
:10A83000E06A401C00B9F9E7E06AA0F10309494663
:10A84000104A606A12689047064600254046FFF7A6
:10A8500067F9074605E0785D7219616A8854681CDB
:10A86000C5B27119606A405C0028F4D1785D721934
:10A87000616A88544046FFF797F84FF0FF30E06276
:10A8800000BFD3E7640200202DE9F04106460F46E1
:10A89000154634463046FFF787F8042D1AD9681C50
:10A8A00000F08EFBA062A06A20B900BF00BF0020AC
:10A8B000BDE8F0812A463946A06A00F0D8FC0020A5
:10A8C000A16A485594F8480020F04000403084F8D0
:10A8D00048000BE094F8480020F0400084F848005D
:10A8E0002A46394604F1280000F0C1FC0120DFE7C8
:10A8F00070B506460D4600BF00BF34461B493046C2
:10A90000F4F744FE1A493046F4F740FE0020A4F85C
:10A910004400002146200153022D03D0032D01D015
:10A92000042D07D194F8480020F02000203084F84E
:10A93000480005E094F8480020F0200084F8480022
:10A9400094F8480000F00700012805D1E06A401C97
:10A9500010B13046FFF760FF94F8480065F302003D
:10A9600084F848003046FFF781FC70BD19A9030840
:10A970002FA903082DE9F04106460D4600BF00BF90
:10A980003446304604F041FF05B9656A606AA84262
:10A9900019D194F84800C0F3C000A0B9606AD5F797
:10A9A0005AFF471C3946606A00F02CFC606200BF09
:10A9B000606A18B900BF00BF00BFFEE700BF606A51
:10A9C00058BBBDE8F081606A48B194F84800C0F314
:10A9D000C00020B9606A00F0C1FB00206062284618
:10A9E000D5F739FF471C384600F0EAFA606200BF2D
:10A9F000606A18B900BF00BF00BFFEE700BF606A11
:10AA000000B9DEE72946606AD5F701FF94F84800EF
:10AA100020F0080084F8480000BF3046FFF726FC0D
:10AA200000BFCEE70FB438B5054600BF00BF00BF7A
:10AA3000059818B900BF00BF00BFFEE700BF284659
:10AA400004F0E3FE2C46059828B92846FFF70EFCD3
:10AA500038BC5DF814FB606A48B194F84800C0F354
:10AA6000C00020B9606A00F079FB0020606206A88F
:10AA7000009000990598E3F7BBF860620020009011
:10AA800094F8480020F0080084F848002846FFF7B2
:10AA9000EDFB00BFDCE770B504460D4600BF00BF0C
:10AAA00026463564204604F0B0FE70BD70B50446FD
:10AAB0000D4600BF00BF2646F563204604F0A5FE04
:10AAC00070BD70B505460E4600BF00BF2C4694F819
:10AAD0004800C0F3C00030B9606A20B1606A00F07D
:10AAE0003DFB002060623EB194F8480020F0080071
:10AAF000083084F8480066622846FFF7B7FB70BD4F
:10AB000070B504460D4614480068401C12490860A0
:10AB100008460068C1001148006800F073FB0F4947
:10AB2000086000BF0846006818B900BF00BF00BF3A
:10AB3000FEE700BF08480068401E0849096841F860
:10AB4000304005480068401E0449096801EBC00018
:10AB500045600148006870BDC40000201C02002050
:10AB6000F8B506460C46254620460AF047FA0090FE
:10AB7000BDF80000A884FF2085F82600F8BD00007D
:10AB80002DE9F04FA3B0824688464046FCF7E7F92E
:10AB90000746152F0BD0162F09D04146814802F0E9
:10ABA00065FB0646012E02D023B0BDE8F08F40467B
:10ABB000FCF736FA0446152F7ED1254615A8FAF77C
:10ABC0006DFB15AA0021204604F070FCBDF85A0068
:10ABD0000090F7F7ECFB8346F7F7A2FB029035F8FD
:10ABE000240F5A4600900299F7F7FEFE0190BDF837
:10ABF0000400ADF85A00BDF85E000090F7F7D7FBEF
:10AC00008346F7F78DFB029028885A4600900299F8
:10AC1000F7F7EAFE019015A8BDF80410ADF85E1034
:10AC20002098F7F7C4FB8346F7F77AFB0290288851
:10AC30005A4600900299F7F7D7FE0190BDF804003C
:10AC4000ADF88000BDF872000090F7F7B0FB8346C6
:10AC5000F7F766FB029028885A4600900299F7F7AA
:10AC6000C3FE0190BDF80400ADF872001E98F7F71E
:10AC70009EFB8346F7F754FB029028885A460090C3
:10AC80000299F7F7B1FE0190BDF80400ADF8780025
:10AC9000F7F746FB0290AA78BDF85A000090029997
:10ACA000F7F7A2FE0190BDF80400ADF85A00F7F7DF
:10ACB00037FB0290AA7800E071E0BDF85E000090DA
:10ACC0000299F7F791FE019015A8BDF80410ADF8B0
:10ACD0005E10F7F725FB0290AA78BDF8720000908D
:10ACE0000299F7F781FE0190BDF80400ADF87200FB
:10ACF000F7F716FB0290AA7801462098F7F774FE42
:10AD00000190BDF80400ADF88000F7F709FB029050
:10AD1000AA7801461E98F7F767FE0190BDF8040077
:10AD2000ADF87800A8785038BDF8821010FB01F01B
:10AD3000AF2190FBF1F000B2ADF88200A878243D7D
:10AD40005038BDF8881010FB01F0AF2190FBF1F0F6
:10AD500000B2ADF888004046FCF709F98146494643
:10AD600003A802F05DF804F1140006900D48049069
:10AD70000020059015A807900020109003AA1A2122
:10AD80002046FCF753F904F1140215A94846FAF7D6
:10AD900069FA03AA1B212046FCF748F900BF00BF4F
:10ADA00002E70000A486040870B506460C46254656
:10ADB00000202885686285F82A000221204601F0DB
:10ADC0004BFD70BD2DE9F34F89B072480A9902F02E
:10ADD0004DFA08900898012802D00BB0BDE8F08F1A
:10ADE0000A98FCF7BCF880460A98FCF719F9064661
:10ADF000B8F1130F0ED10021304603F071FB044669
:10AE00000A98FCF70AF90546B5F90000A04200DAF5
:10AE10002C80BDE0B8F12C0F3ED134460A98FCF7E7
:10AE2000FCF883464FF00009CA46208D002832DD29
:10AE300000251BE0606A30F92500484503DD606AA3
:10AE400030F9250000E048468146606A00EB850045
:10AE5000B0F90200504505DD606A00EB8500B0F9ED
:10AE6000020000E050468246681C85B2208DA84250
:10AE7000E0DC0021304603F033FB074609EB070016
:10AE80000FFA80F90AEB07000FFA80FAABF800908E
:10AE9000ABF802A000BF7BE0B8F1150F78D13446C3
:10AEA0000A98FCF764F88346208D08B1606A00B9FF
:10AEB00093E706A9304602F0BDFA304602F00AFDDB
:10AEC000BDF81810081A0FFA80F9304602F00CFD90
:10AED000BDF81A10081A07B2304602F001FB82468C
:10AEE00001A8F9F71BFA01AA0021304604F06AFA1A
:10AEF000002548E0606A30F82500484400B2ADF80B
:10AF00001400681C616A31F82000484400B2ADF8B2
:10AF1000100094F82A0000F0010088B9606A00EB84
:10AF200085004088384400B2ADF81600681C616A9C
:10AF300001EB80004088384400B2ADF8120014E004
:10AF4000606A00EB85004088AAEB0000384400B23C
:10AF5000ADF81600681C616A01EB80004088AAEB1E
:10AF60000000384400B2ADF8120004AB05AA01A9F4
:10AF70005846F9F7BCF99DF80D0020F004008DF853
:10AF80000D00681C85B2208D401EA842B2DC00BFB7
:10AF900000BF22E7B4FF0408F0B50446059D9442C3
:10AFA00001DB2846F0BD8C4201DC1846FAE7571A4F
:10AFB000EE1A601A704390FBF7F01844F2E70000B5
:10AFC00030B587B0044614B9094807B030BD2146F2
:10AFD000084800680AF077FA05463DB900BF00BF8F
:10AFE000684600F0DDF800BF00BF00BF2846ECE770
:10AFF000340200203002002010B5002415E00C4877
:10B0000050F8340078B10A4951F8340000F0A6F83D
:10B010000020074941F8340001EBC401887104495C
:10B0200001EBC4018880601CC4B2102CE7DB10BDAA
:10B03000C00C00202DE9F041054615B90020BDE8FF
:10B04000F0814FF0FF3600212CE0374800EBC100C3
:10B05000807900F0010018BB334800EBC100808804
:10B06000A8421DD3304800EBC1008088A84208D117
:10B0700001202D4A02EBC10290712B4850F831009B
:10B08000DDE7002E01DA4EB20AE0274800EBC100EE
:10B090008088254A02EBC6029288904200DA4EB2BE
:10B0A000481CC1B21029D0DB002E08DB01201E494C
:10B0B00001EBC60188711C4850F83600BFE7002438
:10B0C00028E0194800EBC400807900F00100F8B9CD
:10B0D000154951F83400294600F094F8074600BF9E
:10B0E0001FB900BF00BF00BFFEE700BF0FB90020BF
:10B0F000A5E701200C4901EBC40188710A4901EB65
:10B10000C4018D80084840F8347050F8340096E748
:10B11000601CC4B2102CD4DB00BF00BF00BF00BF56
:10B1200000BF00BFFEE70000C00C00200146002069
:10B130000CE0094A52F830208A4205D10022064B21
:10B1400003EBC0039A717047421CD0B21028F0DBA9
:10B1500000BF00BF00BFF6E7C00C002010B50446DA
:10B160000648844200D110BD04B9FCE721460448DA
:10B1700000680AF07AF900BFF5E700003402002009
:10B180003002002010B54FF4404103480AF056F950
:10B190000249086010BD0000300E0020300200207F
:10B1A00070B504461C220021204600F0B4F9134873
:10B1B00000680AF082F90546224611490AF00AFAA7
:10B1C0004FF4404020606421A06848432168B0FBF0
:10B1D000F1F0C0F164002076A06858B16421E06805
:10B1E0004843A168B0FBF1F06076607EC0F1640076
:10B1F000607601E00020607670BD00003002002023
:10B2000049B2020870B505460C4624B92846FFF736
:10B21000A5FF0B4870BD0A48854203D12046FFF7C1
:10B22000CFFEF7E722462946064800680AF063F990
:10B2300006461EB900BF00BF0020EBE73046E9E735
:10B24000340200203002002030B5044618461AB1FE
:10B2500005696D1C056109E045686D1C45608568E0
:10B260000D448560C5688D4200D2C16030BD2DE9B6
:10B27000F0410F46154601463A4601F0030602F03A
:10B28000030CB4457DD0C2E092F8008081F80080C4
:10B29000491C521C92F8008081F80080491C521C05
:10B2A00092F8008081F80080491C521C92F80080BE
:10B2B00081F80080491C521C92F8008081F80080BF
:10B2C000491C521C92F8008081F80080491C521CD5
:10B2D00092F8008081F80080491C521C92F800808E
:10B2E00081F80080491C521C92F8008081F800808F
:10B2F000491C521C92F8008081F80080491C521CA5
:10B3000092F8008081F80080491C521C92F800805D
:10B3100081F80080491C521C92F8008081F800805E
:10B32000491C521C92F8008081F80080491C521C74
:10B3300092F8008081F80080491C521C92F800802D
:10B3400081F80080491C521C92F8008081F800802E
:10B35000491C521C92F8008081F80080491C521C44
:10B3600092F8008081F80080491C521C92F80080FD
:10B3700081F80080491C521C92F8008081F80080FE
:10B3800000E053E0491C521C92F8008081F80080D4
:10B39000491C521C92F8008081F80080491C521C04
:10B3A00092F8008081F80080491C521C92F80080BD
:10B3B00081F80080491C521C92F8008081F80080BE
:10B3C000491C521C92F8008081F80080491C521CD4
:10B3D00092F8008081F80080491C521C92F800808D
:10B3E00081F80080491C521C92F8008081F800808E
:10B3F000491C521C92F8008081F80080491C521CA4
:10B4000092F8008081F80080491C521C203D202DBC
:10B410003FF63AAF06E092F8008081F80080491CC0
:10B42000521C6D1E002DF6D1BDE8F0816EB1C6F143
:10B43000040607E092F8008081F80080491C521C45
:10B44000761E6D1E0EB1002DF4D10B46144630E071
:10B45000D4F80080C3F800801B1D241DD4F80080A0
:10B46000C3F800801B1D241DD4F80080C3F80080A1
:10B470001B1D241DD4F80080C3F800801B1D241D53
:10B48000D4F80080C3F800801B1D241DD4F8008070
:10B49000C3F800801B1D241DD4F80080C3F8008071
:10B4A0001B1D241DD4F80080C3F800801B1D241D23
:10B4B000203D202DCCD806E0D4F80080C3F80080D1
:10B4C0001B1D241D2D1F042DF6D81946224606E00B
:10B4D00092F8008081F80080491C521C6D1E002DDE
:10B4E000F6D100BFA0E730B504460B4604E01D7856
:10B4F0002570641C5B1C521E002AF8D130BD30B58B
:10B5000004460B4604E01D782570641C5B1C521E2B
:10B51000002AF8D130BDF0B506460B46344604F09B
:10B5200003054DB1C5F1040503E02370641C521EF0
:10B530006D1E0DB1002AF8D103EB032707EB03477B
:10B5400007EB0361204610E00160001D0160001D53
:10B550000160001D0160001D0160001D0160001DF3
:10B560000160001D0160001D203A202AECD802E095
:10B570000160001D121F042AFAD8044602E023705D
:10B58000641C521E002AFAD1F0BD30B50446224692
:10B5900002F0030353B1C3F1040304E00025157066
:10B5A000521C491E5B1E0BB10029F7D1104611E059
:10B5B00000250560001D0560001D0560001D05607B
:10B5C000001D0560001D0560001D0560001D056073
:10B5D000001D20392029EBD803E000250560001D5F
:10B5E000091F0429F9D8024603E000251570521CF2
:10B5F000491E0029F9D130BD30B50446224602F07B
:10B60000030353B1C3F1040304E0FF251570521C7A
:10B61000491E5B1E0BB10029F7D1104612E04FF016
:10B62000FF350560001D0560001D0560001D0560FB
:10B63000001D0560001D0560001D0560001D056002
:10B64000001D20392029EAD804E04FF0FF350560BD
:10B65000001D091F0429F8D8024603E0FF251570D4
:10B66000521C491E0029F9D130BD024600BF00BF5F
:10B67000906C884201D101207047506B884205D1FF
:10B6800092F86100012801DC0120F5E70020F3E7D2
:10B690002DE9F04780464046FBF761FC8146B9F151
:10B6A000070F40D14046FBF7BBFC06464046FBF780
:10B6B000BAFC0446606BB04204D0A06CB04201D02A
:10B6C000BDE8F08794F8600084F8610031462046B8
:10B6D000FFF7CBFF00B1F3E704F154073846E1F779
:10B6E00000FE824651463846E1F713FE0546CDB1CD
:10B6F00051463846E1F774FE5046FFF72FFD14F827
:10B70000600F401E207029463846E1F769FE207818
:10B71000401E04F860092046296800F06CF92846AC
:10B72000FFF71CFD00BF00BFCAE770B5044600BFAD
:10B7300000BF25462C4605F154063046E1F7B9FD19
:10B74000002085F8600070BD2DE9F05F83460C464F
:10B7500050480168204605F00DFA0021204605F00A
:10B76000CFF925466035A87820F00600A870A878A3
:10B7700020F00800A870002028706870A87820F0D9
:10B780000100A870603D042105F15400E1F7D4FDEB
:10B79000204601F027F968620121686A00F0E0FAAA
:10B7A0000020E8636864A864E864286421463A4895
:10B7B00000F079FF0646304600F0EAFF42F26401ED
:10B7C000304605F0BEF90121304605F0ABF9012104
:10B7D000304605F095F94FF48041304600F0C0FA4C
:10B7E0000221304601F038F8AE6231462B4800F0B5
:10B7F0005AFF0746384600F0CBFF42F2D17242F2C0
:10B800006401384605F0ADFA0021384605F078F9B4
:10B8100002231A460021384605F052F90221384623
:10B8200001F01AF84FF48041384600F099FA2F637E
:10B83000286BF5F705F980462B4607221849404644
:10B8400000F046FA4FF48041404600F089FA0021AA
:10B85000404605F055F9C5F83480686BFCF780FC6C
:10B86000824610A15046FDF724FB286BFEF77AF8BC
:10B8700081460121484600F073FAC5F8389000204F
:10B88000E86228652B461C220749204600F020FA72
:10B89000BDE8F09FE8000020BC870408D8870408B2
:10B8A00091B60208EF81930009BB020870B5054606
:10B8B0000C460021204605F023F902231A460021F8
:10B8C000204605F0FDF80221204600F0C5FF70BDBE
:10B8D0002DE9F04107460C46264606F15405284658
:10B8E000E1F7E7FCBDE8F081014600BF00BF0A4672
:10B8F000D06A7047014600BF00BF0A46106C70470F
:10B9000070B506460C46204601F03AFE0546204634
:10B91000696A05F053F90121204605F0F1F8022388
:10B920001A460021204605F0CBF84FF4804120460E
:10B9300000F016FA70BD70B506460C462546686ADA
:10B9400020B1686AFFF70AFC0020686270BD70B51C
:10B95000054600BF00BF2C46206B08B1E06A00B965
:10B9600070BD94F86200C0F3410020B101280BD0F3
:10B9700002281BD111E00021206B04F014F90121F1
:10B98000E06A05F0CFF811E00021206B04F00BF91C
:10B990000021E06A05F0C6F808E00121206B04F000
:10B9A00002F90121E06A05F0BDF800BF00BF206B7D
:10B9B00004F014FBE06A04F011FB206B05F052FD6B
:10B9C000206B01F0F9FC20B90121206B00F0C8F9CF
:10B9D00003E00121206B00F03FFF00BFC0E770B51E
:10B9E00005460C460121204605F08AF80221204632
:10B9F00000F032FF70BD2DE9F04106460D4600BF54
:10BA000000BF3446E06A18B1616AE06A05F0D6F812
:10BA10008DB104F154073846E1F796FC8046C8F82A
:10BA2000005094F86000401C84F860002846A16A29
:10BA300005F0C4F802E03046FFF777FEE562206DBE
:10BA400050B1206C20B10121206D00F0C6F903E057
:10BA50000121206D00F041FF206C80B394F862005A
:10BA600000F00100A8B194F86200C0F3C00040B13A
:10BA70000121A06C00F0F0FE0221A06C00F070F932
:10BA800007E00121A06C00F06BF90221A06C00F02E
:10BA9000E3FE94F86000022808DB0121606B00F0EF
:10BAA000DBFE0221606B00F05BF923E00121606B9B
:10BAB00000F056F90221606B00F0CEFE1AE0FFE7BD
:10BAC00094F86000022804DA94F86200C0F3C00021
:10BAD00040B10121606B00F0BFFE0221606B00F0FD
:10BAE0003FF907E00121606B00F03AF90221606B39
:10BAF00000F0B2FE00221C212046FBF797FA3046E8
:10BB0000FFF725FFBDE8F0812DE9F0418046404672
:10BB1000FBF789FA07463C463846FFF7E5FE06463E
:10BB200086B1A06B70B1706A40B1716AA06BFEF70C
:10BB300021FF0121A06B00F08FFE03E00121A06B2B
:10BB400000F00EF93846FFF7D5FE054685B1E06CEA
:10BB500070B1686A40B1696AE06CFEF70BFF0121C1
:10BB6000E06C00F079FE03E00121E06C00F0F8F8F1
:10BB7000BDE8F08170B506460C462546242105F146
:10BB80002400E1F7D9FB1C2105F13000E1F7D4FBDB
:10BB900070BD70B506460C4600BF00BF254605F1D6
:10BBA0003000E1F786FB05F12400E1F782FB70BD70
:10BBB0002DE9F04F97B00D462946444801F056FB59
:10BBC00016901698012802D017B0BDE8F08F2846CD
:10BBD000FBF7C5F906462846FBF722FA0446152E60
:10BBE00071D12846FBF7C3F9159013A9204601F03F
:10BBF000ADFB13AA20461599E5F7D6FD13AA2046FA
:10BC00001599EDF76BF813AA20461599EAF744FC4D
:10BC100013A8F4F754FC824600EBDA704710BDF825
:10BC20004C00384400B2ADF84800BDF84E0038442E
:10BC300000B2ADF84A0004A8F9F730FB04AA4FF4AB
:10BC40000031204603F032FC4FF4003A41F2010289
:10BC50005146204602F0B8FF0190019800B2834699
:10BC600000EBDB704FEA600800BF41F2040251466E
:10BC7000204602F0A9FF0190019800B2834600EB34
:10BC8000DB704FEA6009BDF84800A0EB080000B285
:10BC9000ADF80800BDF84A00A0EB090000B2ADF80D
:10BCA0000A00BDF84800404400B2ADF80C00BDF8F1
:10BCB0004A00484400B2ADF80E0002AA04A9159843
:10BCC000F9F7D0FA00BF00BF7EE700001088040833
:10BCD0002DE9F04104460D4616461F4600BF00BF41
:10BCE000204600F037FBA068807E401CA168887663
:10BCF000A268927E02EB42029100A268D068FFF730
:10BD000081FAA168C86000BFA068C06818B900BF08
:10BD100000BF00BFFEE700BFA068C168807E401E74
:10BD200000EB400041F82050A068C268807E401EB1
:10BD300000EB400002EB80000672A068C168807EC4
:10BD4000401E00EB400001EB80004760A068C16826
:10BD5000807E401E00EB400001EB8000BDE8F081DA
:10BD60002DE9FF4105460C4600BF00BF284603F001
:10BD7000C9FD064604F0010010B1284603F045FD58
:10BD8000E8692043E86104F0010010B1284603F09F
:10BD90003CFD284603F0B6FDB04202D104F0C0706D
:10BDA00040B1284601F0ECFB074603F0F1FD2846C0
:10BDB00003F0EEFD04F0100068B16A4602A92846BF
:10BDC00001F09CFD02A9284603F059FD694628466A
:10BDD00003F055FD00BFBDE8FF8170B504460E4677
:10BDE00000BF00BF208C40EA0605208CA84203D08B
:10BDF0002946204604F0C4FF70BD2DE9F0410446F9
:10BE00008846174600234FF6FF723946204612F047
:10BE100023FC002511E0E06800EBC5004068C0F39A
:10BE2000406000B108E0E06800EBC5004068C0F386
:10BE3000006000B100E005E06D1C608CC0F3C5003F
:10BE4000A842E8D800BF608CC008401C618C60F339
:10BE5000C8016184628CC2F3C502D100E068FFF7BB
:10BE6000D1F9E060608CC0F3C500461E09E0E068CF
:10BE700000EBC6010246701E02EBC00205CA05C1F6
:10BE8000761EAE42F3D8E16801EBC5000821FFF74A
:10BE90007CFBE06840F83580E06800EBC500406856
:10BEA00067F31700E16801EBC50148604FF6FF72C8
:10BEB0003946204604F07EFABDE8F0812DE9F041D4
:10BEC00006460F4614461D4600223946304605F008
:10BED00057F82A462146304604F0F1FEBDE8F081CD
:10BEE0002DE9FF4F87B00E4690469A4600BF00BF2F
:10BEF000079805F0B7FA1EB9079801F041FB06460E
:10BF000000BF00BF4FF0000900200690079801F025
:10BF100037FB07460021384602F027FA059000213A
:10BF2000384602F03CFC01460598084400B20490F3
:10BF30000021384602F09FFD01460598084400B2F2
:10BF400003900021304602F010FA029000213046A2
:10BF500002F025FC01460298084404B20021304654
:10BF600002F089FD01460298084405B2B8F1000FBD
:10BF70000AD10021304602F06AF9012802D14FF0BF
:10BF8000030801E04FF00108B8F1160F32D2DFE8E4
:10BF900008F03132354A5866869FB40BD4DDFEFD79
:10BFA000FCFBFAF9F8F7F6F5304601F024FA0090B8
:10BFB00000EBD0704FEA600B079803F02CF801906B
:10BFC00000EBD070ABEB600020440FFA80F93046F4
:10BFD00001F0F2F9009000EBD0704FEA600B079887
:10BFE00001F07EFA019000EBD070ABEB60002844CA
:10BFF00000B2069070E1A14606956DE1304601F071
:10C00000FAF9009000EBD0704FEA600B079803F04C
:10C0100002F8019000EBD070ABEB600020440FFA07
:10C0200080F9069558E1304601F0E5F98346079816
:10C0300002F0F1FFABEB000020440FFA80F9069507
:10C040004AE1A146304601F0B7F98346079801F06E
:10C0500047FAABEB0000284400B206903CE13046C2
:10C0600001F0C9F9009000EBD0704FEA600B07981F
:10C0700002F0D1FF019000EBD070ABEB60002044E8
:10C080000FFA80F9304601F097F98346079801F0DE
:10C0900027FAABEB0000284400B206901CE13046C2
:10C0A00001F0A9F98346079802F0B5FFABEB000059
:10C0B00020440FFA80F9304601F07EF98346079854
:10C0C00001F00EFAABEB0000284400B2069003E149
:10C0D000A146304601F070F9009000EBD0704FEAB5
:10C0E000600B079801F0FCF9019000EBD070ABEB0E
:10C0F0006000284400B20690EEE0304601F07BF983
:10C100008346079802F087FFABEB000020440FFA4C
:10C1100080F9304601F050F9009000EBD0704FEA02
:10C12000600B079801F0DCF9019000EBD070ABEBED
:10C130006000284400B20690CEE04FF00009079856
:10C1400001F0CEF9404200B20690C5E0304602F060
:10C1500062FF009000EBD0704FEA600B079802F08E
:10C160005AFF019000EBD070ABEB60000FFA80F942
:10C17000079801F0B5F9404200B209E09CE084E084
:10C180007CE069E04FE045E034E01CE014E001E0D1
:10C190000690A1E0304602F03EFF8346079802F089
:10C1A0003AFFABEB00000FFA80F9079801F098F91D
:10C1B000404200B206908FE04FF00009304601F097
:10C1C0008FF9069088E0304602F025FF009000EBE2
:10C1D000D0704FEA600B079802F01DFF019000EB52
:10C1E000D070ABEB60000FFA80F9304601F078F9BF
:10C1F000069071E0304602F00EFF8346079802F089
:10C200000AFFABEB00000FFA80F9304601F068F945
:10C21000069061E0079802F0FEFE40420FFA80F9B6
:10C220000020069058E0079802F0F5FE40420FFA11
:10C2300080F9304601F054F9009000EBD0704FEADD
:10C24000600B079801F04CF9019000EBD070ABEB5C
:10C25000600000B206903FE0079802F0DCFE40422A
:10C260000FFA80F9304601F03BF98346079801F058
:10C2700037F9ABEB000000B206902DE0304602F03B
:10C28000CAFE81460020069026E0304602F0C3FE3A
:10C290008146304601F024F9009000EBD0704FEA5F
:10C2A000600B079801F01CF9019000EBD070ABEB2C
:10C2B000600000B206900FE0304602F0ACFE81460E
:10C2C000304601F00DF98346079801F009F9ABEB10
:10C2D000000000B2069000BF00BF0021384601F008
:10C2E000B6FF01280DD1384601F068FAB18A5144F1
:10C2F000BA8A891A01440498081A48440FFA80F946
:10C300000CE0384601F0E2F9B18A5144BA8A891A40
:10C3100001440498081A48440FFA80F9384601F09D
:10C32000CFFAF28A14990A44F98A511A01440398FF
:10C33000091A0698084400B20690002201210798C5
:10C3400004F01EFE4946DDE9062004F0B8FC0BB0FF
:10C35000BDE8F08F10B5044600BF00BFA06808BB61
:10C3600011480068401C104908601C20FEF728FE98
:10C37000A06000BFA06818B900BF00BF00BFFEE703
:10C3800000BFA06800B910BD1C21A068FFF7FDF830
:10C390000F20A1684876A068007E20F00300C01C32
:10C3A000A168087600BFEEE7C00000202DE9FC4739
:10C3B00080460F460121404602F08AFE10B100205F
:10C3C000BDE8FC87404601F0E3F80446204601F052
:10C3D0003DF881464846F7F78FF8A04210D048460E
:10C3E000F7F797F8A0420BD04846F7F769F8A04254
:10C3F00006D04846F7F757F8A04201D00020DFE703
:10C400004FF40021404602F063FE48BB4046E1F78E
:10C4100042F8064608F114016846F3F72FFFBDF80D
:10C420000000801B00B2ADF80000BDF80200801BC8
:10C4300000B2ADF80200BDF80400304400B2ADF81F
:10C440000400BDF80600304400B2ADF806006A46AC
:10C4500039463846DFF7EEFB08B90020B0E700BFE9
:10C46000404601F08DF8054619E00121284602F00A
:10C470002FFE08B10020A3E74FF40021284602F068
:10C4800027FE40B905F1140239463846DFF7D2FBE2
:10C4900008B9002094E7284601F072F80546002DFF
:10C4A000E3D101208CE72DE9FE4F05460E464FF003
:10C4B00000083146284602F023FC0446002C46D0F2
:10C4C0003146284602F002FC0090009802283DDD2B
:10C4D000204604EBD0714910491C0CB23146284665
:10C4E00002F001FC204404B23146284602F0D4FB9D
:10C4F00081463146284602F0DCFB8246B9F1000F46
:10C5000001DD484601E0C9F10000BAF1000F01DD8C
:10C51000514601E0CAF10001884207DDB9F1000F80
:10C5200001DD484609E0C9F1000006E0BAF1000F5C
:10C5300001DD504601E0CAF10000204404B2A045EC
:10C5400001DD404600E02046804600BF00BF314686
:10C55000284602F02DF80746C7B13146284602F0BA
:10C560000DF88246BAF1020F0FDD3146284602F07F
:10C5700012F8814609EB0700404501DA404601E028
:10C5800009EB07000FFA80F800BF00BF00BF40F6BC
:10C590000A023146284602F017FB009000980FFA75
:10C5A00080FB00BF00BF40F60B023146284602F078
:10C5B0000BFB0090009800B202900298834501DDC9
:10C5C000584600E0029801900198002803DD019888
:10C5D00040440FFA80F84046BDE8FE8FFEB50446A1
:10C5E0000D46164600BF41F25D422946204602F044
:10C5F000EBFA00900098C0B2029000BF41F26A428C
:10C600002946204602F0E0FA00900098C0B201905E
:10C6100000BF9DF8080008B90120029000BF9DF8F6
:10C620000800FEBD10B5044600231A460921204625
:10C63000FFF744FC10BD10B5044600231A4609213B
:10C640002046FFF73BFC10BD10B5044600231A46F8
:10C6500009212046FFF732FC10BD10B50446002327
:10C660001A4609212046FFF729FC10BD10B50446E3
:10C6700000231A4609212046FFF720FC10BD10B503
:10C68000044600231A4609212046FFF717FC10BD77
:10C6900002460AB9002070471068884201D1012083
:10C6A000F9E70020F7E72DE9F04107460C46384648
:10C6B000EFF7BEFA80464046FEF782FC054615B904
:10C6C0000020BDE8F08141462846FEF75EFF2F605E
:10C6D0006C60002C30D1F6F7B3FE06461EB900BFE1
:10C6E00000BF0020EDE7F06840B90420FEF768FCC9
:10C6F000F060F0680560012070620DE0706A401C17
:10C700007062726A9100F068FEF77CFDF060706AFA
:10C71000401EF16841F820500020A8820021E982E3
:10C72000F6F7A6FE401E01B229830020F6F706FFA9
:10C73000401E01B2698329E000BF00BFA06810B9A4
:10C740002046FFF707FEA068006858B90420FEF7EE
:10C7500037FCA1680860A068006805600120A16836
:10C76000486013E0A0684068401CA1684860A26867
:10C7700052689100A2681068FEF744FDA168086045
:10C78000A068D0E90010401E41F82050284698E7E4
:10C7900070B50446204603F0FBF8002000F04AFB89
:10C7A000204608F09FFB204600F0A7F8012000F08B
:10C7B00041FB4FF6FF724FF47021204603F0FAFD63
:10C7C000204603F0DDFDFBF703FA06463EB12046A6
:10C7D00003F083F818B121463046FBF733F92046C1
:10C7E00000F0CEFE054665B1224622212846FAF722
:10C7F0001DFC224623212846FAF718FC204603F0A8
:10C8000004F870BD70B5044600BF00BF00BF00BF94
:10C81000204602F0FAFF0021204600F04CFD0546BC
:10C8200007E028460AF02FFD0021204600F043FDD6
:10C830000546002DF5D100231A461946204604F07E
:10C84000AAF8A06828B10020A16808820021A06889
:10C85000418200BF00BF70BD2DE9FF4105460C4677
:10C8600000BF00BF284603F04DF8064604F0100054
:10C8700068B16A4602A9284601F040F802A9284694
:10C8800002F0FDFF6946284602F0F9FF00BFE869A3
:10C89000A043E86104F0010078B1284602F0B5FF3A
:10C8A000284603F02FF840B1284600F069FE0746FD
:10C8B00003F06EF8284603F06BF8284603F022F8E0
:10C8C000B04202D104F0C07028B1284600F058FEF2
:10C8D000074603F05DF8BDE8FF8170B504460E46DB
:10C8E00000BF00BF208C20EA0605208CA84203D0A0
:10C8F0002946204604F044FA70BD70B50446256808
:10C900002068006828B12068006820602046FFF792
:10C91000F4FF25602068406818B12068214642680D
:10C92000904770BD2DE9F84381460C4665686DB3AC
:10C93000284600F0CBFE0746284600F0C1FF80469F
:10C94000002641F610023146284602F03DF90090DB
:10C950000098E98A0844A0EB080001B2E182E08A6D
:10C96000401E01B2618300BF41F6120231462846E3
:10C9700002F02AF900900098A98A0844C01B00B26E
:10C98000A082A08A401E01B2218300BF0220E06184
:10C99000E06940F48050E0611DB1E06940F400506E
:10C9A000E0611DB1E06940F44070E061E06940F091
:10C9B0000400E061E06940F01000E061E06940F0EF
:10C9C0002000E061E06940F04000E061E06940F48F
:10C9D0000060E0611DB1E06940F40040E061BDE845
:10C9E000F883000070B5044600BF00BF214604482C
:10C9F000FFF759FE05462846FFF7CAFE284670BDD8
:10CA0000008104082DE9F041064600BF00BF00BFC9
:10CA100000BF304602F0F9FE304600F0B1FD04469A
:10CA200014B1204604F01EF80025002754B9304602
:10CA300000F00CFD05460DB9BDE8F0812869B04253
:10CA400000D1012730460AF01EFC84B100212046A7
:10CA500003F0F9F8204604F005F8002222212046D0
:10CA6000FAF7E4FA002224212046FAF7DFFA1FB190
:10CA700000BF00BF0020286100BF00BF00BFDBE790
:10CA800070B506460C462046DFF756FC002000F045
:10CA9000D1F900BF184A0021204603F034FD00BF41
:10CAA000012000F0C7F900212046F2F76FFD204673
:10CAB00000F00CFD054615B12046FBF7C6F8A0684E
:10CAC000C0B1A068006830B1A1680868FEF746FBF5
:10CAD0000020A1680860A068C06830B1A168C8687B
:10CAE000FEF73CFB0020A168C860A068FEF736FB9B
:10CAF0000020A06070BD0000FFFF0F002DE9F04F87
:10CB0000A3B082465046FAF72AFA06465046FAF78C
:10CB100087FA0446122E6AD15046FAF77EFA054685
:10CB20002878022802D123B0BDE8F08F00212046EA
:10CB300001F069FC10B102202870F4E700212046C2
:10CB400002F09EF883460021204602F0E2F90746F3
:10CB50000021204602F0C3F9804604F1140121A807
:10CB6000F3F783FBBDF88400C01B00B2ADF884006E
:10CB7000BDF88800384400B2ADF88800BDF88600E2
:10CB8000A0EB080000B2ADF88600BDF88A00404472
:10CB900000B2ADF88A005A4621A96868DFF78BF821
:10CBA00010B901202870BEE70021204601F0B6FB35
:10CBB000FD2802DA01202870B5E74FF0000968224D
:10CBC0004946204602F000F820902098C0B210B1EB
:10CBD00001202870A7E70021204601F0A8FCFD28CD
:10CBE00002DA012028709EE70020287014E1152E3B
:10CBF0007ED15046FAF7BBF9834615A8F8F74EFBED
:10CC00000021204601F0A2FB30B19DF8770020F012
:10CC10000100401C8DF8770015AA0021204602F083
:10CC200045FC0021204602F074F90546002120460B
:10CC300002F055F9074604F1140113A8F3F715FBA8
:10CC4000BDF84C00401B00B2ADF84C00BDF85000E0
:10CC5000284400B2ADF85000BDF84E00C01B00B231
:10CC6000ADF84E00BDF85200384400B2ADF85200A5
:10CC7000594601A800F0D4F86848029000200390BB
:10CC800015A8059013A8049000200E9001AA1A215F
:10CC90002046FAF7CBF90021204601F0B4FB20B181
:10CCA000BDF8540008B1012000E000208146DDF805
:10CCB0006480B9F1000F01D00020199013AA15A9C2
:10CCC0005846F8F7CFFAB9F1000F26D01820FEF732
:10CCD000B1F90090BDF95420002304F1140100982B
:10CCE000F8F7C6F904F590710098F7F743FB00E0F8
:10CCF00019E0B8F1000F0FD000208DF857008DF823
:10CD000076008DF87E008DF88A00CDF8648013AA35
:10CD100015A95846F8F7A6FA00BF01AA1B2120461C
:10CD2000FAF784F978E0182E76D15046FAF71FF911
:10CD3000804641462046EAF7A7FA0021204601F046
:10CD400062FB60B104F59070F8F760FA05462DB10A
:10CD50002846F7F7F1FD2846FEF7E8F900BF002165
:10CD6000204601F0F3FA002855D015A8F8F796FAF6
:10CD700000208DF857008DF86E008DF87E008DF83C
:10CD80008A0015AA0021204602F090FB00212046CF
:10CD900002F0BFF805460021204602F0A0F8074641
:10CDA00004F1140113A8F3F760FABDF84C00401B1E
:10CDB00000B2ADF84C00BDF85000284400B2ADF808
:10CDC0005000BDF84E00C01B00B2ADF84E00BDF8DB
:10CDD0005200384400B2ADF85200414601A800F0BC
:10CDE0001FF80E4802900120039015A8059013A883
:10CDF000049000200E9001AA1A212046FAF716F995
:10CE000013AA15A94046F8F72DFA01AA1B212046BE
:10CE1000FAF70CF900BF00BF00BF84E600810408E8
:10CE200070B504460D4648212046FEF7AEFB25604E
:10CE300070BD00000149087070470000C900002063
:10CE40002DE9FF5F88464046FAF789F804464046D8
:10CE5000FAF78AF80546012C04D120212846FEF76E
:10CE6000BCFF01E2082C2BD120212846FFF735FD1D
:10CE70004046FAF7D2F807463846FCF7A4F9F0B96D
:10CE80000821284602F024F9C8B1284601F08CF99F
:10CE900000F0010020B901212846FEF79EFF03E0C3
:10CEA00001212846FFF719FD00221C212846FAF728
:10CEB000BDF80646012E01D0BDE8FF9F00BFD3E1BB
:10CEC000032C04D120212846FFF707FDCCE12A2CB2
:10CED00010D1284600F00DFA0746002607E0A868A2
:10CEE000006850F82690484602F052FD761CBE427B
:10CEF000F5D3B9E10D2C7CD10821284602F0E8F8E1
:10CF000008B34046FAF789F80678132E01D0112E9F
:10CF100004D101212846FEF760FF07E0142E01D05E
:10CF2000122E03D101212846FFF7D7FC0A2E09D083
:10CF300000221C212846FAF779F80746012F00D075
:10CF4000BAE700BF90E14FF40161284602F0C0F853
:10CF5000002886D0284602F0ABFC0028AFD1039011
:10CF6000284600F0B3FB0746284600F027FC814620
:10CF70004046FAF752F80678122E14D1284600F0EF
:10CF8000B3FC8346284600F0ABFA8246C0170AEB92
:10CF900090700BEBA00000B2029001462846039A65
:10CFA00003F044FD85E0112E14D1284600F09CFCCE
:10CFB0008346284600F094FA8246C0170AEB907028
:10CFC000ABEBA00000B2029001462846039A03F0A2
:10CFD0002DFD6EE0132E36D1284600F049FB00F0FF
:10CFE000030020B1002F19DCB9F1000F16DC284630
:10CFF00000E05FE000F078FC8346284600F070FA1D
:10D000008246C0170AEB90700BEBA00000B20290B2
:10D0100001462846039A03F009FD4AE0284600F03D
:10D0200059FC8346284601F0F6FF8246C0170AEBFA
:10D0300090700BEBA00000B2029001462846039AC4
:10D0400003F0D8FC35E0142E33D1284600F010FB55
:10D0500000F0030020B1002F17DCB9F1000F14DC41
:10D06000284600F041FC8346284600F039FA824603
:10D07000C0170AEB9070ABEBA00000B20290014623
:10D080002846039A03F0D2FC13E0284600F022FC65
:10D090008346284601F0BFFF8246C0170AEB907016
:10D0A000ABEBA00000B2029001462846039A03F0C1
:10D0B000A1FCD9E00E2C3AD14FF48061284602F051
:10D0C00007F818B10121284603F077FC4FF0000A59
:10D0D000284600F0FBF98346FAF780FD82460226D7
:10D0E000FCF72CF88146B9F1000F03D14046F9F75F
:10D0F0005AFF81464846FCF776F80746022F01D0D2
:10D10000042F01D146F00406BAF1000F06D046F014
:10D11000080631462846FEF760FE07E031462846FD
:10D12000FEF75BFE08212846FFF7D7FB9CE0092CA1
:10D1300004D140212846FEF750FE95E00A2C16D176
:10D1400040212846FFF7C9FB284601F003F80228D2
:10D150000CD16A4602A9284600F0D0FB02A9284655
:10D1600002F08DFB6946284602F089FB7CE00F2C1B
:10D1700004D10E212846FFF7B0FB75E0292C23D1FE
:10D180000021284601F015F881460021284601F0CB
:10D190008DF98246BAF1000F02D1B9F1000F02D029
:10D1A000284602F0F5FB284600F0A3F807460026C3
:10D1B00007E0A868006850F826B0584602F0E8FB7F
:10D1C000761CBE42F5D34FE0222C2FD1002641F22F
:10D1D00001023146284601F0F7FC0390039800B2A3
:10D1E000074600BF41F204023146284601F0ECFC3C
:10D1F0000390039800B281460021284600F0D9FF31
:10D2000082460021284601F051F98346BBF1000F08
:10D2100008D1BAF1000F05D142F2D170874201D096
:10D22000814502D1284602F0B3FB1DE0132C12D138
:10D230004046F9F7F2FE064600212846FFF733F98B
:10D240000746B6F90000B84202DDB6F9000000E07A
:10D250003846308008E0152C03D0182C01D0122C51
:10D2600002D14046FFF74AFC00BF25E62DE9F04118
:10D2700006460D4616B96868046800E0346800E0A8
:10D28000246814B120690028FAD014B90120BDE83F
:10D29000F081206908B90120F9E70020E8602946FB
:10D2A0002046226990470127287E00F0010000B146
:10D2B00000273846EBE7024600BF00BF906808B978
:10D2C00000207047002908DA90684068014400296E
:10D2D00001DA0020F5E70B4600E00B469068406855
:10D2E000984201D80020ECE79068006850F82100CF
:10D2F000E7E7014600BF00BF886808B90020704713
:10D3000088684068FBE770B505460C4605F11401D6
:10D310002046F2F7B3FFA868B8B12088A968898AC7
:10D32000401A00B22080A088A968898A084400B207
:10D33000A0806088A968898A401A00B26080E0886D
:10D34000A968898A084400B2E08070BD70B50646BD
:10D350000C4600BF00BF0021304601F006F805462C
:10D360002146304600F066F8684202B2684201B2D7
:10D370002046F3F7D5F80021304601F010FA218855
:10D38000084400B220800021304601F0B1FAA188A3
:10D39000081A00B2A0800021304601F06CFB6188C1
:10D3A000084400B260800021304601F01BF9E1889A
:10D3B000081A00B2E08070BD2DE9F041074600BFB9
:10D3C00000BF0021384601F056FB044600213846D4
:10D3D00001F008F905460021384600F0C6FF064670
:10D3E000384600F07DF8001B401B022101FB1600AF
:10D3F00000B2BDE8F0812DE9F041074600BF00BF53
:10D400000021384601F0CBF904460021384601F0EE
:10D410006FFA05460021384600F0A7FF0646384659
:10D4200001F0F9FD001B401B022101FB160000B2B8
:10D43000BDE8F08170B505460C4600BF00BF05F1A0
:10D4400014012046F2F71AFF70BD000070B50646C1
:10D4500000BF00BF706808B9354603E0304600F0F1
:10D4600097F805460E48DFF73CFF044611E000211F
:10D4700007E0E06850F82100A84201D1204670BDC5
:10D48000491C606A8842F4D821460548DFF741FF0D
:10D490000446002CEBD100BF00BF0020EFE70000E6
:10D4A000400C0020024600BF00BF906808B9002071
:10D4B00070479068807E884201D80020F8E7906825
:10D4C000C06801EB410300EB8300F1E7014600BFB8
:10D4D00000BF886810B18868806870470020FCE74A
:10D4E00010B5044600BF00BF04F11400F2F727FF97
:10D4F00010BD70B5064600BF00BF304600F040F8D2
:10D5000005460DB9002070BD002400BF08E021468B
:10D510002846FFF7D0FEB04201D12046F3E7641C55
:10D520002846FFF7E6FEA042F1D84FF0FF30EAE7C9
:10D530002DE9F04104460F4690461E46002518E0AE
:10D54000E06800EBC5004068C0F3006080B1E068AF
:10D5500000EBC500406820F07F40B04208D1E16890
:10D5600051F835004246394605F04CFDBDE8F081E2
:10D570006D1C608CC0F3C500A842E1D80020F5E71F
:10D58000014609B90020704700BF00BF4868FAE7AC
:10D5900010B5044600BF00BF224600BF1346184620
:10D5A000FFF7EEFF0246002AF8D1184610BD000032
:10D5B0002DE9F84F074600BF00BF2B4C3846FFF758
:10D5C00098FE8046002514E0B868006850F825B041
:10D5D0002649584601F087FD00B109E0BBF91A0061
:10D5E000A04201DA204601E0BBF91A00044600BF60
:10D5F0006D1C4545E8D30021384601F049FA0090FA
:10D600000021384600F0FBFF81460021384600F03B
:10D61000B9FE06461448844205D0788BA0EB090079
:10D62000801B201A04B2384600F09EFD8246384620
:10D63000FFF756FF0099401AA0EB0900022101FBF9
:10D640001600AAEB00000FFA80FA384600F04CF9F9
:10D65000AAEB00000FFA80FA544502DD2046BDE82F
:10D66000F88F5046FBE7000001E0FFFF01000400D7
:10D670000146886820B18868407E00F00F0070473E
:10D680000F20FCE770B506460D460E493046F1F70F
:10D69000A9FF044614B1606A404202E0304600F03F
:10D6A00019F900B2288008493046F1F79BFF04467B
:10D6B00014B1606A404202E0304600F015F900B251
:10D6C000688070BDC9A40308E5A403082DE9FC5FC8
:10D6D000044600BF00BF0021204600F0C5FD012820
:10D6E00009D0A06810B90020BDE8FC9FA068008A9E
:10D6F000404200B2F8E70021204601F006F901900F
:10D700000021204601F058F807460021204600F08D
:10D7100039FE80464FF0000941F6FF752046FFF7BD
:10D72000E8FD8246002617E0A068006850F8260051
:10D7300000902049009801F0D6FC00B10BE0009861
:10D74000B0F91400A84201DD284602E00098B0F9C3
:10D750001400054600BF761C5645E5D341F6FF7020
:10D76000854208D0A946A08A38444044A0EB09006D
:10D770000FFA80F901E0DFF84090204600F004FD48
:10D780008346204601F047FC0199401AC01B022144
:10D7900001FB1800ABEB00000FFA80FB204600F005
:10D7A00099F858440FFA80FBD94501DD48469BE7BC
:10D7B000584699E70100040001E0FFFF2DE9F84F0A
:10D7C000044600BF00BF0021204600F04DFD0128A7
:10D7D00008D1A06810B90020BDE8F88FA068B0F9A2
:10D7E0001000F9E72A4D2046FFF783FD804600260A
:10D7F00014E0A068006850F826B02649584601F0A9
:10D8000072FC00B109E0BBF91800A84201DA284611
:10D8100001E0BBF91800054600BF761C4645E8D379
:10D820000021204601F071F881460021204600F0D9
:10D83000C3FF00900021204600F0A4FD07461448D5
:10D84000854205D0208BA0EB0900C01B281A05B229
:10D85000204600F099FC8246204601F0DCFBA0EB5C
:10D8600009010098081A022101FB1700AAEB000029
:10D870000FFA80FA204600F02DF8AAEB00000FFA0C
:10D8800080FA554501DD2846A6E75046A4E700008A
:10D8900001E0FFFF010004000146886820B18868AC
:10D8A000007EC0F3810070470020FCE701468868D5
:10D8B00020B18868007EC0F3011070470020FCE7AB
:10D8C0000146886808B9002070478868408A40424D
:10D8D00000B2F9E70146886808B9002070478868F7
:10D8E000008A404200B2F9E70146886808B9002082
:10D8F00070478868408A404200B2F9E72DE9F04F4E
:10D9000095B005460C4616464FF0FF300346002200
:10D91000114600902046F2F725FE4FF0FF300346F7
:10D920000022114600903046F2F71CFE10212846D6
:10D9300001F0CEFB10B915B0BDE8F08F284600F01D
:10D9400009FC8046B8F1000F00D1F4E70020FBF796
:10D95000FBFB1490B8F1020F11D109E01498FBF70A
:10D9600032FCA84200D106E01498FBF7EDFB1490BE
:10D9700014980028F2D100BF149800B9DBE72846BC
:10D98000FFF79EFF13902846FFF712FE12902846DD
:10D99000FFF79CFE11902846FFF710FF10902846D5
:10D9A000FFF766FE0F9000200E900F9800F00C001D
:10D9B000A8B1B8F1010F10D0B8F1030F05D1139839
:10D9C00000280ADC1298002807DCB8F1020F06D103
:10D9D0001498FBF7E5FB0C2801D101200E900020E4
:10D9E0000D900F9800F00300A8B1B8F1010F10D00E
:10D9F000B8F1030F05D1119800280ADC109800280F
:10DA000007DCB8F1020F06D11498FBF7C9FB032815
:10DA100001D101200D900D9810B90E9800B98AE738
:10DA20004FF48031284600F01FFC012800D100E0AF
:10DA300000200C904FF48031284601F029F88346ED
:10DA40004FF48031284600F0DAFD0B904FF480311E
:10DA5000284600F0B1FE07464FF48031284600F01A
:10DA600054FF81464FF48030039041F20102284672
:10DA7000039901F0A9F80290029800B20A90284692
:10DA8000FFF72EFD0990284601F0C5FA08900E9880
:10DA900008B10A9800E0002082460D9808B10A9863
:10DAA00000E0002007904FF48030039021222846A8
:10DAB000039901F089F802900298C0B202280DDAA9
:10DAC0004FF48030039031222846039901F07CF80E
:10DAD00002900298C0B2022800DA2CE71399099844
:10DAE00001441298084400B205900E9800287DD099
:10DAF00005980028FBD0E88A7080688BF0800C982D
:10DB000050B1A88A384400B2308031880A9808445D
:10DB1000401E00B2B0800AE0288BA0EB090000B2E2
:10DB2000B080B1880A98081A401C00B23080099869
:10DB3000A0EB0B010B98091A0798081A099948439A
:10DB4000059990FBF1F000B203900020F5F77EFC00
:10DB500000EB8000502101EB4000A02190FBF1F090
:10DB600001280BDD0020F5F771FC00EB800050214F
:10DB700001EB4000A02190FBF1F000E001200399AF
:10DB8000884201DA039819E00020F5F75FFC00EB0A
:10DB90008000502101EB4000A02190FBF1F0012812
:10DBA0000BDD0020F5F752FC00EB8000502101EB6B
:10DBB0004000A02190FBF1F000E0012000B20390B2
:10DBC0000998A0EB0B010B98091A0798091A0398FA
:10DBD000081A00B2069009990598401A00B20290FE
:10DBE000029800280EDCE88A584400E0BFE000B24A
:10DBF0007080698B0B98091A0798081A401E00B2AA
:10DC0000F080B3E0129906984843029990FBF1F036
:10DC100000B2019001990698401A00B20190E98A79
:10DC200001980844584400B27080718803980844F1
:10DC3000401E00B2F080B6F90210B5F91600584443
:10DC4000814242DAE88A584400B270800020F5F739
:10DC5000FDFB00EB8000502101EB4000A02190FB78
:10DC6000F1F001280BDD0020F5F7F0FB00EB800060
:10DC7000502101EB4000A02190FBF1F000E00120D9
:10DC8000B6F902100844B6F9061088421DDD0020DE
:10DC9000F5F7DCFB00EB8000502101EB4000A021F8
:10DCA00090FBF1F001280BDD0020F5F7CFFB00EB36
:10DCB0008000502101EB4000A02190FBF1F000E03A
:10DCC00001207188084400B2F080B6F90610B5F959
:10DCD0001A200798121A0B98101A814245DD698B99
:10DCE0000798091A0B98081A00B2F0800020F5F77F
:10DCF000ADFB00EB8000502101EB4000A02190FB28
:10DD0000F1F001280BDD0020F5F7A0FB00EB80000F
:10DD1000502101EB4000A02190FBF1F000E0012038
:10DD2000B6F90610081AB6F9021088421DDA00206A
:10DD3000F5F78CFB00EB8000502101EB4000A021A7
:10DD400090FBF1F001280BDD0020F5F77FFB00EBE5
:10DD50008000502101EB4000A02190FBF1F000E099
:10DD60000120F188081A00B2708000BF00BF11992D
:10DD7000089801441098084400B204900D980028B7
:10DD800079D004980028FBD0698B0B98081A00B250
:10DD9000E080E1880A98081A401C00B26080A88AD6
:10DDA0002080288BA0800898C01BA0EB0900A0EB66
:10DDB0000A0008994843049990FBF1F000B20390DF
:10DDC0000020F5F743FB00EB8000502101EB400001
:10DDD000A02190FBF1F001280BDD0020F5F736FBC8
:10DDE00000EB8000502101EB4000A02190FBF1F0FE
:10DDF00000E001200399884201DA039819E000202D
:10DE0000F5F724FB00EB8000502101EB4000A0213E
:10DE100090FBF1F001280BDD0020F5F717FB00EB7C
:10DE20008000502101EB4000A02190FBF1F000E0C8
:10DE3000012000B203900898C01BA0EB0900A0EBE2
:10DE40000A010398081A00B2069008990498401A2B
:10DE500000B20290029800281BDC0C9860B1A88ADE
:10DE600038445044401E00B22080288BA0EB0900AB
:10DE700000B2A0806BE16BE1A88A384400B2208038
:10DE8000288BA0EB0900A0EB0A00401E00B2A08086
:10DE90005DE1109906984843029990FBF1F000B2B9
:10DEA000019001990698401A00B201900C98002840
:10DEB0007ED0A98A019808443844504400B220809A
:10DEC000218803980844401E00B2A080B4F90000E5
:10DED000B5F9141039445144884243DAA88A3844C9
:10DEE000504400B220800020F5F7B0FA00EB80002B
:10DEF000502101EB4000A02190FBF1F001280BDD47
:10DF00000020F5F7A3FA00EB8000502101EB400060
:10DF1000A02190FBF1F000E00120B4F900100844CA
:10DF2000B4F9041088421DDD0020F5F78FFA00EBEC
:10DF30008000502101EB4000A02190FBF1F001286E
:10DF40000BDD0020F5F782FA00EB8000502101EB99
:10DF50004000A02190FBF1F000E00120218808445E
:10DF600000B2A080B4F90410B5F91800A0EB0900C4
:10DF7000814244DD288BA0EB090000B2A080002084
:10DF8000F5F764FA00EB8000502101EB4000A0217E
:10DF900090FBF1F001280CDD0020F5F757FA00EBBB
:10DFA0008000502101EB4000A02190FBF1F001E046
:10DFB00026E00120B4F90410081AB4F900108842D0
:10DFC0001DDA0020F5F742FA00EB8000502101EB4A
:10DFD0004000A02190FBF1F001280BDD0020F5F7B7
:10DFE00035FA00EB8000502101EB4000A02190FBAE
:10DFF000F1F000E00120A188081A00B22080A5E01D
:10E00000A98A01980844384400B2208021880398E6
:10E010000844401E00B2A080B4F90000B5F9141005
:10E020003944884242DAA88A384400B2208000206D
:10E03000F5F70CFA00EB8000502101EB4000A02125
:10E0400090FBF1F001280BDD0020F5F7FFF900EB64
:10E050008000502101EB4000A02190FBF1F000E096
:10E060000120B4F900100844B4F9041088421DDD01
:10E070000020F5F7EBF900EB8000502101EB4000A8
:10E08000A02190FBF1F001280BDD0020F5F7DEF96F
:10E0900000EB8000502101EB4000A02190FBF1F04B
:10E0A00000E001202188084400B2A080B4F90410E7
:10E0B000B5F91800A0EB0A00A0EB0900814245DD8C
:10E0C000288BA0EB0A00A0EB090000B2A080002082
:10E0D000F5F7BCF900EB8000502101EB4000A021D6
:10E0E00090FBF1F001280BDD0020F5F7AFF900EB14
:10E0F0008000502101EB4000A02190FBF1F000E0F6
:10E100000120B4F90410081AB4F9001088421DDA8D
:10E110000020F5F79BF900EB8000502101EB400057
:10E12000A02190FBF1F001280BDD0020F5F78EF91E
:10E1300000EB8000502101EB4000A02190FBF1F0AA
:10E1400000E00120A188081A00B2208000BF00BFB3
:10E1500000BF13E40146886820B18868007E00F0A3
:10E16000030070470320FCE738B504460548006803
:10E1700000906A462C212046F8F758FFBDF90200AE
:10E1800038BD00002081040838B504460548006801
:10E1900000906A462C212046F8F748FFBDF90000A0
:10E1A00038BD00001C810408014600BF00BF088C78
:10E1B000704738B504460D4641F20902294620460B
:10E1C00000F002FD00900098C0B238BD38B504469A
:10E1D0000D4641F209022946204600F0F5FC009068
:10E1E0000098C0B238BD38B504460D4666222946AF
:10E1F000204600F0E9FC0090009838BD38B5044690
:10E200000D4651222946204600F0DEFC0090009881
:10E2100008B1012038BD0020FCE738B504460D46A2
:10E220004FF405622946204600F0CEFC009000988D
:10E2300000B238BD38B504460D464FF40562294694
:10E24000204600F0C1FC0090009800B238BD38B5FF
:10E2500004460D4641F26A422946204600F0B4FCCD
:10E2600000900098C0B238BD38B504460D4641F262
:10E270006A422946204600F0A7FC00900098C0B2F0
:10E2800038BD38B504460D4641F26A42294620465B
:10E2900000F09AFC00900098C0B238BD38B5044632
:10E2A0000D4641F26A422946204600F08DFC00905E
:10E2B0000098C0B238BD38B504460D4641F26A42F6
:10E2C0002946204600F080FC00900098C0B238BD7E
:10E2D00038B504460D4641F26A422946204600F010
:10E2E00073FC00900098C0B238BD38B504460D46A6
:10E2F00041F26A422946204600F066FC00900098F0
:10E30000C0B238BD38B504460D4644F22002294655
:10E31000204600F059FC0090009838BD38B50446FE
:10E320000D4621222946204600F04EFC0090009820
:10E33000C0B238BD38B504460D466822294620468D
:10E3400000F042FC00900098C0B238BD38B50446D9
:10E350000D4634222946204600F036FC00900098F5
:10E3600008B1012038BD0020FCE738B504460D4651
:10E3700041F232022946204600F026FC0090009827
:10E3800000B238BD38B504460D4641F23202294686
:10E39000204600F019FC0090009800B238BD38B556
:10E3A00004460D4641F232022946204600F00CFC9C
:10E3B0000090009800B238BD38B504460D4641F2D1
:10E3C00032022946204600F0FFFB0090009800B280
:10E3D00038BD38B504460D4641F232022946204682
:10E3E00000F0F2FB0090009800B238BD38B504464A
:10E3F0000D4641F232022946204600F0E5FB00902E
:10E40000009800B238BD38B504460D466122294651
:10E41000204600F0D9FB0090009808B1012038BDDB
:10E420000020FCE738B504460D4605480288294619
:10E43000204600F0C9FB00900098C0B238BD000033
:10E44000F400002038B504460D4641F20402294686
:10E45000204600F0B9FB0090009800B238BD38B5F6
:10E4600004460D4641F204022946204600F0ACFB6A
:10E470000090009800B238BD38B504460D4641F210
:10E4800004022946204600F09FFB0090009800B24D
:10E4900038BD38B504460D4641F2040229462046EF
:10E4A00000F092FB0090009800B238BD38B50446E9
:10E4B0000D4641F269022946204600F085FB009096
:10E4C000009880B238BD38B504460D4641F2690265
:10E4D0002946204600F078FB0090009880B238BDB5
:10E4E00038B504460D4640F649022946204600F05C
:10E4F0006BFB0090009800B238BD38B504460D465D
:10E5000041F206022946204600F05EFB009000988A
:10E5100000B238BD38B504460D4641F20502294621
:10E52000204600F051FB0090009800B238BD38B58D
:10E5300004460D4640F262422946204600F044FB64
:10E5400000900098C0B238BD38B504460D4640F280
:10E5500062422946204600F037FB00900098C0B286
:10E5600038BD38B504460D4640F262422946204681
:10E5700000F02AFB00900098C0B238BD38B50446C0
:10E580000D4640F63C022946204600F01DFB009057
:10E590000098C0B238BD38B504460D4640F63D027D
:10E5A0002946204600F010FB0090009800B238BDCC
:10E5B00038B504460D4640F63A022946204600F09A
:10E5C00003FB0090009800B238BD38B504460D46F4
:10E5D00041F611022946204600F0F6FA0090009814
:10E5E00000B238BD38B504460D4641F61102294641
:10E5F000204600F0E9FA0090009800B238BD38B526
:10E6000004460D4641F611022946204600F0DCFA88
:10E610000090009800B238BD38B504460D4641F66A
:10E6200011022946204600F0CFFA0090009800B26F
:10E6300038BD38B504460D4641F61102294620463C
:10E6400000F0C2FA0090009800B238BD38B5044618
:10E650000D4641F611022946204600F0B5FA009019
:10E66000009800B238BD38B504460D4641F6110297
:10E670002946204600F0A8FA0090009800B238BD64
:10E6800038B504460D4641F611022946204600F0F1
:10E690009BFA0090009800B238BD38B504460D468C
:10E6A00041F611022946204600F08EFA00900098AB
:10E6B00000B238BD38B504460D4641F61102294670
:10E6C000204600F081FA0090009800B238BD38B5BD
:10E6D00004460D4641F611022946204600F074FA20
:10E6E0000090009800B238BD38B504460D4641F69A
:10E6F00011022946204600F067FA0090009800B207
:10E7000038BD38B504460D4641F615022946204667
:10E7100000F05AFA0090009800B238BD38B50446AF
:10E720000D4641F615022946204600F04DFA0090AC
:10E73000009800B238BD38B504460D4641F61502C2
:10E740002946204600F040FA0090009800B238BDFB
:10E7500038B504460D4641F615022946204600F01C
:10E7600033FA0090009800B238BD38B504460D4623
:10E7700041F615022946204600F026FA009000983E
:10E7800000B238BD38B504460D4641F6120229469E
:10E79000204600F019FA0090009800B238BD38B554
:10E7A00004460D4641F612022946204600F00CFAB6
:10E7B0000090009800B238BD38B504460D4641F6C9
:10E7C00012022946204600F0FFF90090009800B29E
:10E7D00038BD38B504460D4641F61202294620469A
:10E7E00000F0F2F90090009800B238BD38B5044648
:10E7F0000D4641F612022946204600F0E5F9009048
:10E80000009800B238BD38B504460D4641F61202F4
:10E810002946204600F0D8F90090009800B238BD93
:10E8200038B504460D4641F612022946204600F04E
:10E83000CBF90090009800B238BD38B504460D46BB
:10E8400041F612022946204600F0BEF900900098D9
:10E8500000B238BD38B504460D4641F612022946CD
:10E86000204600F0B1F90090009800B238BD38B5EC
:10E8700004460D4641F612022946204600F0A4F94E
:10E880000090009800B238BD38B504460D4641F6F8
:10E8900012022946204600F097F90090009800B235
:10E8A00038BD38B504460D4641F6120229462046C9
:10E8B00000F08AF90090009800B238BD38B50446DF
:10E8C0000D4641F612022946204600F07DF90090DF
:10E8D000009800B238BD38B504460D4641F6130223
:10E8E0002946204600F070F90090009800B238BD2B
:10E8F00038B504460D4641F613022946204600F07D
:10E9000063F90090009800B238BD38B504460D4652
:10E9100041F613022946204600F056F9009000986F
:10E9200000B238BD38B504460D4641F613022946FB
:10E93000204600F049F90090009800B238BD38B583
:10E9400004460D4641F613022946204600F03CF9E4
:10E950000090009800B238BD38B504460D4641F627
:10E9600013022946204600F02FF90090009800B2CB
:10E9700038BD38B504460D4641F6130229462046F7
:10E9800000F022F90090009800B238BD38B5044676
:10E990000D4641F613022946204600F015F9009075
:10E9A000009800B238BD38B504460D4641F6130252
:10E9B0002946204600F008F90090009800B238BDC2
:10E9C00038B504460D4641F613022946204600F0AC
:10E9D000FBF80090009800B238BD38B504460D46EB
:10E9E00041F613022946204600F0EEF80090009808
:10E9F00000B238BD38B504460D4641F6130229462B
:10EA0000204600F0E1F80090009800B238BD38B51B
:10EA100004460D4641F614022946204600F0D4F87B
:10EA20000090009800B238BD38B504460D4641F656
:10EA300014022946204600F0C7F80090009800B262
:10EA400038BD38B504460D4641F614022946204625
:10EA500000F0BAF80090009800B238BD38B504460E
:10EA60000D4641F610022946204600F0ADF8009010
:10EA7000009800B238BD38B504460D4641F6100284
:10EA80002946204600F0A0F80090009800B238BD5A
:10EA900038B504460D4641F610022946204600F0DE
:10EAA00093F80090009800B238BD38B504460D4682
:10EAB00041F610022946204600F086F800900098A2
:10EAC00000B238BD38B504460D4641F6100229465D
:10EAD000204600F079F80090009800B238BD38B5B3
:10EAE00004460D4641F610022946204600F06CF817
:10EAF0000090009800B238BD38B504460D4641F686
:10EB000010022946204600F05FF80090009800B2FD
:10EB100038BD38B504460D4641F610022946204658
:10EB200000F052F80090009800B238BD38B50446A5
:10EB30000D4641F610022946204600F045F80090A7
:10EB4000009800B238BD38B504460D4641F61002B3
:10EB50002946204600F038F80090009800B238BDF1
:10EB600038B504460D4641F610022946204600F00D
:10EB70002BF80090009800B238BD38B504460D4619
:10EB800041F610022946204600F01EF80090009839
:10EB900000B238BD38B504460D4641F6100229468C
:10EBA000204600F011F80090009800B238BD38B54A
:10EBB00004460D4641F610022946204600F004F8AE
:10EBC0000090009800B238BD2DE9F84305460E4686
:10EBD0001446C4F38029C4F38038B8F1000F01D083
:10EBE00024F48044002714E06B4622463146284630
:10EBF000EDF747FB074607B10DE0B9F1000F00D173
:10EC000009E00EB1002604E02846FEF7B9FC0546EF
:10EC100000BF002DE8D100BF0FBB0EBB41F20100C9
:10EC2000844202D0C01C84421AD128680AE041F212
:10EC300001018C4202D1818A19B105E0C18A01B17A
:10EC400002E000680028F2D100BF41F201018C42CD
:10EC500002D1B0F9141001E0B0F91610009103E0F0
:10EC6000204604F05FFA0090B8F1000F05D031465D
:10EC70002846009ADFF7FCFF00900098BDE8F88373
:10EC800038B504460D46602229462046FFF79CFF12
:10EC90000090009800B238BD38B504460D4640F6E5
:10ECA000410229462046FFF78FFF0090009800B2EE
:10ECB00038BD38B504460D4640F642022946204686
:10ECC000FFF782FF0090009800B238BD38B50446C7
:10ECD0000D4640F6450229462046FFF775FF009095
:10ECE0000098C0B238BD38B504460D4640F6430220
:10ECF00029462046FFF768FF0090009800B238BD13
:10ED000038B504460D464FF4046229462046FFF705
:10ED10005BFF0090009800B238BD38B504460D4640
:10ED200044F2574229462046FFF74EFF00900098D4
:10ED300038BD38B504460D4641F2594229462046B1
:10ED4000FFF742FF0090009838BD38B504460D46E5
:10ED500041F2594229462046FFF736FF00900098BD
:10ED600038BD38B504460D4641F259422946204681
:10ED7000FFF72AFF0090009838BD38B504460D46CD
:10ED800041F2594229462046FFF71EFF00900098A5
:10ED900038BD38B504460D4641F259422946204651
:10EDA000FFF712FF0090009838BD38B504460D46B5
:10EDB00041F2594229462046FFF706FF009000988D
:10EDC00038BD38B504460D4641F259422946204621
:10EDD000FFF7FAFE0090009838BD38B504460D469E
:10EDE00041F25A4229462046FFF7EEFE0090009875
:10EDF00000B238BD38B504460D4641F25A422946A4
:10EE00002046FFF7E1FE0090009800B238BD38B50B
:10EE100004460D4641F25A4229462046FFF7D4FEE9
:10EE20000090009800B238BD38B504460D4641F256
:10EE30005B4229462046FFF7C7FE0090009800B2CB
:10EE400038BD38B504460D4641F25B42294620469E
:10EE5000FFF7BAFE0090009800B238BD38B50446FE
:10EE60000D4641F25B4229462046FFF7ADFE009079
:10EE7000009800B238BD38B504460D4641F25B42F9
:10EE800029462046FFF7A0FE0090009800B238BD4A
:10EE900038B504460D4641F25B4229462046FFF74D
:10EEA00093FE0090009800B238BD38B504460D4678
:10EEB00041F25B4229462046FFF786FE009000980B
:10EEC00000B238BD38B504460D4643F60F02294658
:10EED0002046FFF779FE0090009800B238BD38B5A3
:10EEE00004460D4640F60B0229462046FFF76CFE0D
:10EEF0000090009800B238BD38B504460D4640F683
:10EF00000B0229462046FFF75FFE0090009800B2F2
:10EF100038BD38B504460D4640F60A02294620465B
:10EF2000FFF752FE0090009800B238BD38B5044695
:10EF30000D4640F60A0229462046FFF745FE00909E
:10EF4000009800B238BD38B504460D4643F60E02AF
:10EF500029462046FFF738FE0090009800B238BDE1
:10EF600038B504460D4641F2010229462046FFF716
:10EF70002BFE0090009800B238BD38B504460D460F
:10EF800041F2010229462046FFF71EFE009000983C
:10EF900000B238BD38B504460D4641F2010229469B
:10EFA0002046FFF711FE0090009800B238BD38B53A
:10EFB00004460D4641F2010229462046FFF704FEB1
:10EFC0000090009800B238BD38B504460D4641F2B5
:10EFD000010229462046FFF7F7FD0090009800B295
:10EFE00038BD38B504460D4641F207022946204691
:10EFF000FFF7EAFD0090009800B238BD38B504462E
:10F000000D4641F2080229462046FFF7DDFD00903B
:10F01000009800B238BD10B5044600BF00BF04F12F
:10F020001400F1F706FA10BD70B5064600BF00BF28
:10F030003046FEF7A5FA0546ADB1B08AA98A401A56
:10F0400004B22846FEF746FC204404B200212846BC
:10F05000FFF7A5FB201A04B200212846FFF785F927
:10F06000201A04B201E0B6F91440204670BD70B514
:10F07000064600BF00BF3046FEF782FA0546ADB136
:10F08000F18AE88A081A04B22846FEF72DFC2044CB
:10F0900004B200212846FFF7EEFC201A04B200213A
:10F0A0002846FFF762F9201A04B201E0B6F91640CB
:10F0B000204670BD70B5044600BF00BF2046FFF774
:10F0C000D6FF05462046FEF70BFA284400B270BD75
:10F0D000024600BF00BFD0690840884201D101202C
:10F0E00070470020FCE7024600BF00BFD06908401F
:10F0F00008B1012070470020FCE7024600BF00BFB6
:10F10000108C084008B1012070470020FCE77FB553
:10F1100006460D4602213046FFF7DAFF10B90020FF
:10F1200004B070BD80213046FFF7E7FF08B1002032
:10F13000F6E702A93046FEF7E6F80022294602A8C3
:10F14000DCF78FFE04460CB90020E9E74FF480316C
:10F150003046FFF7BDFF58B1009501208DF804003F
:10F160006A4611213046F7F761FF9DF80400D7E7A2
:10F170002046D5E72DE9FC4705460E46144600BF5C
:10F180004FF4056231462846FFF71EFD01900198B5
:10F1900000B26080608808B9BDE8FC8700BF5322D8
:10F1A00031462846FFF710FD01900198C0B2207348
:10F1B000207B022800DCEFE731462846FFF7C4F940
:10F1C0000746FD2F03DA207B784300122073207B53
:10F1D000022800DCE0E700BF44F252023146284634
:10F1E000FFF7F2FC009000980190BDF80400208029
:10F1F00000BF542231462846FFF7E6FC01900198F3
:10F20000A060A846B146512249464046FFF7DCFCC3
:10F210000190019808B1012000E00020617B60F3BB
:10F220008201617331462846FFF784F8617B60F301
:10F230000101617300BFAFE72DE9FC4105460E46B1
:10F24000144600BF462231462846FFF7BDFC019018
:10F250000198C0B2E072E07A022801DCBDE8FC81CE
:10F2600031462846FFF770F90746FD2F03DAE07AAA
:10F2700078430012E072E07A022800DCEEE700201A
:10F2800020804FF48070608000BF298BAA8A891A81
:10F29000491C09B2084601EBD0714910A18000BF9A
:10F2A000698BEA8A891A491C09B2084601EBD071B8
:10F2B0004910E18000BF482231462846FFF784FC10
:10F2C00001900198C0B2A072A07A00280CDD00BFA6
:10F2D00044F2470231462846FFF776FC009000983A
:10F2E0000190BDF80400208131462846FFF722F83E
:10F2F000207300BFB2E7F8B505460E46144600BFBE
:10F300004FF48B6231462846FFF75EFC0090009870
:10F31000C0B2A076A07E022800DCF8BD31462846A7
:10F32000FFF712F90746FD2F03DAA07E784300129B
:10F33000A076A07E022800DCEFE731462846FFF7E2
:10F34000ECFC0090BDF80000A08100BF41F25A42E1
:10F3500031462846FFF738FC0090009800B2A082A2
:10F3600000BF41F25B4231462846FFF72DFC00907A
:10F37000009800B2608200BF40F25C4231462846ED
:10F38000FFF722FC00900098A17F60F30201A177B3
:10F3900031462846FEF7CEFFA17F60F3C501A17775
:10F3A00031462846FFF7C5FC206000BF41F25D42B0
:10F3B00031462846FFF708FC00900098C0B220773D
:10F3C00000BFAAE72DE9FC4705460E46144600BFDC
:10F3D00040F6490231462846FFF7F6FB01900198B6
:10F3E00000B26080608808B9BDE8FC8700BF4E228B
:10F3F00031462846FFF7E8FB01900198C0B2207221
:10F40000207A022800DCEFE731462846FFF79CF817
:10F410000746FD2F03DA207A784300122072207A03
:10F42000022800DCE0E700BF44F24D0231462846E6
:10F43000FFF7CAFB009000980190BDF804002080FF
:10F4400000BF4A2231462846FFF7BEFB01900198D3
:10F4500000B2A080A08848B100BF4B2231462846A8
:10F46000FFF7B2FB0190019800B2E080A846B146D8
:10F470004C2249464046FFF7A7FB0190019808B18E
:10F48000012000E00020617A60F382016172607AFD
:10F49000810861F3C300607231462846FEF74AFFD7
:10F4A000617A60F30101617200BF9DE72DE9FC47BD
:10F4B00006460D46144600BF602229463046FFF737
:10F4C00083FB0190019800B2208025B12946304687
:10F4D000FFF73AF800E0FF20804629463046FFF764
:10F4E00033F80746022F02DDB8F1020F09DC0020D5
:10F4F000E07084F8220084F8360084F82A00BDE821
:10F50000FC8729463046FEF715FFA070E0780028FA
:10F5100070D000BF212229463046FFF755FB0190ED
:10F520000198C0B2E070E078022863DD29463046D9
:10F53000FEF7E8FE0190BDF80400A08000BF26227F
:10F5400029463046FFF740FB019001988146B9F10A
:10F55000000F0AD099F8090000F0070028B10A222C
:10F560004946A01DFBF783FE43E000BF2322294646
:10F570003046FFF729FB01900198E17B60F302011F
:10F58000E173E07B00F0070038B329463046FEF710
:10F59000B9FE0190BDF80400E08000BF44F22202F1
:10F5A00029463046FFF710FB009000980190A01DFF
:10F5B000BDF80410618100BF242229463046FFF7C0
:10F5C00003FB01900198207200BF25222946304696
:10F5D000FFF7FAFA01900198207300BF272229460D
:10F5E0003046FFF7F1FA01900198E17B60F3C50125
:10F5F000E17300BF00BF41F2320229463046FFF7F7
:10F60000E3FA0190019800B22084208C60B394F852
:10F61000220048B300BF312229463046FFF7D4FA12
:10F6200001900198C0B284F8220094F822000228C8
:10F630001ADD00BF332229463046FFF7C5FA019094
:10F64000019894F8231060F3450184F8231000BF5B
:10F6500044F2300229463046FFF7B6FA009000988F
:10F660000190BDF80400E08329463046FEF7A0FF74
:10F67000E084E08CF0B194F82A00D8B129463046F5
:10F68000FEF77CFF84F82A0094F82A00022811DD96
:10F6900029463046FEF77FFF208500BF44F23B023B
:10F6A00029463046FFF790FA009000980190BDF887
:10F6B0000400A084A07E002851D000BF40F628029C
:10F6C00029463046FFF780FA0190019820612069B1
:10F6D000002844D000BF292229463046FFF774FA9B
:10F6E00001900198C0B2A076A07E022837DD206983
:10F6F000F9F7C4FC02280DD129463046FFF719FB63
:10F70000606129463046FFF708FB0190BDF8040010
:10F71000208324E000BF44F22A0229463046FFF746
:10F7200053FA009000980190BDF80400208300BFB8
:10F730002B2229463046FFF747FA01900198C0B2C4
:10F74000E076B146AA462C2251464846FFF73CFADD
:10F750000190019808B1012000E00020207794F882
:10F76000360080B329463046FFF7CAFAE085E08DBF
:10F7700048B394F83600022825DD29463046FFF7C5
:10F78000A5FA84F8360094F8360002281BDD2946D5
:10F790003046FFF781FA208629463046FFF789FA7E
:10F7A000608629463046FFF79EFAA08600BF44F2E5
:10F7B000440229463046FFF707FA0090009801906E
:10F7C000BDF80400A085B8F1FD0F02DA08FB07F0D0
:10F7D0000712FD2F17DA173414F8140C78430012AF
:10F7E00004F8140CE07878430012E070E07A784373
:10F7F0000012E072E07F78430012E077E07C78430B
:10F800000012E074173C00BF79E67CB5054600BFE6
:10F8100000BF03E02846FDF7B3FE05462846FDF786
:10F82000AFFE30B14FF400212846FFF751FC00280D
:10F83000F0D12846DDF72FFE044605F11401684695
:10F84000F0F71CFDBDF80000001B00B2ADF8000091
:10F85000BDF80200001B00B2ADF80200BDF80400C4
:10F86000204400B2ADF80400BDF80600204400B208
:10F87000ADF806006946284600F001F87CBD2DE988
:10F88000FC4105460E4600BF00BF31466846F0F712
:10F89000F5FC69462846FCF789FD044634B1284644
:10F8A000FDF7D4FD07466946DDF787FCBDE8FC811E
:10F8B0000246116800E0096821B1087E00F00300EB
:10F8C0000028F8D009B900207047087E00F0030036
:10F8D000012800D1F8E70020F6E70246116800E0B1
:10F8E000096821B1087EC0F381000028F8D009B969
:10F8F00000207047087EC0F38100012800D1F8E79E
:10F900000020F6E770B506460B493046FFF7EBFBE3
:10F9100008B1002070BD3046FDF732FE04460CB938
:10F920000020F7E700212046FEF7CDFD05460DB18A
:10F930000120EFE70020EDE7010006007CB5054659
:10F9400000BF00BF2846DDF7A6FD044605F11401FF
:10F950006846F0F793FCBDF80000001B00B2ADF85C
:10F960000000BDF80200001B00B2ADF80200BDF8B7
:10F970000400204400B2ADF80400BDF806002044A5
:10F9800000B2ADF8060069462846FCF70FFD7CBDC5
:10F9900070B50446608C20F00100401C6084204655
:10F9A000FDF7F6FD0546688C20F00200801C688497
:10F9B0002846FDF74BFD0646706810B1706805F0EB
:10F9C000D3FC70BD2DE9F04780460D46164699469A
:10F9D0004046FDF78EFC8246002726E0D8F8080056
:10F9E000006850F82740B9F1000F06D04FF480218D
:10F9F0002046FFF76DFB00B116E0A08A284400B254
:10FA0000A082E08A304401B2E182208B284401B216
:10FA10002183608B304401B2618300233246294642
:10FA20002046FFF7CFFF00BF7F1C5745D6D3BDE868
:10FA3000F08770B504462046FDF7A2FD0646304625
:10FA4000FDF757FC451E2946204600F0ACF870BD76
:10FA50002DE9F04F85B004460E4617466568002D27
:10FA600034D000212846FEF79AFE8246002128461F
:10FA7000FFF701F883464FF480212046FFF728FB6B
:10FA800040B1A88A5044304406B2E88A5844384409
:10FA900007B20FE02846FDF71DFFA98A5144081A56
:10FAA000304406B22846FDF71FFFE98A5944081A78
:10FAB000384407B200212846FEF757FC814606EB82
:10FAC000090006B207EB090007B200BFA08A301A8E
:10FAD00000B2ADF81000E08A381A00B2ADF812009A
:10FAE000BDF8100028B9BDF8120010B905B0BDE886
:10FAF000F08F2046FFF789FE02A92046FDF79AFC09
:10FB00004FF000087DB169462846FDF71FFC002232
:10FB1000694602A8DCF7CFF88046B8F1000F02D1A1
:10FB2000284600F09FFFA08ABDF81010084400B2DC
:10FB3000A082E08ABDF81210084401B2E182208B55
:10FB4000BDF81010084401B22183608BBDF812107B
:10FB5000084401B26183BDF91220BDF910100023E1
:10FB60002046FFF72FFF25B1224622212846F7F72E
:10FB70005DFA2046FFF749FE9DB10022694604F177
:10FB80001400DCF798F88146B8F1000F05D1B8F100
:10FB9000000F05D1B9F1000F02D0284600F062FF36
:10FBA00000BF00BFA2E72DE9F04180460C4600BF30
:10FBB00000BF002C06DA4046FDF7E2FC0246FDF7E6
:10FBC00098FB04444046FDF794FC07464046FDF789
:10FBD000D7FC0646002C01DABDE8F0813046FDF77F
:10FBE00088FBA04200DCF7E7BC4200D1F4E73D46C9
:10FBF000BC420DDA09E0B0680168681E51F82000C7
:10FC0000B168096841F825006D1EA542F3DC0CE0DF
:10FC100009E0B0680168681C51F82000B168096803
:10FC200041F825006D1CA542F3DBB068006840F880
:10FC30002480002222213046F7F7F8F93046FFF7FA
:10FC4000E4FD00BFC8E72DE9F04107460E463846FF
:10FC5000FDF72CFEC8B93846FDF732FE054638469A
:10FC6000FDF7A6FC0446002C0EDA002D0CDD6042E8
:10FC7000854201DA284600E0604204B2334622465B
:10FC80000021384600F046FD00BF3846FDF704FE6F
:10FC900088BB3846FDF71AFD04463846FDF78EFD51
:10FCA000054600213846FEF7DFFA012811D0002D65
:10FCB00020DA002C1EDD6842844201DA204600E092
:10FCC000684205B2334600222946384600F022FD3C
:10FCD00010E0002C0EDA002D0CDD6042854201DAC6
:10FCE000284600E0604205B23346002221463846ED
:10FCF00000F010FD00BFBDE8F0812DE9F14F86B0A6
:10FD00000698FFF7FFFD10B107B0BDE8F08F069829
:10FD1000FDF736FC059000210698FFF762F90546CD
:10FD200000210698FFF76AF90446059828B922468B
:10FD300029460698FFF78CFEE6E70598FDF75BFB82
:10FD400080460598FDF738FB064605F4C040B0F53F
:10FD5000005F01D1012000E0002030B125F4C04057
:10FD6000B0F5FA6F01DC012000E0002088B125F435
:10FD7000C040B0F57A7F04DD25F4C040C0F57A704C
:10FD800001E025F4C04000FB08F0642190FBF1F095
:10FD900005B204F4C040B0F5005F01D1012000E0DD
:10FDA000002030B124F4C040B0F5FA6F01DC01202E
:10FDB00000E0002080B124F4C040B0F57A7F04DD7B
:10FDC00024F4C040C0F57A7001E024F4C0407043D0
:10FDD000642190FBF1F004B2069802900020039099
:10FDE00043F20C02DDE90201FEF7EEFE01900198FC
:10FDF0000FFA80FA00BF069802900020039043F2A9
:10FE00000D02DDE90201FEF7DFFE019001980FFA15
:10FE100080FB00BF0698FFF7FEF881460698FDF7C5
:10FE20005FFB07460AF4C040B0F5005F01D1012036
:10FE300000E0002030B12AF4C040B0F5FA6F01DCD8
:10FE4000012000E0002090B12AF4C040B0F57A7F94
:10FE500004DD2AF4C040C0F57A7001E02AF4C04005
:10FE600000FB09F0642190FBF1F00FFA80FA0BF42B
:10FE7000C040B0F5005F01D1012000E0002030B1AA
:10FE80002BF4C040B0F5FA6F01DC012000E0002047
:10FE900088B12BF4C040B0F57A7F04DD2BF4C0406C
:10FEA000C0F57A7001E02BF4C0407843642190FBE8
:10FEB000F1F00FFA80FB05EB0A0005B204EB0B0032
:10FEC00004B200210698FEF781F90490049850B915
:10FED00000210598FEF7BBF9012802D10320049008
:10FEE00001E0012004900498012805D1224629460A
:10FEF0000698FFF7ADFD6FE00498801E082864D2D5
:10FF0000DFE800F00410212534153C4C414608EB95
:10FF1000D1725210484609EBD073A2EB63022A4417
:10FF200015B253E0A8EB0900284405B24EE0314673
:10FF300006EBD1725210384607EBD073A2EB630286
:10FF4000224414B242E0F01B204404B23EE0414699
:10FF500008EBD1725210484609EBD073A2EB630252
:10FF60002A4415B2F01B204404B22FE0A8EB09008C
:10FF7000284405B2F01B204404B227E0A8EB090096
:10FF8000284405B2314606EBD1725210384607EBD1
:10FF9000D073A2EB6302224414B217E0414608EB8F
:10FFA000D1725210484609EBD073A2EB63022A4487
:10FFB00015B2314606EBD1725210384607EBD073BA
:10FFC000A2EB6302224414B200E000BF00BF22464D
:10FFD00029460698FFF73CFD00BF95E62DE9F04F56
:10FFE0008DB0044600BF00BF608CC0F3802038B1E4
:10FFF000608CC0F3402018B100200DB0BDE8F08F38
:020000040803EF
:100000002046FDF7BDFA07460FB90020F5E7204668
:10001000FDF75CFB0C9000200B900A90608CC0F305
:10002000802020B12046FEF7F6FF054680E0002143
:100030002046FEF795FF054642F2D1718D4201D16F
:10004000012000E000200B9005F4C040B0F5005FF7
:1000500001D1012000E0002030B125F4C040B0F50E
:10006000FA6F01DC012000E000200A903846FDF71D
:10007000C2F981460B9820B12046DFF767FF05469D
:1000800034E00A98F8B1788CC0F38020E0B9002100
:100090003846FEF765FF42F2D171884214D1002143
:1000A0002046FEF762F9019000212046FEF777FB1B
:1000B0000199084405B200212046FEF719FC019978
:1000C0000844284405B211E025F4C040B0F57A7F19
:1000D00004DD25F4C040C0F57A7001E025F4C0408D
:1000E00000FB09F0642190FBF1F005B200200190C3
:1000F00041F2020220460199FEF766FD0090009849
:100100000FFA80FA00BF0020019041F2030220465E
:100110000199FEF759FD009000980FFA80FB00BF8F
:100120004B465A4651462846F2F78DF8054600BF21
:100130002046FDF7C5FB0990002008900790608CD1
:10014000C0F3402020B12046FDF7CAF9064680E002
:1001500000212046FEF776F9064642F2D1718E4222
:1001600001D1012000E00020089006F4C040B0F565
:10017000005F01D1012000E0002030B126F4C04032
:10018000B0F5FA6F01DC012000E00020079038464E
:10019000FDF712F98146089820B12046DFF73AFEB4
:1001A000064634E00798F8B1788CC0F34020E0B9F7
:1001B00000213846FEF746F942F2D171884214D147
:1001C00000212046FEF7D1F8019000212046FEF7DD
:1001D00052FC0199084406B200212046FEF702FABB
:1001E00001990844304406B211E026F4C040B0F54D
:1001F0007A7F04DD26F4C040C0F57A7001E026F471
:10020000C04000FB09F0642190FBF1F006B2002031
:10021000019041F2050220460199FEF7D5FC0090BD
:1002200000980FFA80FA00BF0020019041F2060208
:1002300020460199FEF7C8FC009000980FFA80FB59
:1002400000BF4B465A4651463046F1F7A5FF0646D9
:1002500000BF0B9808B9089828B100232046099AD6
:100260000C9900F098FB2046FEF7D5FEA84206D177
:100270002046FDF735F9B04201D10020BDE6204609
:10028000FFF7C3FA05A92046FDF7D4F803A93846BD
:10029000FDF75CF8002203A905A8DBF70CFD8046FA
:1002A000B8F1000F02D1384600F0DCFBE08A3044A0
:1002B000401E01B2618300212046FDF7C8FF0128DE
:1002C00005D1208B401B401C00B2A08204E0A08A14
:1002D0002844401E01B2218305AA29212046F6F7B1
:1002E000A5FE224622213846F6F7A0FE2046FFF75B
:1002F0008CFA00212046FFF7A6FC002203A904F196
:100300001400DBF7D8FC0290B8F1000F04D1B8F16B
:10031000000F04D1029810B1384600F0A3FB012071
:100320006BE638B5044600BF00BF2046DDF7B3F8E2
:100330000546002000906A4613212046F6F776FE17
:10034000BDF90000A84202D02046FFF75EFAA0687F
:1003500020B1BDF90000A168C88209E0BDF8000025
:1003600030B12046FBF7F6FFBDF90000A168C88256
:10037000BDF90000A84202D02046FFF746FA38BD7A
:1003800070B5044600212046FEF7EAFD054600212F
:100390002046FEF757F8064642F2D170854203D058
:1003A000864201D0002070BD2046FFF7F1FA0120FF
:1003B000F9E700002DE9F84306460F46144600BF52
:1003C00000BF3848007808B9BDE8F8833046FFF729
:1003D0001CFA384601F03EF8054604F4805040B35C
:1003E000B5F5702F1DD0E5B14FF0000841F20402C1
:1003F00041463046FEF7E8FB0090009800B242F21A
:10040000D17188420DD000BF41F201024146304611
:10041000FEF7DAFB0090009800B242F2D1718842F8
:1004200007D100222A213046F6F700FE3046FFF7BA
:10043000AFFAB5F5702F00D08DB94FF6FF7084423A
:1004400002D004F4005050B13046FDF799F88046D0
:10045000B8F1000F02D04046FFF79AFA00BF4FF6FE
:10046000FF70844202D004F4006010B13046FFF700
:1004700058FF3046FFF7C9F94FF6FF70844208D0A5
:1004800004F4806058B104F4006010B904F48050A2
:1004900028B1B5F5803F02D0304609F0E2FA00BF3E
:1004A00092E70000C90000202DE9F04105460F4603
:1004B000164600BF00BF002410E0E86800EBC4004F
:1004C0004068C0F3006040B1E86800EBC4004068D9
:1004D00020F07F40B04200D105E0641C688CC0F37E
:1004E000C500A042E9D800BF688CC0F3C500A04297
:1004F00002D10020BDE8F081E96851F834003946A6
:1005000002F0BCFEF6E72DE9FE4F04460E4691468A
:10051000484600F0A3FF8246484600F09BFF804615
:100520004FF6FF7002901EB1F07908B900200290DA
:100530000025AB4674E0E16801EBC501496821F094
:100540007F4000F08BFF0190E16801EBC501496835
:1005500021F07F4000F07EFF00904FF6FF70824553
:1005600002D0019850450BD1B8F5702F02D00098F9
:10057000404505D136B1E06850F83500B04201D0B1
:100580006D1C4DE0E06800EBC5004068C0F34060C2
:1005900030B100234FF6FF72414620460EF05CF862
:1005A000E06800EBC5004068C0F3006030B9E06867
:1005B00000EBC5004068C0F3406068B1E16851F8E5
:1005C000350002F0E0FEE16851F83500FAF7C6FDAB
:1005D0000020E16841F835002F4609E0E06800EBB3
:1005E000C7010246781C02EBC00205CA05C17F1C88
:1005F000608CC0F3C500401EB842EFD8608CC008C4
:10060000401E618C60F3C8016184628CC2F3C50234
:10061000D100E068FAF7F6FDE0604FF0010B00BF93
:10062000608CC0F3C500A84285D8BBF1000F06D08E
:10063000029820B141462046029AFFF7BBFEBDE872
:10064000FE8F000010B50446024A00212046FFF745
:100650005AFF10BDFFFF0F0010B50446024A0021EB
:100660002046FFF750FF10BDFFFF0F0010B50446F6
:10067000024A00212046FFF746FF10BDFFFF0F0092
:1006800010B50446024A00212046FFF73CFF10BD8A
:10069000FFFF0F0010B50446024A00212046FFF775
:1006A00032FF10BDFFFF0F0010B50446024A0021C3
:1006B0002046FFF728FF10BDFFFF0F0010B50446CE
:1006C000024A00212046FFF71EFF10BDFFFF0F006A
:1006D00070B506460E48007800B970BD0020F2F7EC
:1006E000FDFE044610E0002506E0E06850F8251005
:1006F000304609F056FC6D1C606AA842F5D82046C9
:10070000F2F7ECFE044600BF002CECD100BFE4E79A
:10071000C90000202DE9F04F91B005460C46164661
:100720009A461CB916B911B0BDE8F08FBAF1010FA5
:100730007ED12846FCF78AFE10906846EEF76EFFE1
:1007400000BF009500BF4E48039000BF002C38D07A
:100750001098F2F78DFE40F35D0B224600215846BB
:10076000EFF715F80746C82F00D2C827B7F5C87F9E
:1007700001D94FF4C87739466846EEF7E6FF2846B8
:10078000FDF7A8F88046C8F100000219C8F1000181
:100790006846EEF7E2FF3B496846EEF7C0FF3A498C
:1007A0006846EEF7C6FF6A4609212846F6F73EFC82
:1007B0008146B9F1010F00D0B5E76846EEF7F8FFC2
:1007C00000BF002E39D01098F2F7B8FE40F35D0B51
:1007D000324600215846EEF7DAFF0746C82F00D20E
:1007E000C827B7F5C87F01D94FF4C877394668469E
:1007F000EEF7ABFF2846FDF777F88046C8F100001A
:100800008219C8F100016846EEF7A7FF1F49684644
:10081000EEF785FF1C496846EEF78BFF6A46092113
:100820002846F6F703FC8146B9F1010F01D07AE7BB
:1008300004E06846EEF7BCFF00BF1EE013492846FF
:10084000EEF7A4FE07460F492846EEF79FFE8046C6
:1008500032462146284609F099FD17B9B8F1000F34
:100860000AD000220A212846F6F7E0FB8146B9F1BA
:10087000010F00D057E700BF00BF00BF53E70000E3
:10088000FD9F0308C9A4030897F60108E5A403081F
:100890002DE9FF5F0E46174616B90FB9BDE8FF9F59
:1008A000009800F0DFFD0098FDF714F840420FFAC1
:1008B00080F808EB060004B200210098FDF7D4FC94
:1008C00001281BD0002C00DD0024002C2EDA00981B
:1008D000FCF7FCFE83460098FCF770FF58440FFAC3
:1008E00080FABAF1000F01DA4FF0000ACAF10000F5
:1008F000844202DACAF1000004B217E0002C00DAE8
:100900000024002C12DD0098FCF7E0FE83460098DE
:10091000FCF754FF58440FFA80FABAF1000F01DADD
:100920004FF0000A544500DD544600BF0098FCF724
:10093000DBFF40420FFA80F909EB070005B2002DFA
:1009400000DD0025002D16DA0098FCF7B9FF83467C
:100950000098FCF72DFE58440FFA80FABAF1000F08
:1009600001DA4FF0000ACAF10000854202DACAF14A
:10097000000005B200BFA4EB080006B2A5EB090019
:1009800007B206B92FB13A463146039B0098FFF7EC
:10099000C1FE00BF82E72DE9F04106460F4614462E
:1009A0001D462A463946304600F024F82A4621469C
:1009B000304600F03BF8BDE8F081F8B504460E463D
:1009C000204600F04FFD0020009027463846FCF7F7
:1009D000D7FD05460BE033466A46394604F114005C
:1009E00009F01EFB2F462846FCF7CAFD0546002DE0
:1009F000F1D1F8BD2DE9F04106460C4615460A49ED
:100A00003046EEF7C3FD3046FCF764FF0746604210
:100A100038440FFA80F82B46002241463046FFF753
:100A200037FFBDE8F0810000C9A403082DE9F041BB
:100A300006460C4615460A493046EEF7A7FD3046F5
:100A4000FCF752FF0746604238440FFA80F82B4605
:100A5000424600213046FFF71BFFBDE8F081000051
:100A6000E5A403081FB504466A4602A92046FCF720
:100A700045FF02A8EFF7C5FC20B96846EFF7C1FCB7
:100A800000B91FBD02A8EFF7BCFC18B102A92046AF
:100A9000FEF7F5FE6846EFF7B4FC18B1694620464C
:100AA000FEF7EDFE00BFECE770B504460D4600BF53
:100AB00000BF2046FBF74EFCA068858270BD000099
:100AC0002DE9F04106460F4614461D4600223946E0
:100AD000304600F0F1FA00222146304600F0BCFA20
:100AE00000222946304600F0F7FA0448008881B217
:100AF0000022304600F00DFBBDE8F081E800002048
:100B000070B504460D4600222946204600F0B4FA8E
:100B10000348008881B20022204600F0FAFA70BD36
:100B2000E800002070B504460D4600222946204604
:100B300000F0B2FA2046FCF723FD0646FEF728FF38
:100B400070BDF8B506460D4600BF00BF00236A46DB
:100B500041F204013046FCF7EBFC0446012C02D1C3
:100B60000098A84200D124B900222946304600F05E
:100B7000C3FAF8BD70B505460C4600BF00BFA1B270
:100B80000022284600F0C5FA2846FEF701FF70BD96
:100B90002DE9FF4106460C461D4629463046EBF737
:100BA000BDF9074621463846029A02F092FD2246D8
:100BB00029463046FFF7FEFBBDE8FF812DE9F041F5
:100BC00006460D4600BF00BF00BF00BF706818B9E1
:100BD00000BF00BFBDE8F08115B900BF00BFF9E755
:100BE0003046FEF712FE2846FBF7B4FB7468304629
:100BF000FCF77FFC074609E0A0680168781C51F803
:100C00002000A168096841F827007F1C2046FCF7F6
:100C100070FB801EB842EFDAA0684068401EA168F1
:100C20004860A068406848B1A26852689100A26814
:100C30001068FAF7E7FAA168086006E0A16808689A
:100C4000FAF78CFA0020A1680860A8684068401C88
:100C5000A9684860AA6852689100AA681068FAF703
:100C6000D1FAA96808602846FCF743FB401EA96832
:100C7000096841F82060756000212046FEF7E3FF17
:100C80002046FFF7EFFE324622212046F6F7CEF946
:100C9000002224212046F6F7C9F9324622212846AF
:100CA000F6F7C4F9002223212846F6F7BFF93046AB
:100CB000FEF76EFE3046FEF7A8FD00BF8AE770B56E
:100CC00005460E46144600BF00BF3146284600F0D8
:100CD0008FFB2146284600F0A4FB70BD70B5054689
:100CE0000C462846FBF736FBA868407E00F00F0054
:100CF000A04201D0A9684C7670BD70B504460D467F
:100D00002046FBF727FBA068007E65F38300A168FF
:100D1000087670BD70B504460D462046FBF71AFBF9
:100D2000A068007E65F30510A168087670BD70B5F7
:100D300004460D4600BF00BF2046FBF70BFBA06832
:100D4000007E00F00300A84200D170BDA068007EC4
:100D500065F30100A16808762046FEF756FD00BF46
:100D6000F3E770B505460E46144600BF00BF314696
:100D7000284600F024FB21462846FFF7E2FE70BD1E
:100D80002DE9F04F89B007468946388C484502D195
:100D900009B0BDE8F08F00BF00BF388C0890A7F8FD
:100DA00020904A4638460899DCF756FC8246BAF14C
:100DB000000F00D1ECE74FF42070FAF73BF905463D
:100DC0004FF420712846FAF7E0FB0024002697E054
:100DD000F86800EBC6000790F96801EBC6014968A6
:100DE00021F07F4000F03AFB0690F96801EBC60164
:100DF000496821F07F4000F02DFB0590069820EA1D
:100E0000090000B17BE007984068C0F3406000B182
:100E100075E0079904AA0868672102F0FDF800B997
:100E20006DE0DDF810804FF0000B60E000200390D3
:100E300026E0039800EB800005EB800040680290FC
:100E4000029800F00BFB0190029800F003FB009069
:100E5000D8F8000030F81B10039800EB800005EB79
:100E600080000089814208D105990098884204D108
:100E700006990198884200DB05E00398401C039026
:100E80000398A042D5D300BF0398A0422DD1B8F853
:100E90000C0004EB840125F82100B8F8100004EBE5
:100EA000840105EB8101488004EB840105EB81019D
:100EB000D8F80800C860D8F8000030F81B0004EB30
:100EC000840105EB8101088104EB840105EB8101BC
:100ED000D8F8040008610798406820F07F4004EBD0
:100EE000840105EB81014860641C0BF1010BD8F80B
:100EF000000030F81B0008B1202C97D300BF761CEF
:100F0000788CC0F3C500B04202D9202CFFF460AF4A
:100F1000002613E006EB860105EB8101486800F02E
:100F200099FA804606EB860005EB80004B46009060
:100F300041463846089ADCF7B7FA761CA642E9D350
:100F40002846FAF7F3F8BAF1010F03D13846FEF755
:100F50005CFC13E0BAF1030F07D14FF6FF724FF4B8
:100F600070213846FFF726FA08E0BAF1020F05D1E2
:100F70003846FEF74AFC3846FFF7D3F900BF07E7CB
:100F8000F8B506460C46154600942B4641F2090179
:100F90003046009AFFF7FCFDF8BDF8B506460C4652
:100FA000154600942B4641F26A413046009AFFF7FD
:100FB000EFFDF8BD37B582B005461446BDF80C000C
:100FC000ADF80400234620212846019AFFF7E0FDF2
:100FD00005B030BDF8B506460C46154600942B46C4
:100FE00040F628013046009AFFF7D2FDF8BDF8B56B
:100FF00006460C46154600942B4621213046009AA1
:10100000FFF7C6FDF8BD37B582B005461446BDF8FA
:101010000C00ADF80400234630212846019AFFF762
:10102000B7FD05B030BDF8B506460C461546009430
:101030002B4631213046009AFFF7AAFDF8BDF8B5DE
:1010400006460C46154600942B4641F232013046C6
:10105000009AFFF79DFDF8BDF8B506460C4615460B
:1010600000942B46034801883046009AFFF790FD14
:10107000F8BD0000F0000020F8B506460C46154605
:1010800000942B46034801883046009AFFF780FD04
:10109000F8BD0000EC000020F8B506460C461546E9
:1010A00000942B46034801883046009AFFF770FDF4
:1010B000F8BD0000F4000020F8B506460C461546C1
:1010C00000942B46034801883046009AFFF760FDE4
:1010D000F8BD0000EE000020F8B506460C461546A7
:1010E00000942B46034801883046009AFFF750FDD4
:1010F000F8BD0000F2000020F8B506460C46154683
:1011000000942B4641F204013046009AFFF740FD5F
:10111000F8BDF8B506460C46154600942B4641F23C
:1011200069013046009AFFF733FDF8BDF8B5064671
:101130000C46154600942B4641F202013046009AB7
:10114000FFF726FDF8BDF8B506460C461546009497
:101150002B4640F63A013046009AFFF719FDF8BDDC
:1011600070B504460D46164632462946204600F024
:101170005CF832462946204600F064F8324629469B
:10118000204600F079F832462946204600F033F830
:1011900070BD70B504460D461646324629462046B7
:1011A00000F043F832462946204600F04BF832461C
:1011B0002946204600F060F832462946204600F0D5
:1011C0001AF870BD70B504460D46164632462946DB
:1011D000204600F02AF832462946204600F032F830
:1011E00032462946204600F047F832462946204636
:1011F00000F001F870BDF8B506460C46154600949F
:101200002B4641F611013046009AFFF7C1FCF8BDAC
:10121000F8B506460C46154600942B4641F61501D6
:101220003046009AFFF7B4FCF8BDF8B506460C4608
:10123000154600942B4641F612013046009AFFF7FE
:10124000A7FCF8BDF8B506460C46154600942B469B
:1012500041F613013046009AFFF79AFCF8BDF8B545
:1012600006460C46154600942B4641F614013046BE
:10127000009AFFF78DFCF8BDF8B506460C461546FA
:1012800000942B4641F610013046009AFFF780FC8F
:10129000F8BD70B504460D4616463246294620462E
:1012A000FFF7EAFF324629462046FFF7A4FF70BD4C
:1012B00070B504460D461646324629462046FFF7CD
:1012C000DBFF324629462046FFF795FF70BDF8B593
:1012D00006460C46154600942B4660213046009A7F
:1012E000FFF756FCF8BDF8B506460C4615460094C7
:1012F0002B4640F645013046009AFFF749FCF8BD01
:10130000F8B506460C46154600942B4640F64301B8
:101310003046009AFFF73CFCF8BDF8B506460C468F
:10132000154600942B464FF404613046009AFFF7AF
:101330002FFCF8BDF8B506460C46154600942B4622
:1013400041F25D413046009AFFF722FCF8BD37B507
:1013500082B005461446BDF80C00ADF804002346E3
:1013600040F257412846019AFFF712FC05B030BD04
:10137000F8B506460C46154600942B4641F201018D
:101380003046009AFFF704FCF8BDF8B506460C4657
:10139000154600942B4641F207013046009AFFF7AC
:1013A000F7FBF8BDF8B506460C46154600942B46EB
:1013B00041F208013046009AFFF7EAFBF8BDF8B5A4
:1013C00006460D4600BF00BF00236A4641F20101F8
:1013D0003046FCF7ADF80446012C02D10098A84233
:1013E00000D124B9002229463046FFF7C1FFF8BDDD
:1013F000F8B506460D4600BF00BF00236A4641F21D
:1014000007013046FCF794F80446012C02D10098FD
:10141000A84200D124B9002229463046FFF7B5FF83
:10142000F8BDF8B506460D4600BF00BF00236A466A
:1014300041F208013046FCF77BF80446012C02D14A
:101440000098A84200D124B9002229463046FFF76F
:10145000A9FFF8BD014601F47F007047014688B23C
:101460007047000070B505461148007810B100BF04
:1014700000BF70BD01200E4908702846FCF788F8AF
:1014800004460AE000BF00BF608C20F002006084C8
:101490002046EDF773FD00BF00BF94F82200C0F3B3
:1014A00040000028EED10249087000BFE1E70000CB
:1014B000C80000203EB505460C46132D08DB00BFD2
:1014C00000BFF0F74BFF0290BDF8081008463EBD84
:1014D0000CB1042C08DD00BF00BFF0F73FFF019006
:1014E000BDF804100846F2E7601EC4B2054800EBE0
:1014F000C50000EB440000880090BDF800100846CD
:10150000E5E7000068FD04083EB505460C46132DCE
:1015100008DB00BF00BFF0F721FF0290BDF8081004
:1015200008463EBD0CB1052C08DD00BF00BFF0F73A
:1015300015FF0190BDF804100846F2E7601EC4B222
:1015400005EB8500054901EB400000EB44000088F5
:101550000090BDF800100846E3E70000AAFC04086C
:101560001CB50446132C08DB00BF00BFF0F7F6FEE5
:101570000190BDF8041008461CBD044800EB44006F
:1015800000880090BDF800100846F5E784FC0408C8
:101590000146002904DAC1F57A7040F4005001E0F8
:1015A00041F4005000B270472DE9F0470246B2F90D
:1015B0000490B2F900A0A9EB0A0000EBD0794FEA41
:1015C00069090FFA89F31088184405B25088184445
:1015D00006B20888401B07B24888801B04B213FB80
:1015E00003FC17FB07F014FB0408E04502D80120B8
:1015F000BDE8F0870020FBE710B5E0F78EF84FF468
:10160000FA4300220A490B48F1F711FE0A48F1F7A4
:101610001FFE4FF44870084908804FF4F07048806E
:10162000064848610348C8600846F1F74BFE10BD04
:10163000006021C0480A0020640A0020F516010855
:1016400010B50CF059FE0748F7F731FD01200549A8
:101650000870054848600846F7F73EFD03490860F2
:1016600010BD0000B00A00202DE303089C000020FC
:10167000F0B503460C460120002113E002F00105FD
:101680003DB10546A5FB037C01FB03C600FB0461DD
:10169000384652101E46A6FB067C04FB06CC04FB13
:1016A00003C43B46002AE9D1F0BD00002DE9F04F0C
:1016B00087B00546734800680068846B714800680D
:1016C0000068C068806820606E4800680068007C20
:1016D000C0F3400038B96B4800680068007C00F037
:1016E0000100002849D067480068F1F727FF401E35
:1016F0000FFA80FA63480068F1F7BAFE401E0FFA4D
:1017000080FB5B460022114601A8CDF800A0EEF751
:1017100029FF01A860605B4800680068007CC0F396
:10172000400090B1574800680068C068806920F0A8
:101730000200801C534909680968C968886101A8CA
:10174000A060204600F0A0F814E04E480068006851
:10175000C06880694B4909680968C968896960F38C
:101760004101484800680068C0688161A560204662
:1017700000F08AF807B0BDE8F08F2846EEF760FE6B
:1017800006902846EEF7E2FD05903E480068F1F726
:10179000D5FEB5F90610884205DC3A480068F1F735
:1017A000CDFE401E01E0B5F9060006B23548DDE980
:1017B00005210068EAF736FC80464FF00009B5F9CC
:1017C000027033E02888ADF80C00A888ADF810004E
:1017D000ADF80E7007EB0800401E00B2ADF8120025
:1017E00003A86060A060274800680068C06880683F
:1017F0002060BDF91200B04201DDADF81260BDF904
:1018000012904E450CD11F4800680068C06880697E
:1018100020F00200801C1B4909680968C9688861BA
:10182000204600F031F807EB080007B207EB08008C
:10183000401EB042C6DD4E4522D02888ADF80C00CF
:10184000A888ADF81000ADF80E70ADF8126003A8CE
:101850006060A0600B4800680068C0688068206015
:10186000084800680068C068806920F00200801C99
:10187000044909680968C9688861204600F004F8CD
:1018800000BF77E7D00000202DE9F0418EB004467C
:1018900066480068F1F7E8FD0646306890B1706868
:1018A00080B90CE0614800680068806A38B15F4A1E
:1018B000126810685D4A12681268916A8847306938
:1018C0000028EFD10027002558480068F1F714FEE2
:1018D00080464146606800F023F907465348006897
:1018E000406930B1514A12685169606800F018F9D6
:1018F0000546002F66D1002D64D1A06AE8B1684684
:10190000F3F7CCFC49480068C06A04904748006877
:1019100090F829008DF81A0044480068408DADF811
:1019200004004248006890F829008DF803006946D9
:101930002046A36A6268984744E03C480068C06A51
:1019400060B33A490968C86A0DA9F7F73FF88046BD
:10195000B8F1010F1FD101210D98C1EB505000903B
:101960000D98C0F38A20431E002211460BA8EEF703
:10197000F9FD05A8F2F7B5F82C48006890F82900A1
:101980008DF81F00294800680BAA05A9C36A2046E4
:10199000F2F758F801E000BF00BF13E06846F3F724
:1019A0007DFC22480068408DADF804001F480068A7
:1019B00090F829008DF80300694620466268F3F725
:1019C00051FC00BF19480068406938B115B9174883
:1019D000006845692946204600F0C0F917B9134848
:1019E000006807693946204600F0B8F90F480068DA
:1019F000F1F766FD80464146204600F0AFF90B48FE
:101A00000068F1F750FD80464146204600F0A6F9F7
:101A1000064800680068007CC0F3400018B903481D
:101A20000068E0F767FF0EB0BDE8F081D00000204D
:101A300070B500203849086038480068B0F8500197
:101A400000B970BD002535480068B0F85001441E4B
:101A500008E03248006800F59870005D08B9254636
:101A600002E0641E002CF4DA00BF2C480068006815
:101A7000C068806920F00100284909680968C968C0
:101A80008861264800680068C068806920F002000C
:101A9000224909680968C9688861002434E01F4840
:101AA000006800F59870005D68BBAC420CD11B4823
:101AB00000680068C068806920F00100401C174978
:101AC00009680968C9688861144800680068C068C6
:101AD000806920F00200114909680968C9688861B5
:101AE0000E490968303101EBC400FFF7DFFD0B49F7
:101AF0000968303101EBC400EEF783FC0649096840
:101B0000084405490860641C04480068B0F85001A6
:101B1000A042C4DC00BF94E7CC000020D00000202D
:101B20002DE9FC4780460C460026002204F11401F2
:101B30004046DAF7C0F880B301212046FDF7C8FA25
:101B400058BB00208DF80000CDF804806A461221B1
:101B50002046F5F76BFA9DF80000022802D100201C
:101B6000BDE8FC872046FBF7C4FB074600250BE0D9
:101B7000A068006850F8259049464046FFF7D0FF1E
:101B8000064606B102E06D1CBD42F1D300BF1EB98E
:101B90009DF8000000B9264600BF3046E0E700008F
:101BA0002DE9FC4100255AE03148006800F59870A5
:101BB000405D00B152E0002449E02D48006800F586
:101BC0009870005D08B9A54200D13FE0284A12682C
:101BD000303202EBC401264A1268303202EBC500F3
:101BE000DAF7C7F800B931E021480068303000EB7F
:101BF000C4021F480068303000EBC5016846DAF7C0
:101C0000F9F96846EEF7FDFB0646194909683031D7
:101C100001EBC500EEF7F5FB0746154909683031C1
:101C200001EBC400EEF7EDFB384486420DD21049BB
:101C30000968303101EBC5006946EEF728FB012148
:101C40000B48006800F59870015500BF641C0848F7
:101C50000068B0F85001A042AFD800BF6D1C044826
:101C60000068B0F85001A8429ED8BDE8FC81000091
:101C7000D00000202DE9F04F87B004460D46012129
:101C80002846FDF725FA10B107B0BDE8F08FA66829
:101C900003A92846FBF7CEFB2846DBF7FCFB83466F
:101CA0005A46594603A8EEF73BFC03AA314605A85D
:101CB000D9F7C0FF00B9E7E705A8A06022461421C4
:101CC0002846F5F7B3F9224615212846F5F7AEF96F
:101CD000224616212846F5F7A9F94FF001084FF4DE
:101CE00000212846FDF7F4F920B1306801907068B2
:101CF000029008E005F11402314601A8D9F79AFFD5
:101D000008B94FF00008B8F1000F13D001A8A06087
:101D10002846FBF7EEFA8146002708E0A86800682D
:101D200050F827A051462046FFF7A4FF7F1C4F45DF
:101D3000F4D300BF05A8A060224617212846F5F776
:101D400075F9224618212846F5F770F9224619211F
:101D50002846F5F76BF9A66000BF95E72DE9F05F1F
:101D600007460C4624B923480068F1F7C5FB044632
:101D70000CB9BDE8F09F21463846FFF77BFFA0462F
:101D80002046FBF7FDFB05462FE04FF0000A2846F2
:101D9000FBF7AFFA8346002610E0A868006850F809
:101DA0002690BAF1000F04D1C14506D14FF0010AC7
:101DB00003E049463846FFF75DFF761C5E45ECD3ED
:101DC0003A4617212846F5F731F93A4618212846B0
:101DD000F5F72CF93A4619212846F5F727F9A846D0
:101DE0002846FBF7CDFB054600BF002DCDD100BF37
:101DF000BFE70000D00000202DE9F04107460C4667
:101E0000254695F82A0020F0010085F82A000020D8
:101E1000A884E884288510212046FAF71DFD4FF498
:101E200000712046FAF718FD00BF00BF21460848A0
:101E3000FAF739FC06463046FAF7AAFC002205A15B
:101E4000204600F057F900BF00BFBDE8F081000058
:101E5000ECFF04084F7074696F6E20310A4F707484
:101E6000696F6E20320A4F7074696F6E20330A4FAB
:101E70007074696F6E20340A4F7074696F6E20350C
:101E8000000000002DE9F84F884641467248FBF7F4
:101E9000EDF98146B9F1010F01D0BDE8F88F404658
:101EA000F5F75DF805464046F5F7BAF807463C46B3
:101EB0002C2D08D14046F5F7B0F806463846EAF72B
:101EC000F4FB3080C5E02A2D11D13846EAF71FF81F
:101ED000064626B100222A213046F5F7A7F83846F3
:101EE000FEF74EFA0021384607F08EFCB1E0292DAE
:101EF00004D10021384607F087FCAAE0012D0BD160
:101F0000A06A20F40030A0623846EAF700F80646DE
:101F10005249EDF73BFB9CE0022D20D1F7F70EF97B
:101F2000824669465046F7F765F9BDF80200A8B148
:101F30003846E9F7ECFF83465846FDF798F8BDF8B8
:101F40000210084406B231465846FFF76AFAA06A02
:101F500020F4003000F50030A06200BF79E0082DC9
:101F600001D0032D03D1384607F01CFF71E00E2D80
:101F700022D13846FBF7AAFA83465846F5F72EFEDB
:101F80000646F7F7DBF80090F7F72DF98246BAF12D
:101F9000040F0ED156B9E08C218D88420BD0208DD4
:101FA000E0840121384607F02FFC04E0E08C208516
:101FB00001E0E08C20854CE00F2D0AD1E08C218DD2
:101FC000884246D0208DE0840121384607F01CFC71
:101FD0003FE00D2D2CD14046F5F71FF80678132E63
:101FE00001D0122E10D1E08C401CA18C88421EDA48
:101FF000B4F828A0E08C401C81B20122384600F0E1
:10200000F6F8A4F828A012E0142E01D0112E0ED15B
:10201000E08C00280BDDB4F828A0E08C401E81B2D3
:102020000122384600F0E3F8A4F828A000BF10E031
:10203000132D07D13846E9F76AFF06463046FEF70A
:1020400070F906E0152D01D0182D02D14046E3F7B6
:1020500070FD00BF21E70000D0FF040845A9030878
:102060002DE9F05F0F463846F4F779FF0446152C4A
:1020700008D039461E48FBF7F9F80546012D01D076
:10208000BDE8F09F3846F4F7CBFF8246132C1DD1F4
:102090003846F4F7C2FF06465046FBF771FA83460E
:1020A0005846EAF702FB80465046FCF7B4FF8146EB
:1020B000B6F90000A8EB0901884202DDB6F900007C
:1020C00001E0A8EB090000B230800EE0292C07D116
:1020D0005046FBF755FA0646002107F095FB04E051
:1020E000152C02D13846E2F79FF900BFC8E700007F
:1020F000ECFF04082DE9F84F05460E46934600BF55
:1021000000BF00BF1EB900BF00BF00BFFEE700BF99
:102110002C462846E9F7FBFE00900020E08420854D
:10212000A084804608E016F808000A2802D1A08C96
:10213000401CA08408F1010816F808000028F2D11C
:10214000A08C401CA084BBF1000F0AD194F82A0097
:1021500020F0010084F82A0031460098F8F70AFCC4
:102160003EE094F82A0020F00100401C84F82A0088
:102170003046CEF770FB00F10109C9EBC900F8F752
:1021800059FF07464FF0000A0FE009FB0A7031467D
:10219000CEF73DFB0A210AF1010009FB00F0401EC9
:1021A00039540AF1010000F0FF0ABAF1070FECDB25
:1021B0000021C9EBC900401E395439460098F8F790
:1021C000D9FB3846F8F7B2FFA08C00EB4000E08462
:1021D000A08CC0EBC000A0842846EBF75FFC00BFDA
:1021E000E08C20850098FEF79CF8BDE8F88F2DE97B
:1021F000F04105460E46174600BF00BF2C4694F836
:102200002A0000F0010070B13146E28C072392FBF6
:10221000F3F290B210B1C0EBC002891AC0EBC00259
:102220000A4496B200BFA08CB04201DD304601E006
:10223000A08C401EE084E08C20853946284607F0BB
:10224000E3FABDE8F08110B5F1F7FAF80446F1F7CA
:1022500053F910BD10B5F1F7F3F80446F1F74CF956
:1022600010BD2DE9F04107460C462546002045F8F3
:10227000700F287920F001002871287920F00200E1
:102280002871703D4FF440712046FAF7E5FA1021AD
:102290002046FAF7E1FA0020F1F7D8F8502101EBD7
:1022A000C000A02190FBF1F0012809DD0020F1F72A
:1022B000CDF8502101EBC000A02190FBF1F000E02F
:1022C000012006B231462046FEF7EEFBBDE8F08164
:1022D0002DE9F34F8BB0FE480C99FAF7C7FF0A902F
:1022E0000A98012802D00DB0BDE8F08F0C98F4F7E1
:1022F00036FE05460C98F4F793FE06463446304603
:1023000000F08DFB8046112D31D10C98F4F785FE3D
:102310000746B06818B1B068B0F9140000E00020BA
:10232000814604F1680108A8EDF7F0FF4A464946E6
:1023300008A8EEF7F5F8002208A83968D9F791FD4A
:102340003871387990B9B8F1020F0FD104F16001FA
:1023500008A8EDF7DBFF4A46494608A8EEF7E0F883
:10236000002208A83968D9F77CFD38714FE3012DA8
:1023700078D13046FDF749FA94F8740020F0010056
:10238000401C84F87400B8F1000F02D0B8F1010FBE
:1023900003D104F12400206757E1B8F1020FFBD10B
:1023A000F6F7CCFE834609A9F6F7E2FE3046FCF7C5
:1023B00032FE83463046FBF793F8834501DB01206C
:1023C00000E00020089000213046FBF781FF07461F
:1023D0000898002876D0012F05D0BDF92410B4F953
:1023E0006C00814207DC012F09D1BDF92400B4F94A
:1023F0006810884203DA04F12400206724E1012FE9
:1024000005D0BDF92400B4F96010884207DB012F24
:1024100009D1BDF92410B4F96400814203DD04F14F
:102420003000206710E1B4F96430B4F960C0A3EB68
:102430000C0202EBD2730CEB6303BDF924C0A3EBD7
:102440000C03002B0FDDB4F96430B4F960C0A3EBCA
:102450000C0101EBD1730CEB6303BDF924C0A3EBBA
:102460000C030EE0F2E0B4F96430B4F960C0A3EB01
:102470000C0000EBD0730CEB6303BDF924C0ACEB94
:1024800003030FFA83F9B4F96C30B4F968C0A3EB15
:102490000C0202EBD2730CEB6303BDF924C0A3EB77
:1024A0000C03002B0FDDB4F96C30B4F968C0A3EB5A
:1024B0000C0101EBD1730CEB6303BDF924C0A3EB5A
:1024C0000C030EE026E0B4F96C30B4F968C0A3EB5D
:1024D0000C0000EBD0730CEB6303BDF924C0ACEB34
:1024E00003030FFA83FACA4509DA04F124002067CE
:1024F00094F8740020F0020084F87400A4E004F161
:102500003000206794F8740020F00200801C84F8EA
:10251000740099E0BDF92610B4F96A00814203DA2B
:1025200004F1240020678FE0BDF92610B4F966009D
:10253000814203DD04F13000206785E0B4F966C014
:10254000B4F96230ACEB030202EBD2734FEA630CD6
:10255000B4F962306344BDF926C0A3EB0C03002B31
:1025600011DDB4F966C0B4F96230ACEB030101EBE4
:10257000D1734FEA630CB4F962306344BDF926C0ED
:10258000A3EB0C0310E0B4F966C0B4F96230ACEB15
:10259000030000EBD0734FEA630CB4F9623063447C
:1025A000BDF926C0ACEB03030FFA83F9B4F96EC092
:1025B000B4F96A30ACEB030202EBD2734FEA630C5E
:1025C000B4F96A306344BDF926C0A3EB0C03002BB9
:1025D00011DDB4F96EC0B4F96A30ACEB030101EB64
:1025E000D1734FEA630CB4F96A306344BDF926C075
:1025F000A3EB0C0310E0B4F96EC0B4F96A30ACEB95
:10260000030000EBD0734FEA630CB4F96A30634403
:10261000BDF926C0ACEB03030FFA83FACA4509DA09
:1026200004F12400206794F8740020F0020084F87C
:10263000740009E004F13000206794F8740020F081
:102640000200801C84F8740000BFE0E1022D78D104
:10265000206F002875D0F6F771FD09900998F6F7FC
:10266000C2FD012800D03EE608A90998F6F780FDD2
:1026700000213046FBF72CFE07903046FCF7CBFCE0
:1026800082463046FAF72CFF834600213046FCF79D
:10269000EEF8069000213046FCF792F905900021F3
:1026A0003046FCF75DFA049000213046FCF702F852
:1026B0008146D4E90A10401A03900027E06A02908C
:1026C000A06A0190DA4521DB0699AAEB010201E03C
:1026D000080005080599511A08B20799012907D180
:1026E000B6F918200599511ABDF920208F1A06E075
:1026F000BDF92020B6F9143006991944571A0399E8
:10270000794391FBF0F7A16A0F4412E0ABEB0902A9
:102710000499511A08B2BDF92220B6F91A10494499
:10272000571A7942039A514391FBF0F7A16A0F447B
:1027300000BF04F13000216F814203D1606A029032
:1027400002E01EE0206B01900198874201DA019FB0
:1027500003E00298874200DD029F206F0068B842C4
:102760000ED0206F07603046FDF74FF800221C2185
:102770003046F4F75BFC0A900A98012800D0B2E5D5
:1027800045E1082D01D0032D3ED194F8740020F0CE
:10279000010084F87400002020673046FDF735F80A
:1027A0003046FAF793FE82465046F5F717FA074689
:1027B000F6F7C4FC8346F6F716FD8146B9F1040F1F
:1027C00021D107B3304600F02AF9022817D194F836
:1027D0007400C0F3400038B994F8740020F002008F
:1027E000801C84F874000EE094F8740020F002005D
:1027F00084F8740000215046F5F793FA03E00021B5
:102800005046F5F78EFA02E10E2D10D1F6F796FC40
:102810008146F6F7E8FC0746042F01D0022F05D1C8
:1028200094F8740020F0020084F87400EFE0292D81
:1028300003D13046FDF775FDE9E0132D7ED14FF44D
:1028400040313046FCF713F809904FF440313046E0
:10285000FCF7B6F808904FF440313046FCF780F9A9
:1028600082464FF440313046FBF724FF07904FF487
:10287000403B43F60E0259463046FCF7A5F903905B
:10288000039800B2069059463046FCF74FFB05907E
:1028900059463046FCF730FB04903046FCF7BBFB52
:1028A0000222059912FB010B3046FAF719FE0222AB
:1028B000049912FB0100834507DA3046FCF7ABFBB5
:1028C0000222059902FB010006E03046FAF708FEF5
:1028D0000222049902FB0100401007B206987843D7
:1028E000001207B2DDE90810884201DD099900E015
:1028F00008990798504501DD079800E0504681424D
:1029000007DDDDE90810884201DD099807E0089835
:1029100005E00798504501DD079800E0504638442F
:1029200007B2B81C07B24FF440313046F9F7BBFD8F
:10293000384407B20C98F4F770FB00E00BE08146D6
:10294000B9F90000B84202DDB9F9000000E03846EC
:10295000A9F800005BE00D2D54D10C98F4F75DFB55
:102960000778132F01D0112F23D194F87400C0F3EE
:10297000400050B9304600F061F800F10109012231
:102980004946304600F06AF809E0304600F041F868
:1029900000F1010901224946304600F055F80022B5
:1029A0001C213046F4F742FB0A900A98012828D0EF
:1029B00099E4142F01D0122F23D194F87400C0F39E
:1029C000400050B9304600F039F8A0F10109012269
:1029D0004946304600F042F809E0304600F019F868
:1029E000A0F1010901224946304600F02DF80022ED
:1029F0001C213046F4F71AFB0A900A98012800D0EF
:102A000071E404E0152D02D10C98E1F7F5FB00BF4D
:102A100069E410B504462046EDF7FBFE10BD70B525
:102A200005462846EDF7ECFE0446012C00D170BDAA
:102A3000022C01D10220FAE70020F8E710B5044685
:102A40002046EDF7F9FE10BD70B504460D4616465A
:102A5000324629462046EDF701FF70BD70B50446A9
:102A60000D461646324629462046EDF72DFF70BD2D
:102A70000FB47CB504460D4609A80190019800905A
:102A80002A4621460548089BDBF76CFA06460020DB
:102A9000019030467CBC5DF814FB0000E3DE0008CA
:102AA00070B506460C4600BF00BF2546002045F81D
:102AB000600F288A20F0F0002882288A20F00F007A
:102AC000401D28820120E860104868604042A860EC
:102AD000288A20F480702882288A20F4C06000F5BB
:102AE00080602882603D0121204602F0F7F8012134
:102AF000204602F062F882212046FEF760FC204664
:102B000000F08EF900BF00BF70BD00009F8601007D
:102B100070B5054600BF00BF2C46E16E206E401A1E
:102B2000A16E88420EDBE16E206E401A05D5206E44
:102B3000002802DD206E40422066E16E206E401AC1
:102B400020660DE0B4F87000C0F3002030B1A16E33
:102B5000206E884202D1606E206601E0A06E206681
:102B6000284600F05DF970BD2DE9F34F83B00120D8
:102B7000029077480499FAF779FB029002980128AD
:102B800002D005B0BDE8F08F0498F4F7E8F90646E6
:102B90000498F4F745FA07463C46082E7ED1F6F72E
:102BA000CDFA01900198F6F71EFB042840D1384673
:102BB000FAF78CFC0546F5F711F8002811D094F8C7
:102BC000700000F00F0001280BDDB4F87000C0F3B6
:102BD0004120022814D1E06E012803DD384600F0C0
:102BE000E6F87AE094F8700000F00F00821E0A20E8
:102BF0000021FEF73DFDE066384600F0EBF86CE0A2
:102C000094F8700000F00F00421E0A200021FEF729
:102C10002FFDE26ED317101A8B4103DA384600F00D
:102C2000D9F85AE00A20E066384600F0C0F854E0CF
:102C3000384601F0B0FF82465046CDF70CFE834681
:102C4000206C1AF800002E2803D1384601F029FE26
:102C500011E0206C584505D1ABF10101384601F077
:102C6000B7FF08E0206C30B9A06E002803DA01211C
:102C7000384601F0ADFF94F8700000F00F00401EE0
:102C800000904020005B85B294F87010C1F30311EE
:102C9000206C884208D994F8700000E01EE0C0F370
:102CA000031008B1681E85B20098A0EB0508A06E5D
:102CB000002801DA08F101080120E0664FF0000960
:102CC00008E0E06E00EB80004000E06609F10100E2
:102CD0001FFA80F9C145F4D300BF36E00D2E34D180
:102CE000F6F72CFA8146F6F77EFA80460498F4F758
:102CF00094F90568132D0AD1B8F1040F03D13846B1
:102D000000F028F820E0384600F051F81CE0142DBF
:102D10000AD1B8F1040F03D13846FFF7F9FE13E0EA
:102D2000384600F057F80FE0112D03D1384600F077
:102D300011F809E0122D03D13846FFF7E9FE03E050
:102D40002946384601F080FB00BF00BF19E70000AC
:102D50008088040870B5054600BF00BF2C46E16EB0
:102D6000206E0844616E88420FDCE16E206E0844DC
:102D7000002805DD206E002802DA206E4042206621
:102D8000E16E206E084420660DE0B4F87000C0F3D8
:102D9000002030B1D4E91801884202D1A06E20662B
:102DA00001E0606E2066284600F03AF870BD70B50C
:102DB000064600BF00BF34460A21E06E90FBF1F5E5
:102DC000002D01DDE56601E00120E066304600F0FF
:102DD00027F870BD2DE9F041054600BF00BF2C4625
:102DE000D4E91910002802DAA06E404200E0A06E7B
:102DF000814201DD606E06E0A06E002802DAA06E5E
:102E0000404200E0A06E0746E06E00EB8000460006
:102E1000BE4200DCE666284600F002F8BDE8F0811C
:102E20002DE9F04F8BB081464D46122106A8F8F7E8
:102E3000ACFB06AE4FF0000BA86E002808DA286E37
:102E4000002801DB2B2000E02D203070761C03E0F1
:102E50000BF1010000F0FF0B286E002801DD286E49
:102E600001E0286E404203463EA20E2102A8FFF771
:102E7000FFFD02A8CDF7EFFC95F8701001F00F01EF
:102E8000A1EB0008B8F1000F15DD02A8CDF7E3FCB7
:102E900084B206E002A8005D04EB080102AA5054C7
:102EA000641E002CF6DA002403E0302002A9085545
:102EB000641C4445F9DB95F87000C0F3031020B999
:102EC00095F8700000F00F0003E095F87000C0F373
:102ED00003100190002404E002A8005D3070761C0D
:102EE000641C0198844203DA02A8005D0028F3D133
:102EF00095F87000C0F3031090B12E203070761C4E
:102F000004E002A8005D3070761C641C95F8700027
:102F100000F00F00A04203DD02A8005D0028F0D100
:102F200006A9484601F02CFFD5F86CA095F8700072
:102F300000F00F0704E00A209AFBF0FA781EC7B2EF
:102F4000BAF10A0FF7DA0198874201DD781CC7B29F
:102F5000A7EB0B00C7B23946484601F039FE0BB06B
:102F6000BDE8F08F2564000030B591B005460C46F1
:102F700002212046F9F770FC01A8ECF74FFB00BFD7
:102F8000019400BF1A4901A8ECF7CDFB01A84FF648
:102F9000FF71818700BF174908680B9000BF164872
:102FA000006800F5B4721448016801A8ECF7DDFB75
:102FB00001A8ECF7FDFB1148079000BF4FF4B47275
:102FC000002101A8ECF7D1FB0D4901A8ECF7ABFB00
:102FD00001A8ECF7EDFB4FF4B47200212046ECF7AA
:102FE000F4FF4FF487712046EDF7C4F811B030BDFF
:102FF0005DED0008D4010020D801002055F601083D
:103000006DED000870B504460D4616463246294659
:10301000204600F03CF870BDF0B503469888C00B20
:1030200068B11C6807E02088884203D1606810609E
:103030000120F0BD083420880028F4D1F9E7D879C0
:1030400008B90020F5E7D879012815DDD8791F687F
:1030500007EB80052E4600240AE036F8140088426B
:1030600005D11F6857F8240010600120E1E7641CB7
:10307000D879A042F1D808E09888C0F30E008842C1
:1030800003D1186810600120D3E70020D1E7F0B524
:1030900003469888C00B68B11C6807E02088884206
:1030A00003D1606810600120F0BD0834208800283A
:1030B000F4D1F9E7D87908B90020F5E7D8790128E3
:1030C00015DDD8791F6807EB80052E4600240AE03D
:1030D00036F81400884205D11F6857F824001060A4
:1030E0000120E1E7641CD879A042F1D808E0988873
:1030F000C0F30E00884203D1186810600120D3E7A6
:103100000020D1E710B5044608212046F8F73DFA23
:1031100010BD014600BF00BFC87908B90120704743
:103120000020FCE73EB504464E2C75D01EDC332C47
:1031300073D00EDC292C78D006DC202C45D0222C34
:1031400053D0252C6CD177E0302C4FD0312C67D167
:1031500068E0462C68D004DC3B2C49D0442C79D163
:1031600045E0472C48D04D2C74D143E040F63C015B
:10317000601A8C425AD010DC40F25741A4EB010097
:103180008C4238D004DC522C33D0532C62D150E026
:10319000012848D00B285DD143E040F2CA72811A61
:1031A000904253D006DC092841D0A0F2C770002815
:1031B00050D14AE0A1F2534088B3A0F50C50B53885
:1031C00070BB4FF48070029048E000BFFF221146B0
:1031D0001046EFF75BFB0090BDF800100846019029
:1031E000BDF80400ADF8080038E000BF00BF00BF24
:1031F00000BF00BF00BF00BF00BF00221146104645
:10320000EFF744FB0090BDF8001008460190BDF8B0
:103210000400ADF8080021E00AE010E005E011E04C
:1032200018E000BF00BF00BF00BF00BF00BF00BF6D
:1032300000BFFF20029011E0FF2002900EE00F205F
:1032400002900BE00748029008E000BF41F6FF70D3
:10325000029003E000200290029000BF00BF02989D
:103260003EBD000050BE040803480088401C0249CF
:103270000880084600887047380200202DE9FE4F7C
:103280000446884600BF00BFA088C00B20B100BF25
:1032900000BF0020BDE8FE8FE07908B90020F9E703
:1032A000E07901280ED1A088C0F30E00404507D177
:1032B000A0886FF30E00A0800020E0710120E9E7F4
:1032C0000020E7E7E079216801EB80060296029E84
:1032D000002553E036F8150040454ED1D4F8009053
:1032E000E079022812D10120E0710DB9708800E068
:1032F0003088A18860F30E01A1801DB9D9F80400BF
:10330000206035E0D9F80000206031E0E079401E0F
:1033100000EB4000400001900198F7F751FE824613
:10332000BAF1000F01D10020B4E7C4F800A0E079A1
:10333000401EE071E0790AEB800002900298009054
:10334000D34600273D460FE036F8170040450AD027
:1033500059F827104BF8251036F8172028466D1C11
:10336000009921F810207F1CE079B842ECD200BF10
:103370004846F7F7F3FE01208CE76D1CE079A84280
:10338000A8D8002086E710B5044600BF00BFA0887B
:10339000C00B10B100BF00BF10BDE079012802DDF5
:1033A0002068F7F7DBFE08212046F8F7EEF800BFAB
:1033B000F2E738B505460C46009465212846009A88
:1033C00000F087F938BD13B582B00446BDF80C0093
:1033D000ADF8040052212046019A00F07AF91FBD91
:1033E00038B505460C46009451212846009A00F055
:1033F00070F938BD38B505460C4600944FF40561A8
:103400002846009A00F065F938BD13B582B004462D
:10341000BDF80C00ADF8040020212046019A00F010
:1034200058F91FBD13B582B00446BDF80C00ADF8C5
:10343000040022212046019A00F04BF91FBD38B547
:1034400005460C46009440F628012846009A00F0F4
:1034500040F938BD38B505460C4600942121284670
:10346000009A00F036F938BD13B582B00446BDF8B5
:103470000C00ADF8040030212046019A00F029F933
:103480001FBD38B505460C46009431212846009AE8
:1034900000F01FF938BD38B505460C4600943421BC
:1034A0002846009A00F015F938BD38B505460C4697
:1034B000009433212846009A00F00BF938BD38B546
:1034C00005460C46009441F232012846009A00F06D
:1034D00000F938BD38B505460C46009461212846F0
:1034E000009A00F0F6F838BD38B505460C46009451
:1034F00063212846009A00F0ECF838BD38B505463F
:103500000C46009464212846009A00F0E2F838BD89
:1035100038B505460C46009441F204012846009A4D
:1035200000F0D7F838BD13B582B00446BDF80C00E2
:10353000ADF804004D212046019A00F0CAF81FBDE5
:1035400038B505460C46009440F649012846009AD5
:1035500000F0BFF838BD38B505460C46009441F27E
:1035600006012846009A00F0B4F838BD38B5054683
:103570000C46009441F203012846009A00F0A9F895
:1035800038BD13B582B00446BDF80C00ADF8040098
:103590003B212046019A00F09CF81FBD38B5054636
:1035A0000C46009440F63C012846009A00F091F841
:1035B00038BD38B505460C46009440F63D01284616
:1035C000009A00F086F838BD38B505460C460094E0
:1035D00040F63A012846009A00F07BF838BD70B5F5
:1035E00004460D462946204600F03BF82946204671
:1035F00000F042F82946204600F054F829462046BB
:1036000000F001F870BD38B505460C46009441F64F
:1036100011012846009A00F05CF838BD38B505461F
:103620000C46009441F615012846009A00F051F826
:1036300038BD70B504460D462946204600F027F8EF
:1036400029462046FFF7EAFF70BD70B504460D46D7
:103650002946204600F005F82946204600F00CF8DF
:1036600070BD38B505460C46009441F61201284657
:10367000009A00F02EF838BD38B505460C46009487
:1036800041F613012846009A00F023F838BD38B5FA
:1036900005460C46009441F614012846009A00F0B5
:1036A00018F838BD38B505460C46009441F61001AF
:1036B0002846009A00F00DF838BD70B504460D4656
:1036C00029462046FFF7EEFF29462046FFF79BFFDD
:1036D00070BD2DE9F74F82B004460F4600BF00BF12
:1036E000A088C00B20B100BF00BF05B0BDE8F08FBF
:1036F000E079012843DDE079216801EB8008C246CA
:10370000E079451E09E03AF81500B84204D1206876
:10371000049A40F82520E8E76D1E002DF3DAE079E1
:10372000401C00EB40004000019020680199F7F731
:1037300069FD064606B9D8E72660E07906EB800801
:10374000C246E079451E05E03AF81510A81C2AF893
:1037500010106D1E002DF7DAE079401CE071E07961
:1037600006EB8008C246B346E079401E2AF8107086
:10377000E079401E5E4604994BF8201037E0E0796E
:1037800001282CD1A088C0F30E00B84202D10498C1
:103790002060AAE7E079401C00EB40004FEA400BB4
:1037A0005846F7F70DFC054605B99EE720680190DD
:1037B0002560E079401CE071E07905EB8008C246A5
:1037C0002E46A088C0F30E00D046AAF80000AAF842
:1037D00002703546019830600498706007E001205F
:1037E000E071A08867F30E00A0800498206038463E
:1037F000DAF7BEF88146A179012202FA09F21143F3
:10380000A17100BF71E738B505460C4600946021F0
:103810002846009AFFF75DFF38BD13B582B0044615
:10382000BDF80C00ADF8040044212046019AFFF7D2
:1038300050FF1FBD38B505460C46009440F64201C6
:103840002846009AFFF745FF38BD38B505460C46B7
:10385000009440F645012846009AFFF73AFF38BD2C
:1038600038B505460C46009440F643012846009AB8
:10387000FFF72FFF38BD38B505460C4600944FF4CE
:1038800004612846009AFFF724FF38BD70B504464E
:103890000D462946204600F054F829462046FFF7F9
:1038A00037FE70BD38B505460C46009441F25D41C7
:1038B0002846009AFFF70DFF38BD13B582B00446C5
:1038C000BDF80C00ADF8040040F257412046019AC3
:1038D000FFF7FFFE1FBD38B505460C46009441F2C8
:1038E00059412846009AFFF7F4FE38BD38B5054621
:1038F0000C46009441F25B412846009AFFF7E9FE2E
:1039000038BD38B505460C46009440F60B012846F4
:10391000009AFFF7DEFE38BD38B505460C46009428
:1039200040F60A012846009AFFF7D3FE38BD38B5A5
:1039300005460C46009467212846009AFFF7C9FE09
:1039400038BD38B505460C46009441F201012846C1
:10395000009AFFF7BEFE38BD2DE9F04704460D463C
:1039600016461F46DDE9088914212046F7F70DFEAB
:1039700025600EB9054800E03046A060E760C4F855
:103980001080C4F80490BDE8F0870000DBF6010861
:1039900070B504460D46264675623046FBF735FF86
:1039A00070BD70B5044625684FF0FF306862284648
:1039B000FBF72BFF70BD70B506460C4625464FF051
:1039C000FF30686210212046F8F746FF08212046A4
:1039D000F8F7C6F94FF480612046F8F7C1F970BDD9
:1039E00070B506460C46254600212846EBF7CEFD6D
:1039F00070BD00002DE9FC5F0F4639463D48F9F7E0
:103A000035FC01900198012801D0BDE8FC9F3846A3
:103A1000F3F7A5FA05463846F3F702FB0090132D9D
:103A200058D14FF440310098FAF72EFF80464FF4FA
:103A300040310098FAF7D1FF81464FF440310098A9
:103A4000FBF79BF882464FF440310098FAF73FFEAF
:103A50008346C84501DD404600E04846D34501DDC8
:103A6000594600E05146884205DDC84501DD404623
:103A700006E0484604E0D34501DD584600E05046E4
:103A80000646B01C06B24FF440310098F8F70BFD23
:103A9000304406B23846F3F7C0FA0446B4F90000E1
:103AA000B04202DDB4F9000000E0304620804FF45F
:103AB00000310098F8F7F7FCB4F90010884202DAF8
:103AC000B4F9000004E04FF400310098F8F7EBFC83
:103AD00020800DE01C2D06D1009800F00DF8009814
:103AE000FBF793FE04E0152D02D13846E2F70FF9FB
:103AF00000BF8AE7240005082DE9F04790B0804612
:103B000000BF00BF44460025652229462046FBF73A
:103B10005BF80F900F9F00BF002F47D04046FAF789
:103B200043FB00F0010A606A401C80B9BAF1000F43
:103B300001D0002001E04FF480700546BAF1000F7B
:103B400002D04FF4807000E00020064608E0656A6D
:103B5000BAF1000F02D04FF4807000E0002006465A
:103B6000A81B002801DDA81B00E0701B78434FEA6A
:103B7000102900212046EBF709FD6846EBF74EFDC2
:103B800000BF009400BF0B48019000BF00BF079525
:103B90000895099600BF0848039000BF00BFCDF804
:103BA000289000BF6846EBF703FE00BF10B0BDE8E9
:103BB000F087000091390308A339030870B5064661
:103BC0000C4625460120A884E884A98C4800F7F714
:103BD000F7F92863E98C4800F7F7F2F9E8628220E8
:103BE000296B0880E96A0880EA8CAB8C5A43910003
:103BF000A86AF7F707FBA8620020A96A086070BDF1
:103C000070B5044600BF00BF21460448F8F74BFDDD
:103C100005462846F8F7BCFD284670BD400005085B
:103C20002DE9F04107460E46344600250EE0A06A15
:103C300050F8250040B1A16A51F82500F7F78EFA37
:103C40000020A16A41F82500681C85B2A08CE18C97
:103C50004843A842EBDCA06A10B1A06AF7F77EFAED
:103C6000E06A10B1E06AF7F779FA206B10B1206BC7
:103C7000F7F774FABDE8F0812DE9F34F83B083487C
:103C80000499F9F7F3FA8146B9F1010F02D005B0B2
:103C9000BDE8F08F0498F3F762F906460498F3F74D
:103CA000BFF9824654462A2E04D10021504605F021
:103CB00063FEE9E02C2E27D10498F3F7AEF9804695
:103CC0004FF0000B002506E0206B30F8150058443B
:103CD0000FFA80FB6D1CA08CA842F5D800270025A8
:103CE00005E0E06A30F81500384407B26D1CE08C3E
:103CF000A842F6D8ABF1010000B2A8F80000781E87
:103D000000B2A8F80200BFE0012E01D0022E1BD1A4
:103D100002AA01A95046E8F71FFA0546012D12D163
:103D2000A08EBDF80810884204D1E08EBDF80410C2
:103D3000884208D0BDF80800A086BDF80400E086DF
:103D40005046FBF762FD9FE0082E2BD15046FBF753
:103D50005CFDF5F7F3F980464046F5F734FA07467F
:103D6000A08E4FF6FF7188420DD0E08E88420AD0B7
:103D70004FB900221C215046F3F758F98146B9F19A
:103D8000010F00D083E7F5F7D9F98346F5F72BFA51
:103D90000546012D01D0032D03D14FF6FF70A086FB
:103DA000E08671E00E2E03D15046FBF72EFD6BE04E
:103DB0000D2E64D10498F3F730F9D0F80080A78E67
:103DC000E58E4FF6FF70874201D0854206D1002074
:103DD000A086E0865046FBF718FD58E7A08CB84255
:103DE00000DC0027E08CA84200DC0025B8F1140FAD
:103DF00001D17F1E0FE0B8F1130F01D17F1C0AE043
:103E0000B8F1110F01D16D1E05E0B8F1120F01D10B
:103E10006D1C00E03BE7A08CB84209DCE08C401E42
:103E2000A84202DD00276D1C0AE0A08C471E07E0B7
:103E3000002F05DA1DB1A08C471E6D1E00E0002783
:103E4000E08CA84202DCE08C451E02E0002D00DA86
:103E50000025A08EB84202D1E08EA8420ED0A786DF
:103E6000E5865046FBF7D1FC00221C215046F3F7B3
:103E7000DDF88146B9F1010F00D008E704E0152E06
:103E800002D10498E2F726F800BF00E740000508D9
:103E9000014600BF00BF0A46908C70472DE9F05FD5
:103EA00081460E461746984600BF00BF00BFB8F1D6
:103EB000000F03D100BF00BF00BFFEE700BF4C46AC
:103EC000A08CB84204DC781C81B2484600F043F86C
:103ED000E08CB04204DC701C81B2484600F0E9F886
:103EE000A08C06FB00754FF0000AA06A50F8250070
:103EF00020B1A06A50F8250090F800A04046CCF709
:103F0000AAFC00F1020BA16A51F825005946F7F707
:103F100079F9A16A41F8250000BFA06A50F8250090
:103F200018B900BF00BF00BFFEE700BFA16A51F88B
:103F30002510481C4146CCF76AFCA06A50F82500C1
:103F400080F800A03146484605F016FD4846FBF7CC
:103F50005CFCBDE8F09F2DE9F04F85B007460D46AB
:103F600000BF00BF3C46A68CA5846900206BF7F714
:103F700049F9206300BF206B18B900BF00BF00BF24
:103F8000FEE700BF206B10B905B0BDE8F08FAE4270
:103F900015DDE08C704380B20190A08CE18C484329
:103FA0000090DDF800A006E0A16A51F82A00F7F7BA
:103FB000D5F80AF1010A01988245F5D300BFE18CDA
:103FC000A28C51438800F6F7FBFF804600BFB8F192
:103FD000000F03D100BF00BF00BFFEE700BFB8F174
:103FE000000F00D1D0E7A08CE18C00FB01FB4FEA71
:103FF0008B014046F7F7C9FAAE420ADA304605E0CF
:104000008221226B22F81010411C0846A842F7D3E7
:1040100000BFAE4201DA304600E0284602904FF081
:1040200000091FE009FB06F0049009FB05F003906E
:10403000039B08EB8301D4F828C0049B0CEB83029C
:10404000029B98000B46944607E09CF800A083F87A
:1040500000A05B1C0CF1010C401E0028F5D100BF34
:1040600009F10109E08C4845DCD8A06AF7F776F839
:10407000C4F828800021384605F07EFC00BF83E7A5
:104080002DE9F04105460C46174600BF00BF2E46FD
:10409000B08CA04204DC601C81B22846FFF75BFFB5
:1040A000306B20F814700021284605F065FCBDE84F
:1040B000F0812DE9F04705460F4600BF00BF2C46B2
:1040C000E68CE784E28C5100E06AF7F79BF8E06247
:1040D00000BFE06A18B900BF00BF00BFFEE700BF25
:1040E000E06A08B9BDE8F087BE4213DDA08C7043DA
:1040F0001FFA80F9A08CE18C00FB01FAD04606E0A3
:10410000A16A51F82800F7F729F808F10108C84515
:10411000F6D300BFE28CA38C5A439100A06AF7F754
:1041200071F8A06200BFA06A18B900BF00BF00BF4D
:10413000FEE700BFA06A00B9D4E7BE420FDAA08C48
:1041400000FB06F8A08CE18C00FB01F9A26A02EBEF
:104150008800A9EB08029100F7F717FA00BF0021C9
:10416000284605F009FC00BFBCE700002DE9F04738
:1041700081460D462C465148007884F82C0094F86E
:104180002C00012810D0022813D0042802D00828BF
:1041900014D104E001212846FCF7B2FC0EE009210D
:1041A0002846FCF7ADFC09E000212846FCF7A8FCF6
:1041B00004E008212846FCF7A3FC00BF00BF42F240
:1041C000640211462846FCF7CCFD2846ECF796FC25
:1041D00007462846F8F706FC804601213846EDF7E9
:1041E000A3F90420F6F7ECFE606235A0616A08606E
:1041F0003846616AEDF7A0F800231C2231493846A1
:10420000F7F766FD4FF480413846F7F7A9FD002324
:104210001A462D494046F7F75BFD00214046FCF762
:1042200086FD94F82C00012819D0022818D0042803
:1042300002D0082826D100E000BF2448B0F90020B1
:1042400042F264013846FCF78CFD42F264014046BC
:10425000FDF7B5F801214046FCF764FC12E000BF11
:1042600042F264021948B0F900103846FCF779FDB3
:1042700042F264014046FCF764FC01214046FCF731
:1042800051FC00BF00BFF3F7A3FC06461EB1394640
:104290003046F3F7D7FB00214046FCF731FC032101
:1042A0004046FCF72AFD80214046F7F759FD4FF4C0
:1042B00080614046F8F7D0FABDE8F087DC010020C5
:1042C0000000000019F3000829110108DE01002098
:1042D0002DE9F04107460E46344694F82C0000F0D4
:1042E0000C0070B1002509E0616A51F82500F6F76D
:1042F00035FF0020616A41F825006D1C208DA84221
:10430000F2D894F82C0000F0030080B100250BE0F7
:104310006A00616A51F82200F6F720FF00206A0067
:10432000616A41F822006D1C208DA842F0D8606AB5
:10433000F6F714FF00206062BDE8F0812DE9F04738
:1043400081460C4621460E48F8F790FF0646012E9E
:1043500001D0BDE8F0872046F2F701FE0546204671
:10436000F2F75EFE0746292D08D1384600F011F815
:10437000804600224146384600F018F800BFE8E7C2
:10438000B888040810B5044601212046F8F793FFC9
:1043900010BD014600BF00BF0A46508D704710B5E2
:1043A000044600212046F8F786FF10BD2DE9FC5F8A
:1043B00080460C46934600BF00BF4646308DA04263
:1043C00001D8308D441E4046FDF74CF84046FFF7BB
:1043D000D9FF05460DB9BDE8FC9F4FF0000A41F634
:1043E000150251462846FAF7EFFB0090009807B2F5
:1043F00000BF2846F8F7FFFF814600214046F9F745
:104400005AFF012808D007EB0900604301B25A4661
:104410002846FCF7EFFA0BE0C4F1000A07EB0900AD
:1044200000FB0AF001B25A462846FCF7E3FA00BF47
:104430004046FFF7B4FF0190A1B280220198ECF74B
:1044400029FF748500BFC6E72DE9F34792B0074600
:1044500000BF00BF3C46139810900020119010AD93
:1044600029463846E9F790FC0646012E02D014B0E2
:10447000BDE8F08794F85C00C0F3C00040B1139829
:104480000A2802D013980D2802D100BF00BFEEE722
:10449000002113A8414A1268904781464946384690
:1044A000DCF752F810B900BF00BFE0E794F85C00F9
:1044B000C0F3800010B1384604F0DCFBA06A50B1B4
:1044C000606AF5F771FD804698F8000010B938462B
:1044D000FBF79BF900BF2A46216C606AF5F776FD71
:1044E000384600F025F994F85C00C0F380000028FD
:1044F00044D0E06ACCF7AFF982462846CCF7ABF956
:10450000504400F101084146E06AF6F77BFEE062A4
:1045100000BFE06A18B900BF00BF00BFFEE700BFE0
:10452000E06A00B9A3E72A46216CE06AD9F70CFBE0
:10453000208F18B9384604F09DFB1FE06846EBF762
:104540006DF821466846EBF720F915496846EBF708
:10455000EEF8218F6846EBF7FEF80122002168464D
:10456000EBF70BF90F496846EBF7E5F80E4968469B
:10457000EBF7E7F86846EBF71BF900BF384600F0A9
:10458000F5FA00F101084146384600F021FB00220F
:104590001C213846F2F74AFD00BF68E75C020020A4
:1045A0002D8D030807F701082F8D03082DE9F0432F
:1045B00091B006460D4600BF00BF00BF1DB900BF49
:1045C00000BF00BFFEE700BF344694F85C00C0F3B4
:1045D000800010B1304604F04DFB304600F0C0FAC8
:1045E00018B9304600F0C8FAC8B1002010900FE0AA
:1045F00010A92846484A12689047804640464749D5
:1046000009688847814649463046FFF71DFF00BFCD
:104610001098285C0028EBD111B0BDE8F083294642
:104620003046E9F7B1FB0746012F00D0F4E7A06A56
:1046300050B1606AF5F7B8FC804698F8000010B9F0
:104640003046FBF7E2F800BF2A46216C606AF5F7B6
:10465000BDFC304600F06CF894F85C00C0F38000BC
:10466000002844D0E06ACCF7F6F881462846CCF71B
:10467000F2F8484400F101084146E06AF6F7C2FD4D
:10468000E06200BFE06A18B900BF00BF00BFFEE7EC
:1046900000BFE06A00B9BFE72A46216CE06AD9F79B
:1046A00053FA208F18B9304604F0E4FA1FE001A84D
:1046B000EAF7B4FF214601A8EBF767F8184901A80B
:1046C000EBF735F8218F01A8EBF745F8012200211F
:1046D00001A8EBF752F8134901A8EBF72CF812499F
:1046E00001A8EBF72EF801A8EBF762F800BF3046FF
:1046F00000F03CFA814628460C490968884709EBD6
:1047000000084146304600F063FA00221C21304682
:10471000F2F78CFC00BF7FE75C020020540200200F
:104720002D8D030807F701082F8D03086C02002068
:1047300070B5054600BF00BF2C46606AF5F740FC27
:104740004FF6FF71884206D1606AF5F733FC4FF6E9
:10475000FF71884209D04FF6FF71606AF6F7A6F93B
:104760004FF6FF71606AF6F796F970BD2DE9F041DA
:1047700007460C46254695F85C0020F0040085F8B5
:104780005C000020E86240F2DC50288700202863AB
:1047900068635020405D20F00100401C50214855C6
:1047A000012129645020405D20F00200801C50212E
:1047B00048550020A88795F85C0020F0080085F88F
:1047C0005C0095F85C0020F0020085F85C00002099
:1047D0006862A8622046F5F7C5F868626420FCF7B5
:1047E000D7FE06463146686AFCF7E9FD0BA1686A08
:1047F000F6F7C0F800231A460949686AF7F768FA1D
:104800004FF480612046F7F7ABFA0021204600F014
:10481000DFF9204606F068FABDE8F08100000000EC
:10482000DBEE01082DE9F84F054600BF00BF2C461E
:10483000284600F09BF980466A464146606AF5F7D3
:10484000AFFA00212846FAF730FB06460021284639
:10485000FAF7B7FA81464846F2F750FD0746BDF829
:104860000210B819401C084400B2ADF80200A08F35
:10487000ADF80000606AF8F733FEBDF90210884217
:104880000DDD6946606AF5F757F98246B4F93C8058
:104890005146284600F09CF9A4F83C8000BFBDE8D2
:1048A000F88F70B5054600BF00BF284600F05EF9DE
:1048B000044624B1641E2146284600F089F970BDE3
:1048C00070B5054600BF00BF284600F04FF904460A
:1048D000641C2146284600F07BF970BD2DE9F84F95
:1048E000044600BF00BF2546204600F03FF983463E
:1048F0002C466A465946686AF5F752FA0021204666
:10490000FAF7D3FA064600212046FAF75AFA81460A
:104910004846F2F7F3FC0746BDF80210B819401EEE
:10492000081A00B2ADF80200A88FADF80000694681
:10493000686AF5F701F98246B5F93C805146204690
:1049400000F046F9A5F83C80BDE8F88F2DE9F84362
:10495000054600BF00BF2C46276C0FB9BDE8F883A1
:104960002AA00068009069462846E9F70DFA064635
:10497000012E00D0F2E7606AF5F716FB8146206C45
:10498000411E01224846D9F707F84946606AF5F703
:10499000F1FF2846FFF7CCFEA06A50B1606AF5F738
:1049A00003FB804698F8000010B92846FAF72DFF5F
:1049B00000BF94F85C00C0F38000D0B1226C511E9F
:1049C0000122E06AD8F7E8FFE06ACBF744FF00F184
:1049D00001084146E06AF6F715FCE06200BFE06AB4
:1049E00018B900BF00BF00BFFEE700BFE06A00B912
:1049F000B4E7206C411E284600F0EAF800221C2192
:104A00002846F2F713FB00BFA8E700007F00000074
:104A100070B5054600BF00BF284600F0A7F8044661
:104A2000611C284600F0D4F8284600F09FF8A04208
:104A300002D02846FFF78AFF70BD70B506460D46C6
:104A40002C46E06A20B1E06AF6F788FB0020E062BD
:104A5000A06A20B1A06AF6F781FB0020A06270BDB9
:104A60002DE9F04781460E4631463C48F8F7FEFBFB
:104A70000746012F01D0BDE8F0873046F2F76FFA04
:104A800005463046F2F7CCFA80460E2D03D140465B
:104A900006F02AF960E00D2D47D13046F2F7BDFA55
:104AA0000468132C03D14046FFF70AFF3CE0142CA6
:104AB00003D14046FFF7F5FE36E0112C03D1404606
:104AC000FFF70CFF30E0122C03D14046FFF7AAFE9F
:104AD0002AE0082C03D14046FFF738FF24E07F2C62
:104AE00003D14046FFF794FF1EE0022C04D10021C1
:104AF000404600F06DF817E0032C05D147F6FF7132
:104B0000404600F065F80FE00A2C09D1404600F05D
:104B100039F828B100221F214046F2F787FA03E056
:104B200021464046FFF790FC16E0012D05D0022DEE
:104B300003D0032D01D0082D03D130460BF089FF9F
:104B40000AE0152D03D13046E1F7A2FE04E0182D4E
:104B500002D13046DEF728F900BF8CE75C0005087B
:104B6000014600BF00BF0A46106B7047014600BFF8
:104B700000BF0A46106C7047014600BF00BF0A46DE
:104B8000506B7047014600BF00BF0A4692F85C00B8
:104B9000C0F3C000704770B5054600BF00BF2C468B
:104BA00094F85C00C0F3800020B9606AF5F7FCF966
:104BB000064600E0E66A304670BD10B500BF00BF93
:104BC000024650239B5C61F341035024A35410BD63
:104BD0002DE9FC5F80460C4600BF00BF4546286CAF
:104BE000A04201D1BDE8FC9F686AF5F7DDF93A49BA
:104BF0000090096888470646002C00DA3444B44225
:104C000003DC47F6FF70844200D134462C644046F2
:104C1000FCF728FC00214046FAF7D3F8834601AAA6
:104C20002146686AF5F7BCF85846F2F767FB074675
:104C30004046F8F745FEBDF90610884205DDBDF98E
:104C4000061001224046FBF7F1FE4046F8F7B4FBA0
:104C500081464046F8F734FEBDF906103944081A7B
:104C6000484509DDBDF80600A0EB0900384401B253
:104C700001224046FBF7DAFE4046F8F727FDBDF972
:104C80000410884205DDBDF9041001224046FBF7FF
:104C9000B1FE4046F8F7AFFB82464046F8F716FDF6
:104CA000BDF904103944081A504509DDBDF8040067
:104CB000A0EB0A00384401B201224046FBF79AFEFD
:104CC000BDF80400A887404606F00EF8404604F000
:104CD00019FC00BF86E700006C0200202DE9F041BE
:104CE00005460E4600BF00BF2C4694F85C00C0F39A
:104CF000C000B04201D1BDE8F08106B394F85C0079
:104D000020F00800083084F85C0042F2D171606A3B
:104D1000FCF755FB6420FCF73BFC074600223946B4
:104D2000606AFCF703FA42F2D1712846FBF709FFEB
:104D300000231A4619462846FBF72DFE1EE094F87C
:104D40005C0020F0080084F85C006420FCF720FC84
:104D500007463946606AFCF732FB00221146606A5A
:104D6000FCF7E4F9002241F204012846FBF79CFB22
:104D700000231A4619462846FBF70DFE00BFBAE786
:104D80002DE9F04190B006460D4600BF00BF00BFC0
:104D90001DB900BF00BF00BFFEE700BF344630466C
:104DA000FFF7C6FC3046FFF7DBFE18B93046FFF7C9
:104DB000E3FE40B345A1606AF5F7DCFD47F6FF71FD
:104DC0003046FFF705FF94F85C00C0F3800010B197
:104DD0000020E16A087000200F900FE00FA928461C
:104DE0003B4A12689047074638463A49096888475F
:104DF000804641463046FFF727FB00BF0F98285CEE
:104E00000028EBD108E02946606AF5F7B3FD47F6C4
:104E1000FF713046FFF7DCFEA06A48B1606AF5F723
:104E2000C3F80746387810B93046FAF7EEFC00BFF1
:104E300094F85C00C0F3800000283FD02846CBF7F0
:104E40000AFD471C3946E06AF6F7DCF9E06200BF6C
:104E5000E06A18B900BF00BF00BFFEE700BFE06A0C
:104E600010B910B0BDE8F0812946E06ACBF7CFFC5D
:104E7000208F18B9304603F0FDFE1FE06846EAF7C0
:104E8000CDFB21466846EAF780FC13496846EAF7FD
:104E90004EFC218F6846EAF75EFC0122002168463D
:104EA000EAF76BFC0D496846EAF745FC0C49684691
:104EB000EAF747FC6846EAF77BFC00BF00221C21AA
:104EC0003046F2F7B3F800BFCBE700000000000067
:104ED0005C020020540200202D8D030807F7010812
:104EE0002F8D030870B50446204600F099F805465A
:104EF00005B970BD00BF064A00212046FBF703FB41
:104F000000BF21462846D9F719FF00BFF1E700008E
:104F1000FFFF0F0000B500F067F808B9002000BDE2
:104F20000048FCE7E80B00202DE9FF4104461E463F
:104F30000A9D00F059F860B90020254908704FF427
:104F40001270F6F73DF823490860084600682249C8
:104F50000860EEF775FA0746EEF78AFAB0F5A07F1B
:104F600003DC03201D4908700EE0EEF769FA0746DE
:104F7000EEF77EFAB0F5347F03DA022017490870A5
:104F800002E00120154908701548C460BDF80410FE
:104F90000182BDF80810418245618561C5611148F3
:104FA0000F4908600846066206F040F82CB120461A
:104FB000EEF7BCFA0A49884202D10020FBF788FBD1
:104FC000012003490870064804B0BDE8F0810000E4
:104FD0001E010020240200201001002014010020E6
:104FE000E80B0020F5CF03080348006808B1012052
:104FF00070470020FCE700002402002038B5054679
:10500000284600F00DF8044614B1208A009003E011
:105010001120FCF7A5FA0090BDF80010084638BD35
:1050200070B504461CB12046F8F710FA01E0EEF71F
:1050300007FA05462846EEF779FA70BD70B50446C2
:1050400000F009F80546A54201D32C1B01E064429B
:105050002C44204670BD10B50DF012FB10BD0000B1
:1050600070B505460C4642F2640211462046FBF735
:1050700078FE00231A4608492046F6F729FE8021CB
:105080002046F6F76DFE03212046FBF736FE03218E
:105090002046FBF73FFE70BDE1E103082DE9F04734
:1050A00081460C462046F8F76BFA804642F26402CD
:1050B00011462046FBF755FE2046FCF7D3F9404643
:1050C000F8F77AF910490988484306B24046F8F7DC
:1050D00092F90E490988484307B2324639462046BC
:1050E000FBF7EDFD25460A48007885F824000748BF
:1050F000006838B90448006820B90548017840467E
:10510000FBF7ECFDBDE8F087E8010020E40100209A
:10511000E00100202DE9F04105460E461746002427
:105120000F48D8F711F9044600BF1CB900BF00BFF3
:1051300000BFFEE700BF14B90020BDE8F081266083
:10514000A5604FF0FF30206100206061FFF783FF12
:105150006060E7600120034908702046EDE7000029
:10516000340C00203F02002010B5044621460548BB
:10517000D8F736F90120044908702046F5F7EEFF0C
:1051800010BD0000340C00203E02002001490870D0
:10519000704700003C02002070B50446207D00F0FE
:1051A000010008B1002070BD0025204600F0DFF8A6
:1051B00088B926692069002802DD2069401E206127
:1051C000FFF749FF6060A06818B116B12046A168DA
:1051D0008847012500BF0548007820B9206910B92B
:1051E0002046FFF7C1FF2846DDE700003E02002011
:1051F00001480078704700003D0200202DE9F04191
:105200004948007810B10120BDE8F08101204649ED
:1052100008704648007818B9002008700120F3E7AC
:10522000FFF719FF074667B941480068401C40492D
:10523000086008460068642803D90020086000BFA1
:1052400000BF00BF00203B4908703B4908703B4845
:10525000D8F747F83A49086013E0394801683748F9
:10526000D8F757F8044636480068FFF795FF30B185
:105270003148007810B92F48007800B105E0304877
:1052800004602F4800680028E7D100BF2C48006860
:105290000028D7D1461E2948D8F723F8044610E045
:1052A000207D00F0010038B9204600F060F880460B
:1052B000B04500D2464600BF21462048D8F729F81D
:1052C0000446002CECD13846FFF7B8FE1D490968AA
:1052D00008441C4908601C480068FFF7AFFE0546FB
:1052E000B5F5FA7F1AD31748006864214843B0FB2C
:1052F000F5F01649087008460078642801DD0020A2
:1053000003E012480078C0F16400104908700020E2
:105310000C490860FFF79FFE0B4908600020024916
:105320000870304670E70000400200203C02002078
:105330004C0200203E0200203F020020340C0020DE
:105340002002002048020020440200203D020020EC
:1053500001214161704710B50446FFF77CFE2168CA
:10536000401A401E606010BD00214161704770B559
:1053700004466068FFF762FE05462068A84201D82F
:10538000002070BD2068401BFBE72DE9F047074671
:105390000C46164600F0ADF88046A6EB0800042146
:1053A000D9F701F90546E11704EB91718910A4EBD7
:1053B000810121B100BF00BF0020BDE8F0870C2DA6
:1053C00002D3B5F5803F03D900BF00BF0020F4E74A
:1053D0006FF00301204601F0FDFF81462946484653
:1053E000D9F721FE4846D9F70FFE4846D9F716FEF1
:1053F00049463846D9F7EDFC4846D9F710FD8246B4
:1054000000215046D9F70FFE5046D9F712FE5046FC
:10541000D9F7FFFD2046D0E710B50446E11704EBAD
:1054200091718910A4EB810119B100BF00BF002068
:1054300010BD2046DBF7D0FE2046F9E72DE9F0410C
:1054400004460D462046FFF7E7FF064600F0BEF88B
:105450002F1A00F0BBF800EB04083A4641463046EC
:10546000FFF793FF3046BDE8F0812DE9F041054696
:105470000C4604B32F462046D9F7A7FC064600BFCA
:105480003046D9F7B8FC18B100BF00BF00BFFEE737
:1054900000BF3046D9F7F6FC31463846D9F733FD20
:1054A000064631463846D9F707FD064631463846A6
:1054B000D9F78FFC00BFBDE8F08100B5014600F0D0
:1054C00085F8084400BD2DE9F04104460D46264606
:1054D00004212846D9F74FF8074639463046D9F710
:1054E000A7FC80463A4641463046D9F750FDBDE814
:1054F000F081082070472DE9FE4F80460C46154686
:10550000C2464FF000092CB125B921464046FFF7AD
:10551000ACFF58E02CB929464046FFF7D4FF81463E
:1055200051E02046D9F751FC02900298D9F713FDBB
:1055300001900298D9F782FD06460198D9F77EFDC1
:105540003044001D009004212846D9F714F807467E
:1055500000BF0298D9F74FFC18B100BF00BF00BFD1
:10556000FEE700BFB7421ED90198D9F744FC10B13D
:105570000098874217D929464046FFF7A4FF814685
:10558000B9F1000F1ED0AE4201D2304600E02846ED
:1055900083465A4621464846F5F769FE214640466D
:1055A000FFF763FF0EE0B74206D950460299D9F7DC
:1055B00083FC0298D9F773FC3A4650460299D9F712
:1055C000B6FDA14600BF4846BDE8FE8F40F23C5004
:1055D000704700002DE9F05F07460D4616460DB1F5
:1055E000284600E0144880466FF00301384601F079
:1055F000F1FE044617E02046D9F7FDFB08B901206B
:1056000000E0002081462046D9F718FD824620465A
:10561000D9F763FD834633464A465146C047204684
:10562000D9F799FC044624B12046D9F7E9FB0028B4
:10563000E1D0BDE8F09F00005716010810B5044600
:1056400004F15A0000B200F009F810BD10B504468C
:1056500004F15A0000B200F001F810BD014600202C
:105660004FF4B47291FBF2F302FB1311002902DA3A
:1056700001F5B47211B25A2903DA134A32F9110052
:1056800020E05A2908DBB42906DAC1F1B40211B2CC
:105690000D4A32F9110015E0B4290BDBB1F5877F13
:1056A00008DAA1F1B40211B2074A32F811205242CD
:1056B00010B207E0C1F5B47211B2034A32F81120FA
:1056C000524210B27047000000FE04082DE9FF4F5F
:1056D00085B08346139CBBF1000F02D09BF80000FD
:1056E00018B9002009B0BDE8F08F069808B900206D
:1056F000F8E7129800F0020010B141F6FF70089030
:105700004FF00008002004900390002581460026F9
:105710008246471E019004A95846444A12689047A1
:1057200005460498039065E003A958463F4A12686D
:10573000904781460AF1010A129800F0010050B129
:1057400029461498D8F730FA28B1DDF8108003986C
:1057500004904D464EE04A4629460698F1F7A7FDCB
:1057600000B202900298304406B20298002802DD8E
:105770000798304406B2781C40B90798311A089847
:10578000814203DD4746AAF1010001900A2D1DD098
:105790000D2D1BD028460022B0F59C4F05D349F6AD
:1057A000A573984201D801230FE0002107E020A350
:1057B0005B5C834201D1012205E04B1CD9B21CA3E2
:1057C0005B5C002BF3D100BF13464BB1B8F1000F67
:1057D00003D1781C08B904B12660AAF1010A0DE0D2
:1057E00014B1781C00B92660DDF81080039804908D
:1057F0004D4600BF1BF80800002895D100BF781C5B
:1058000058B9BAF1000F04D00D2D04D1B9F10A0F27
:1058100001D1DDF81080404664E7159808B138469C
:1058200060E70CB10020206000205BE75C020020F4
:10583000202C2E3B3A2D5F002DE9FF4F83B004460C
:105840000E469046DDF848B0DDF8409000202080FC
:10585000608016B907B0BDE8F08FB8F1000F00D135
:10586000F8E70BF0020010B141F6FF70119000252F
:10587000AA4600BFB8F8080087B231E00020CDE9A1
:10588000000B70194146119B069AD8F7C7F882445D
:10589000B4F9020038444844B0F5004F02D300BFC9
:1058A00000BFD7E76088384400B260806088484411
:1058B00000B26080AAEB05017019CDF800B0424635
:1058C000069B00F02BF80290B4F900100298814278
:1058D00001DA029801E0B4F900002080554600BFCB
:1058E000705D0028CAD16DB1681E305C0A2803D0F3
:1058F000681E305C0D2805D1608807EB090108445B
:1059000000B26080608810B938B2608004E06088BE
:10591000A0EB090000B2608000BF9BE72DE9FF47C4
:1059200005460E4617469846DDF830A01DB9002002
:1059300004B0BDE8F0870FB90020F9E7287808B96E
:105940000020F5E7002003900024029046B31FE0FA
:1059500003AB6A4601A92846D8F744F80AF00100CB
:1059600028B102A80199D8F71FF900B110E0384614
:10597000DDE90021F1F79BFC0FFA80F9B9F1000F86
:1059800005DD04EB090004B204EB080004B200BF1B
:105990000398B042DCD3002C02DDA4EB080004B273
:1059A0002046C5E708B50146802901D2084608BD52
:1059B000B1F5006F11D2C1F3841040F0C0008DF832
:1059C000000001F03F0040F080008DF80100002051
:1059D0008DF802008DF8030033E0B1F5803F15D259
:1059E000C1F3033040F0E0008DF80000C1F38510F2
:1059F00040F080008DF8010001F03F0040F0800091
:105A00008DF8020000208DF803001AE0B1F5881F20
:105A100017D2C1F3824040F0F0008DF80000C1F3CE
:105A2000053040F080008DF80100C1F3851040F092
:105A300080008DF8020001F03F0040F080008DF8FA
:105A400003006A461068B2E731B582B0029800F0F0
:105A50008000E8B1042202A901A8F5F750FD9DF8E5
:105A6000040000069DF8051000EB01409DF80610AB
:105A700000EB01209DF807104418002504E0E0B277
:105A800000B9240A681CC5B2042DF8DB029400BFDB
:105A900002983EBD2DE9F04105460E460024002740
:105AA0000CE028190949096888478046B8F1000FB9
:105AB00001D0404600E0012004447F1CB74202D2DE
:105AC000285D0028EDD12046BDE8F081500200207D
:105AD000F8B506460C4600200090002505E0694612
:105AE0003046044A126890476D1C0098A042F6D3D5
:105AF0002846F8BD5C02002038B504460025002089
:105B0000009005E069462046044A126890476D1CE3
:105B10000098205C0028F5D1284638BD5C020020A2
:105B200008B5024600230020009001B969460868C4
:105B3000105C00F0800028B90868135C0868401CFD
:105B400008608FE00868105C00F0E000C02817D102
:105B50000868105CC006430D0868401C08600868AF
:105B6000105C00F0C000802801D0002008BD08684B
:105B7000105C00F03F0003440868401C086071E0BE
:105B80000868105C00F0F000E02828D10868105C7C
:105B90000007030C0868401C08600868105C00F0EF
:105BA000C000802801D00020E0E70868105C00F009
:105BB0003F0003EB80130868401C08600868105C15
:105BC00000F0C000802801D00020CFE70868105CFA
:105BD00000F03F0003440868401C086042E0086889
:105BE000105C00F0F800F02839D10868105C40071C
:105BF000C30A0868401C08600868105C00F0C00018
:105C0000802801D00020B1E70868105C00F03F0058
:105C100003EB00330868401C08600868105C00F063
:105C2000C000802801D00020A0E70868105C00F0C8
:105C30003F0003EB80130868401C08600868105C94
:105C400000F0C000802801D000208FE70868105CB9
:105C500000F03F0003440868401C086002E0086848
:105C6000401C0860184681E72DE9F84306460C46BB
:105C700000272068401E206000BF042F02DB0020A8
:105C8000BDE8F883216888190D49096888470546E9
:105C90003DB9206818B12068401E206001E0002056
:105CA000EEE7781CC7B2002DE7D020680090694667
:105CB0003046044A1268904780464046E0E70000BC
:105CC000500200205C0200200146087800F08000AD
:105CD00008B901207047087800F0E000C02801D121
:105CE0000220F7E7087800F0F000E02801D1032057
:105CF000F0E7087800F0F800F02801D10420E9E787
:105D00000020E7E77FB582B004460D4616460598A9
:105D100033462A46214600900248D8F723F906B0B8
:105D200070BD0000E3DE00082DE9F04782460C4616
:105D30002046F7F725FC05462846F7F7D1FB8046B5
:105D40002846F9F768F98146424649462046FBF75E
:105D500008F801212046FAF7D3FE2046F6F742FE66
:105D600006461048B0F9002042F264013046FAF7C6
:105D7000F8FF00213046FAF7C3FE02231A4600213D
:105D80003046FAF79DFE2046F6F72CFE0746012125
:105D90003846FAF7C7FE42F264013846FBF70FFBBC
:105DA000BDE8F087EC0100201CB5F3F795FBFBF78D
:105DB00023FCFBF745FC0648012100238022CDE9A6
:105DC000001004A106480CF01BFC0BF061FE1CBD8A
:105DD0001400002073746172745F7461736B00004F
:105DE00071AD0308CEF7DCF80823022219214FF425
:105DF000B470D4F75FFAB420DBF730FC4FF4E13035
:105E00000AF0DCFFD3F7C0FAD4F7D2F9FFF7CCFFE2
:105E100000BFFEE72DE9F84304460D461646274825
:105E20000068EAF70DFE80462AB221B24046FAF732
:105E300098FF2348ECF7C2FB002201460090404641
:105E4000FBF7B8F81F48ECF7B9FB20220146009099
:105E50004046FBF7AFF84FF6FF72FF214046FBF7D5
:105E6000C6F84FF6FF720E214046FBF730FA6FF08E
:105E70007F40ECF7A3FB0022014600904046FBF771
:105E800066FA00220A214046FBF747FA0022332136
:105E90004046FBF728FA4046F3F764FD07460EB18B
:105EA000304600E008A001463846F4F763FD384666
:105EB000F6F7D3FB4046BDE8F8830000BC050020A0
:105EC000C9734D00A85A390000000000F8B5054616
:105ED00033480068EAF7B4FD06463248008802B24B
:105EE0003148008801B23046FAF73BFF4FF6FF72A7
:105EF000FF213046FBF77BF82C48ECF72CFB002207
:105F0000014600903046FBF755F82948ECF723FB93
:105F10002022014600903046FBF74CF82448ECF76D
:105F20001AFB0122014600903046FBF743F8214856
:105F3000ECF711FB8022014600903046FBF73AF85F
:105F40004FF6FF720E213046FBF7C1F900220A21FD
:105F50003046FBF7E2F9002233213046FBF7C3F964
:105F60003046F3F7FFFC04460DB1284600E012A0CE
:105F700001462046F4F7FEFC6FF07F40ECF7EBFAA9
:105F80000022014600902046FBF7E1F900BF002304
:105F90001A4609212046F5F791FF00BF3046F8BDAB
:105FA000400400206404002060040020C9734D00F8
:105FB000A85A3900CF8C7A00000000002DE9F84380
:105FC00005460E461746E3F795FD26480068EAF7B2
:105FD00037FD804632B229B24046FAF7C2FE0022AF
:105FE00021494046F5F709FF02221F494046F5F7CF
:105FF00004FF10221C494046F5F7FFFE20221B49F2
:106000004046F5F7FAFE012218494046F5F7F5FE3D
:10601000802217494046F5F7F0FE4046F3F7A2FC10
:1060200004460FB1384600E012A001462046F4F7BE
:10603000A1FC6FF07F40ECF79FFA00220146009030
:106040002046FBF784F900BF00231A4609212046A9
:10605000F5F734FF00BF88214046F6F73EFC404686
:10606000BDE8F883A4040020F80400200005002007
:1060700008050020000000002DE9F84305460E4603
:10608000174633480068EAF7DBFC804632B229B293
:106090004046FAF766FE4FF6FF72FF214046FAF7D8
:1060A000A6FF2C48ECF779FA4FF6FF7201460090F4
:1060B0004046FAF77FFF2848ECF76FFA20220146A6
:1060C00000904046FAF776FF2348ECF766FA012283
:1060D000014600904046FAF76DFF2048ECF75DFA64
:1060E0008022014600904046FAF764FF4FF6FF72A7
:1060F0000E214046FBF7EBF800220A214046FBF751
:106100000CF9002233214046FBF7EDF84046F3F747
:1061100029FC04460FB1384600E011A00146204694
:10612000F4F728FC6FF07F40ECF737FA00220146C5
:1061300000902046FBF70BF900BF00231A46092107
:106140002046F5F7BBFE00BF4046BDE8F8830000DF
:1061500014050020C9734D00A85A3900CF8C7A006D
:10616000000000002DE9F84305460E4617462E486C
:106170000068EAF765FC804632B229B24046FAF779
:10618000F0FD4FF6FF72FF214046FAF730FF274837
:10619000ECF725FA4FF6FF72014600904046FAF7F9
:1061A00009FF2348ECF71BFA2022014600904046E5
:1061B000FAF700FF1E48ECF712FA012201460090A0
:1061C0004046FAF7F7FE4FF6FF720E214046FBF706
:1061D0007EF800220A214046FBF79FF80022332177
:1061E0004046FBF780F84046F3F7BCFB04460FB18E
:1061F000384600E00FA001462046F4F7BBFB6FF0E5
:106200007F40ECF7ECF90022014600902046FBF7B6
:106210009EF800BF00231A4609212046F5F74EFEDE
:1062200000BF4046BDE8F8830C060020C9734D004E
:10623000A85A3900000000002DE9F84F8046894631
:1062400014461D46DDE90AAB4046EAF7F9FB00902B
:10625000009804F0C7FD5A4651460098FAF781FDB0
:106260002A4621460098FAF72AFD002307220B4907
:106270000098F5F72DFD0098F3F774FB06464946A4
:106280003046F4F777FB374600231A460921384693
:10629000F5F714FE00BF0098BDE8F88F45790308B4
:1062A0002DE9FF4104460D4616460D480068F3F7F8
:1062B00059FB07463846FAF7EDF931463846F4F708
:1062C00059FB002238460399FBF741F82BB222B262
:1062D00001213846F5F7F2FD384604B0BDE8F081FB
:1062E0000C0600202DE9F04105460C462846EAF749
:1062F000A7FB0646304606F079FD22B221B23046B1
:10630000FAF72FFD3046F3F72DFB074604A1384678
:10631000F4F730FB3846F6F785F93046BDE8F081F2
:10632000EF8095002DE9F04706460F4614461D46BE
:106330003046EAF785FB8046404606F08FFD2AB2DC
:1063400021B24046FAF70DFD4046F3F70BFB8146BC
:1063500039464846F4F70EFB4846F6F763F94046DF
:10636000BDE8F08770B504460D46802229462046D8
:10637000EAF77CFF064680212046EAF791FB26B12A
:10638000802229462046EAF785FF70BD2DE9FF47A8
:1063900004460F469046DDF8309000BF294A0021A0
:1063A0002046FAF7B0F800BF424639462046FAF7D1
:1063B000D8FC00231A4602212046F5F77FFD002273
:1063C00020460399FAF7F6FD002249462046FAF7DF
:1063D0000EFE00252E46324629462046FAF725FFB6
:1063E000324629462046FAF72DFF324629462046F6
:1063F000FAF742FF324629462046FAF7FCFE00BF74
:10640000002211462046FAF72AFF002211462046B4
:10641000FAF7FEFE002211462046FAF710FE00228F
:1064200011462046FAF78FFE10212046F6F714FA9F
:1064300000212046FAF752FC00212046FAF777FCAB
:10644000BDE8FF87FFFF0F002DE9FF4104460D4621
:1064500016460A9F2046FAF727F932462946204673
:10646000FAF77FFC00231A4601212046F5F726FDA6
:10647000002220460399FAF79DFD00223946204666
:10648000FAF7B5FD002211462046FAF782FE0022F7
:1064900011462046FAF7D3FD10212046F6F7DCF925
:1064A00000212046FAF71AFC00212046FAF73FFCAB
:1064B000BDE8FF812DE9FF4104460D4616460A9FBF
:1064C0002046FAF7FBF8324629462046FAF749FCFF
:1064D00000231A4601212046F5F7F0FC0022204651
:1064E0000399FAF767FD002239462046FAF77FFD47
:1064F000002211462046FAF765FE0022114620468A
:10650000FAF79DFD10212046F6F7A6F90021204656
:10651000FAF7E4FB00212046FAF709FCBDE8FF8109
:1065200070B5044606480068F3F71CFA0546214694
:106530002846F4F71FFA2846F6F774F870BD0000F5
:10654000080300202DE9FF4104460D4616460A9F28
:1065500000BF114A00212046F9F7D5FF00BF32469F
:1065600029462046FAF7FDFB002220460399FAF758
:1065700021FD002239462046FAF739FD1021204638
:10658000F6F76AF900212046FAF7A8FB0021204619
:10659000FAF7CDFBBDE8FF81FFFF0F002DE9FF47B4
:1065A00004460F469046DDF830902046FAF75EF834
:1065B000424639462046FAF7D4FB0022204603998A
:1065C000FAF7F8FC002249462046FAF710FD0025AC
:1065D0002E46324629462046FAF727FE32462946FD
:1065E0002046FAF72FFE324629462046FAF744FEA7
:1065F000324629462046FAF7FEFD00BF002211462A
:106600002046FAF71CFD10212046F6F725F9002157
:106610002046FAF763FB00212046FAF788FBBDE825
:10662000FF872DE9FF4704460F469046DDF830907E
:106630002046FAF725F8424639462046FAF791FBFC
:10664000002220460399FAF7B5FC0022494620466D
:10665000FAF7CDFC00252E46324629462046FAF7A9
:10666000E4FD324629462046FAF7ECFD324629463B
:106670002046FAF701FE324629462046FAF7BBFDCE
:1066800000BF002211462046FAF7D9FC102120460F
:10669000F6F7E2F800212046FAF720FB0021204619
:1066A000FAF745FBBDE8FF872DE9FF4704460F4693
:1066B0009046DDF830902046F9F7ECFF4246394627
:1066C0002046FAF74EFB002220460399FAF772FCA7
:1066D000002249462046FAF78AFC00252E4632461B
:1066E00029462046FAF7A1FD324629462046FAF708
:1066F000A9FD324629462046FAF7BEFD3246294614
:106700002046FAF778FD00BF002211462046FAF72E
:1067100096FC10212046F6F79FF800212046FAF754
:10672000DDFA00212046FAF702FBBDE8FF870000F2
:10673000F8B504462E480068EAF782F906462D4867
:10674000008802B22C48008801B23046FAF709FBF3
:106750004FF6FF72FF213046FAF749FC2748EBF766
:106760002DFF4FF6FF72014600903046FAF722FCEB
:106770002348EBF723FF0122014600903046FAF749
:1067800019FC2048EBF71AFF202201460090304602
:10679000FAF710FC1C48EBF711FF8022014600902D
:1067A0003046FAF707FC4FF6FF720C213046FAF735
:1067B0008EFD08213046F5F7D3FA3046F3F7D2F8CC
:1067C00005460CB1204600E010A001462846F4F72B
:1067D000D1F86FF07F40EBF7F1FE00220146009008
:1067E0002846FAF7B4FD2846F5F737FF3046F8BDDE
:1067F000BC0500209C05002098050020C9734D00B1
:10680000C05C2D00A85A3900CF8C7A0031000000FE
:106810002DE9FF4F87B0054692461F46DDF850B080
:10682000DDF858800898E9F712FE06900898E9F715
:1068300094FD05901898012804D0022805D003285B
:1068400009D105E0DFF8D0900AE0DFF8D09007E04A
:10685000DFF8CC9004E000BF00BF0BB0BDE8F08FC4
:1068600000BFB8F1000F21D100261BE0002411E089
:1068700005EB44000088039007EB44000088029079
:10688000159A0399C847049005EB4400BDF8101011
:106890000180641C06988442EADB05EB4A0507EB9D
:1068A0004B07761C05988642E0DB33E000262EE09D
:1068B000002422E018F8040000B91DE018F80400D4
:1068C000FD2801DB159804E018F8040015994843E9
:1068D0000012049005EB44000088029007EB44008E
:1068E00000880190049A0299C847039005EB440080
:1068F000BDF80C10018000BF641C06988442D9DBEF
:1069000005EB4A0507EB4B0717988044761C059862
:106910008642CDDB00BFA0E7450F010877100108D4
:10692000E70F01082DE9FF4F85B005461F46DDF84A
:1069300050900698E9F78BFD83460698E9F70DFD20
:106940000490B9F1000F3DD11398FD2814DB4FF0EE
:1069500000080DE04FEA4B0239462846F4F787FC61
:10696000079805EB4005129807EB400708F101086E
:1069700004988045EEDB79E14FF000081EE000242A
:1069800012E005EB44000088029007EB4400008809
:106990000190139A0299EBF7C1FF039005EB4400B5
:1069A000BDF80C100180641C5C45EADB079805EB20
:1069B0004005129807EB400708F10108049880454C
:1069C000DDDB53E11398FD287DDDABF1040003907E
:1069D0004FF000080EE14E4600241FE03078D8B199
:1069E0003078FF2806D105EB440007EB4401098805
:1069F000018011E0327805EB44000088019007EB3C
:106A00004400008800900199EBF788FF029005EBA5
:106A10004400BDF808100180761C641C5C4503DA54
:106A200006F003000028D9D1B246B1E0DAF8000040
:106A300000281ED0DAF80000401CD8B905EB44004D
:106A400007EB440109880180601C05EB400107EB5E
:106A5000400000880880A01C05EB400107EB4000C7
:106A600000880880E01C05EB400107EB400000882F
:106A700008808AE056463078D8B13078FF2806D1B1
:106A800005EB440007EB44010988018011E03278EE
:106A900005EB44000088019007EB4400008800905B
:106AA0000199EBF73BFF029005EB4400BDF808109D
:106AB0000180761C307808B33078FF2809D1601C3B
:106AC00005EB400100E09AE007EB400000880880F9
:106AD00014E03278601C05EB400000880190601CD7
:106AE00007EB4000008800900199EBF717FF029038
:106AF000601C05EB4000BDF808100180761C307862
:106B0000F8B13078FF2807D1A01C05EB400107EB56
:106B100040000088088014E03278A01C05EB40009B
:106B200000880190A01C07EB4000008800900199AC
:106B3000EBF7F4FE0290A01C05EB4000BDF8081036
:106B40000180761C3078F8B13078FF2807D1E01C3E
:106B500005EB400107EB40000088088014E0327824
:106B6000E01C05EB400000880190E01C07EB4000B2
:106B7000008800900199EBF7D1FE0290E01C05EB34
:106B80004000BDF808100180761C0AF1040A241D9B
:106B900003988442FFF64AAF56461FE03078D8B1DA
:106BA0003078FF2806D105EB440007EB4401098843
:106BB000018011E0327805EB44000088019007EB7A
:106BC0004400008800900199EBF7A8FE029005EBC5
:106BD0004400BDF808100180761C641C5C45DDDBB8
:106BE000079805EB4005129807EB4007159881447C
:106BF00008F1010804988045FFF6EDAE36E04FF04D
:106C0000000830E0002422E019F80400F0B119F87F
:106C10000400FD2801DB139804E019F8040013991F
:106C200048430012064605EB44000088029007EB3B
:106C300044000088324601900299EBF76FFE039002
:106C400005EB4400BDF80C10018000BF641C5C45DE
:106C5000DADB079805EB4005129807EB400715981B
:106C6000814408F1010804988045CBDB09B0BDE8F8
:106C7000F08F2DE9FF4F85B082460E461F46DDF8A6
:106C800048B0DDF85080D6F765FE81463046E9F71A
:106C9000DEFB04903046E9F760FB0390B8F1000F8B
:106CA00023D100251DE0002415E01398029007EB86
:106CB00044000088ADF804007088284400B20090B9
:106CC000318821440BB2D9F80000D0F81CC05146DD
:106CD000079AE047641C04988442E6DB07EB4B0705
:106CE0006D1C03988542DEDB2BE0002526E00024A6
:106CF0001CE018F80400C0B118F8040013994843C8
:106D0000000A029007EB44000088ADF80400708888
:106D1000284400B20090318821440BB2D9F8000019
:106D2000D0F81CC05146079AE047641C049884427E
:106D3000DFDB1598804407EB4B076D1C03988542F9
:106D4000D5DB09B0BDE8F08F2DE9F04104460F46D0
:106D50009046802C06D200252046E11704EB917165
:106D60008E1009E0204607F0B0FA0546681F24FAA5
:106D700000F080F02006AD1F3D60C8F80060BDE85F
:106D8000F0812DE9F04104460D461646802C09D3CA
:106D9000204607F09AFA401F012101FA00F0471E31
:106DA0003C4400BF324629462046FFF7CDFFBDE8F0
:106DB000F0810246FD2901DB10467047022901DC03
:106DC0000020FAE702FB01F000EBC01303EBC03038
:106DD000C0F3C750F1E700002DE9F8430546284607
:106DE000F0F71EF904462046F6F7CAFB80464046F7
:106DF000F6F7C6FB81464846EAF750FC064630687F
:106E0000009000214046F6F756FAA04214D19DF8B2
:106E10000200012809D10C208DF80200BDF8000005
:106E2000401E80B2ADF800001AE09DF80200401E3E
:106E300040B28DF8020013E09DF802000C2809D141
:106E400001208DF80200BDF80000401C80B2ADF8B2
:106E5000000005E09DF80200401C40B28DF80200E1
:106E60009DF90220BDF800104846EAF71FFC0121F9
:106E70004046F6F720FA07469DF90200401E0549F4
:106E800051F82030BDF8002003A13846F3F7CAFDC1
:106E9000BDE8F8834C010020256420257300000024
:106EA0002DE9F84304462046F0F7BAF80746204695
:106EB000F0F7B9F880463846EFF786FD05464046BC
:106EC000EAF7ECFB064630680090681C40B28DF88B
:106ED00002009DF90220BDF800104046EAF7E6FBEB
:106EE000BDE8F88370B52A48007800B170BDFBF7A3
:106EF000B1F9044600BF274A00212046F9F703FBF9
:106F000000BF002211462046FAF771F800252E46F0
:106F1000324629462046FAF788F932462946204665
:106F2000FAF790F9324629462046FAF7A5F9324693
:106F300029462046FAF75FF900BF00221146204695
:106F4000FAF78DF9002211462046FAF761F900227E
:106F500011462046FAF773F8002211462046FAF748
:106F6000F2F810212046F5F777FC00212046F9F7CA
:106F7000B5FE00212046F9F7DAFEFBF76BF905466E
:106F8000D7F7FEFD01200249087000BFAEE7000000
:106F900064070020FFFF0F002DE9F04782460D46F1
:106FA00000212846F8F7FFFD00212846F9F7A8FD43
:106FB0000023022219462846F9F782FD2846E9F700
:106FC0003FFD814600222FA14846FAF703F86420CE
:106FD000002804DAC0F57A7141F4005101E040F470
:106FE00000510CB221464846F9F7ABFD4846FAF786
:106FF00039FA4846F6F774FA064631464846FAF733
:10700000DEF90023072220494846F4F761FE0421F7
:107010004846F5F721FC2846F2F7A4FC0746032171
:107020003846F3F765FC002202213846FAF782F968
:1070300001213846F9F776FD2846E9F701FD80463B
:10704000002212A14046F9F7C5FF324631464046BC
:10705000F9F787FE002307220B494046F4F738FE74
:1070600004214046F5F7F8FB00231C220849284676
:10707000F4F72EFE00221C212846EFF7D7FFBDE8CB
:10708000F0870000EF819300D96D0308EF81940031
:107090000D1C04082DE9F04180460C462046F6F709
:1070A0006FFA054600212046F8F77DFD00212046B5
:1070B000F9F726FD2046EFF7A9FB064617480168B9
:1070C0003046EFF77BFE2B461C2215493046F4F77D
:1070D000FFFD01213046F9F725FD2046EFF796FB2D
:1070E0000746104801683846EFF768FE2B461C2219
:1070F0000D493846F4F7ECFD01213846F9F712FD49
:1071000000231C2209492046F4F7E2FD00221C213D
:107110002046EFF78BFFBDE8F081000080010020E2
:10712000F92B04087C010020A16E03085D1C0408F3
:1071300070B50546287A072800D070BD2846EFF7BD
:1071400072FFC4B21B480078A04200D1F5E719488D
:1071500006783046D9F7D4FE16480470204603F06E
:107160006FFB062C21D2DFE804F020030C0F131C68
:107170001148007810B909F071FE01E009F058FEDD
:1071800014E009F0ABFE11E00CA0FFF7C9F90DE027
:107190000E48007810B909F0E9FF01E00AF066F83E
:1071A00004E00BA0FFF7BCF900E000BF00BF00BF88
:1071B000C3E70000240300202503002056696577FB
:1071C00020332028486F6D65290000002603002029
:1071D000566965772035000070B50446254615F8D8
:1071E0003C0F00F00300401C032190FBF1F201FB77
:1071F0001200297860F3010105F83C19204602F0DD
:10720000C3FA2046F8F701FB70BD000070B50446D4
:107210000C48006808B9002070BD14B90A4800681D
:10722000FAE70CB90020F7E72046E4F7DCFA054658
:10723000601906490968884201D30020ECE760190B
:10724000EAE70000D40000202C020020D800002033
:1072500037B5034601B93EBD08461D682D1D2844BB
:10726000024602AC2568156000BFF4E737B5034657
:1072700001B93EBD08461D682844024602AC256897
:10728000156000BFF5E72DE9F05F044600222121DB
:107290002046EFF7CBFE8246BAF1000F01D1BDE8E0
:1072A000F09F00212046F6F706F8804607E04046AA
:1072B000FFF7E9FF00212046F5F7FDFF8046B8F112
:1072C000000FF4D12046F6F701F981460020F1F7CE
:1072D0003BFF07461DE0786AA04202D0B86AA04290
:1072E00003D121463846F2F723F8386BA04201D18A
:1072F00000213963386D484507D1F1F733FFA042CB
:1073000003D121463846F2F713F83846F1F71CFF4F
:107310000746002FDFD12046D6F7AAF8606840BBA9
:107320002046F6F793F80546002606E0E86850F890
:107330002600A04200D103E0761C686AB042F5D86E
:1073400000BFB3465E4606E0701CE96851F82000B5
:1073500041F82600761C686A401EB042F4D8686A7C
:10736000401E68626A6A9100E868F3F74BFFE860C4
:107370002BE02046F6F7BDF8064635460BE0606880
:1073800080680168681C51F8200061688968096894
:1073900041F825006D1C606880684068401EA84266
:1073A000EDD8606880684068401E61688968486000
:1073B0006268926852689100626892681068F3F798
:1073C00021FF61688968086000BF2046F3F7C6FEA8
:1073D00000BF64E7024650187047000070B50446CD
:1073E000207A1C2800D070BD06480068F6F7DCFE45
:1073F000054605F0010004490870D7F719FC00BFE5
:10740000F1E70000200500206C05002070B504465F
:10741000207A1C2800D070BD06480068F6F7C4FE2C
:10742000054605F0010004490870D7F701FC00BFCC
:10743000F1E70000240500206D05002070B504462A
:107440002046EFF7F0FD05460448006828B1E8B291
:1074500003490968014A1268904770BD440400203E
:107460004804002010B504460448006828B10448C8
:1074700001680020014A1268904710BDEC0400200A
:10748000F004002010B504460448006828B1044800
:1074900001680120014A1268904710BDEC040020E9
:1074A000F004002010B504460448006828B10448E0
:1074B00001680220014A1268904710BDEC040020C8
:1074C000F00400201FB5044609A0E7F77DFC082062
:1074D000E7F770FC0A4890ED000A10216846E3F7D0
:1074E000E5FE6A4600210748E7F7B8FC1FBD00002B
:1074F0007A65726F20646566286B6729000000005A
:10750000D004002031E801081FB5044608A0E7F7C1
:107510005BFC0520E7F74EFC08480288102168460E
:10752000E3F700FF6A4600210548E7F769FC1FBD45
:10753000BFD5C1CFB1A8BEAF282529004206002083
:107540003DE9010810B504460448006820B104482C
:10755000006802490968884710BD0000E404002063
:10756000E804002010B504460448006820B104482F
:10757000006802490968884710BD000074050020B2
:107580007805002010B504460448006820B104487E
:10759000006802490968884710BD000048060020BD
:1075A0004C0600201FB5044608A0E7F70DFC052097
:1075B000E7F700FC0848028810216846E3F7B2FEAE
:1075C0006A4600210548E7F71BFC1FBDC2FAC1CF80
:1075D000B1A8BEAF2825290040060020B5E9010862
:1075E0007CB505460524164800880A2801DA0124DE
:1075F00013E013480088642801DA02240DE01048E3
:107600000088B0F57A7F01DA032406E00C48008890
:1076100042F21071884200DA04240AA0E7F7D4FB92
:10762000E0B2E7F7C7FB0A48028808216846E3F79B
:1076300095FE6A4600210748E7F7E2FB7CBD0000A3
:10764000720500206C65667420636F756E740000AF
:107650006E0500204FE801081FB5044609A0E7F7B2
:10766000B3FB0820E7F7A6FB0A4890ED000A1021BB
:107670006846E3F71BFE6A4600210748E7F7EEFB82
:107680001FBD00006D617820776569676874286B9D
:1076900067290000CC0400206DE801081CB50446F1
:1076A00008A0E7F791FB0220E7F784FB084802787F
:1076B00008216846E3F7ECFD6A4600210548E7F734
:1076C0009FFB1CBD706F696E7473206E000000001C
:1076D000C80400208BE801087CB50546052416483F
:1076E00000880A2801DA012413E01348008864287E
:1076F00001DA02240DE010480088B0F57A7F01DA43
:10770000032406E00C48008842F21071884200DA37
:1077100004240AA0E7F758FBE0B2E7F74BFB0A485E
:10772000028808216846E3F719FE6A4600210748E7
:10773000E7F766FB7CBD0000720500207269676890
:107740007420636F756E740070050020A9E801084D
:1077500010B52DED028B86B0044610A0E7F734FB80
:107760000820E7F727FB124890ED000A10EE101AE8
:1077700008460BF045FF41EC180B8DED008B0DA278
:10778000102102A8C8F7BEFE02AA00210B48E7F7A5
:1077900065FB06B0BDEC028B10BD00007365747410
:1077A000696E6720776569676874286B67290000D0
:1077B000D8040020252E316600000000C7E801082B
:1077C00010B52DED028B86B0044610A0E7F7FCFA49
:1077D0000820E7F7EFFA124890ED010A10EE101AB0
:1077E00008460BF00DFF41EC180B8DED008B0DA240
:1077F000102102A8C8F786FE02AA01210B48E7F76C
:107800002DFB06B0BDEC028B10BD000073657474D7
:10781000696E6720776569676874286B672900005F
:10782000D8040020252E316600000000C7E80108BA
:1078300010B52DED028B86B0044610A0E7F7C4FA10
:107840000820E7F7B7FA124890ED020A10EE101A76
:1078500008460BF0D5FE41EC180B8DED008B0DA208
:10786000102102A8C8F74EFE02AA02210B48E7F732
:10787000F5FA06B0BDEC028B10BD000073657474A0
:10788000696E6720776569676874286B67290000EF
:10789000D8040020252E316600000000C7E801084A
:1078A0001FB5044608A0E7F78FFA0620E7F782FA2B
:1078B0000948102102686846E3F742FD6A46002144
:1078C0000648E7F79DFA1FBDB3ACCAB1B1A8BEAF79
:1078D00028C3EB290000000044060020E5EC010865
:1078E00010B504460A48006800B910BD0948007880
:1078F00000B9FAE7002008490870084802680848FB
:10790000018804480078024B1B68984700BFECE7E9
:10791000F8050020C6050020CA050020FC0500204F
:10792000C805002010B504460448006820B104488A
:10793000006802490968884710BD00000006002061
:1079400004060020F0B52DED028B81B00646307A9A
:10795000072803D001B0BDEC028BF0BD3046EFF735
:107960005FFB074600213846F5F7A5FC0546F2F710
:107970001BFB04462FA12046C9F780F8A0B900BF21
:107980002D48C8F768FF054605B90CE00021681EC0
:10799000294A11542948006820B111462748006837
:1079A000F2F7E8FF00BFD5E725A12046C9F766F842
:1079B00028B900BF23A0E7F77BF900BFCAE722A1DF
:1079C0002046C9F75BF8B0B92048006880B10020B4
:1079D000009069461848D4F7A9F8B0EE408A1C48D0
:1079E000B0EE480A01681448184A1268904700BF70
:1079F000E7F7D2F9AEE7DCB12078C8B12578C8F74F
:107A0000E1FC0068405D202803D12846E7F7BCF878
:107A1000A0E71048007850B92E2D08D12E21064835
:107A2000C8F7EBFE10B92E20E7F7AEF892E700BFDB
:107A300000BF8FE744656C007C890120440300206F
:107A4000436C7200000000004F4B00004803002010
:107A50004C0300205003002010B504460A4800687B
:107A600000B910BD0948007800B9FAE701200849BB
:107A70000870084802680848018804480078024BEA
:107A80001B68984700BFECE7F0050020C605002002
:107A9000CA050020F4050020C8050020704700003A
:107AA00070B50546287A072800D070BD08F0A2FA04
:107AB000044607480088401CA04206DA04480088B3
:107AC000401C0349088001F0EDFF00BFEDE7000016
:107AD000F206002070B50546287A072800D070BD50
:107AE00008F032FF044607480088401CA04206DA2E
:107AF00004480088401C0349088002F0B9F800BF20
:107B0000EDE700005A07002010B50446207A072848
:107B100000D010BD06480088002806DD0448008813
:107B2000401E0349088001F0BDFF00BFF1E70000DF
:107B3000F206002010B50446207A072800D010BDB8
:107B400006480088002806DD04480088401E0349D6
:107B5000088002F08DF800BFF1E700005A0700200E
:107B60002DE9F04105462846EFF75AFA0746284620
:107B7000EFF759FA060C2846EFF755FA84B2D9F711
:107B800095F901213846F4F728F904490E700448A4
:107B9000048009F057F8BDE8F0810000C605002018
:107BA000C805002010B504460448006820B1044808
:107BB000006802490968884710BD00005C07002082
:107BC0006007002010B504460448006820B104484E
:107BD000006802490968884710BD0000F4060020CB
:107BE000F806002010B5044606F02EFE0649098866
:107BF000491C884206DD04480088401C0249088070
:107C000001F0B2F810BD0000CA03002010B5044610
:107C100006F0D2FE06490988491C884206DD044860
:107C20000088401C0249088001F0DAF910BD00000C
:107C30003604002010B5044605480088002806DDFB
:107C400003480088401E0249088001F08DF810BDED
:107C5000CA03002010B5044605480088002806DD48
:107C600003480088401E0249088001F0B9F910BDA0
:107C7000360400202DE9FC4104460CB1207810B9EF
:107C80000020BDE8FC812046C8F7E5FD054600263A
:107C90000027022D04DC2046C8F7A2FD064624E09A
:107CA000032D07D12078A0F13006601CC8F798FD9D
:107CB00007461AE00020019020788DF804006078D3
:107CC0008DF8050000200090A81E205C8DF80000B3
:107CD000681E205C8DF8010001A8C8F781FD0646EA
:107CE0006846C8F77DFD074600BF002E00DA002673
:107CF000172E00DD1726002F00DA00273B2F00DDAE
:107D00003B27C6EB061007EB800080B2B9E700BF47
:107D100018B900BF00BF00BFFEE700BF00214160EF
:107D20000161C160816001604161704770B586B0DA
:107D30001D48006803901D48006804901C480068B6
:107D400005901C48006801901B48006802900024C0
:107D500026E01A4850F8240000B920E0174951F8ED
:107D60002400174909880AB21649098809B2F8F7A8
:107D7000F8FF032094FBF0F001A951F820500320F4
:107D800094FBF0F100FB114003A951F820600B496E
:107D900051F824002A46314602F0C4FC00BF641C9E
:107DA000062CD6DB06B070BD4C0400205004002029
:107DB00054040020580400205C040020809101201D
:107DC0006404002060040020F0B5DDE90554012BB7
:107DD0000BDC032805D0042802D0052803D100BFFE
:107DE00000BF022000E000BF00BF062842D2DFE84B
:107DF00000F0410F03332017002626808E1A06EB71
:107E0000D677B5F800C00CEB67073FB22F8034E09F
:107E1000002626802E888F1A3E4436B22E802CE013
:107E20008E1A37B25E1E36B297FBF6F636B2268051
:107E300023E08E1A36B296FBF3F627883E4436B21C
:107E40002680B4F9006006EBD677B5F800C00CEBDD
:107E500067073FB22F8010E08E1A37B25E1C36B231
:107E600097FBF6F636B226802E8827883E4436B237
:107E70002E8002E00026268000BF00BFF0BD2DE965
:107E8000FF4F81B005460C461646049870B1208815
:107E9000A0EB660000B2208020883044401E00B273
:107EA000A080E88A6080688BE0800DE06088A0EBAD
:107EB000660000B2608060883044401E00B2E080FE
:107EC000A88A2080288BA0804FF440312846F6F7FE
:107ED000CEFC81464FF440312846F6F771FD8246CC
:107EE0004FF440312846F6F73BFE83464FF44031CD
:107EF0002846F6F7DFFB00904FF440312846F7F7AD
:107F000015F880464FF440312846F6F7F5FF07464E
:107F1000208809EB0801401A00B22080A0880AEBF3
:107F20000801084400B2A08061880BEB0700081A22
:107F300000B26080E2880099C819104400B2E08065
:107F400005B0BDE8F08F2DE9F84F05462C462846D0
:107F5000E3F7D1FF06460EB9BDE8F88F3046F5F7D6
:107F6000BFFA83462846F5F727FA834500DCF3E796
:107F700000213046F6F7F5FE00900098EFF7B2F9D1
:107F8000074600213046F6F75CFF804607EB080005
:107F90000FFA80F9E08E00FB09F00FFA80FA002258
:107FA0005146606AF8F742FD606AF7F72EFC00BFA1
:107FB000D2E700002DE9F04105460E461C4807684F
:107FC0001C480068001D08F015FF50B919480068EA
:107FD00090F82C1001208840174909688143164801
:107FE0000160681C38B936B112480168091D134890
:107FF00009F0FCF91AE07C190E4800684460BC42A4
:1080000007D20C480168091D0D48006809F0D4F931
:108010000CE008480168091D0A48006809F0CCF91D
:1080200009480068844201D207480460BDE8F08135
:10803000A402002090020020A802002040D10020CD
:108040009802002094020020C002002010B50446CF
:1080500009F0D8F924480068401C234908602348E7
:10806000006840B9214804600846006801280DD125
:1080700000F0F4F90AE01E48006838B91B480068AF
:10808000C06AE16A884201D818480460194800684B
:10809000401C1849086008460068606494F82C1079
:1080A0000120884014490968084313490860E16ABF
:1080B00001EB8101114A02EB8100211D09F096F9C3
:1080C00009F0EAF90A48006868B108480068C06A1F
:1080D000E16A884207D24FF0805009490860BFF337
:1080E0004F8FBFF36F8F10BDA002002090020020C1
:1080F000AC020020BC020020A802002070CE0020AC
:1081000004ED00E010B509F07DF910480068D0B921
:108110000F4809F041F90F4809F03EF90C480E49A3
:1081200008600C480D49086000221021052009F064
:1081300013FF064908600846006820B108A10348FB
:10814000006809F0AFFA09F0A7F910BDD4020020C9
:1081500054D1002068D10020CC020020D0020020A1
:10816000546D72510000000070B523E009F0ECFC82
:108170001348006808B9012000E0002005460AF015
:108180000DFCBDB909F03EF90D48C068C468201D5A
:1081900008F030FE0B480068401E0A4908600A4893
:1081A0000068401E0849086009F076F9204600F092
:1081B00060F800BF044800680028D7D170BD0000F7
:1081C0002CD10020A00200209C02002070B50446A3
:1081D0000D46206C70B1216CE0680844E060616875
:1081E000E068884201D32068E0602846226CE1689C
:1081F000C8F750FB70BD2DE9F04104460F46154607
:108200004FF00008A66B206C40B9206860BB606826
:108210000AF0F2FA80460020606025E07DB9394618
:10822000226CA068C8F736FB216CA0680844A060E7
:10823000D4E90110884217D32068A06014E03946C1
:10824000226CE068C8F726FB216CE068401AE06009
:108250002168E068884203D2216C6068401AE060BF
:10826000022D01D106B1761E701CA0634046BDE808
:10827000F08110B50446206B09F04CF9204609F056
:1082800049F910BD0146084A126812680AB901226C
:1082900000E000220A600A6822B9034A1268D26824
:1082A000106800E000207047CC02002030B54FF489
:1082B0003843174800F007042CB1C01D20F0070018
:1082C000134C041B1B1B0246124C22600024114D50
:1082D0006C60D018083820F007000F4C2060002494
:1082E0000D4D2D686C600C4D2D682C601146441AA4
:1082F0004C60094C24680C60084D4C682C60084D9B
:108300004C682C604FF00044064D2C6030BD0000DE
:108310007CD10020E0020020E8020020F0020020D2
:10832000EC020020F402002000BFFFF71DFF06480A
:1083300000680128F9D94FF0805004490860BFF364
:108340004F8FBFF36F8FF0E770CE002004ED00E099
:108350002DE9F04106460D4617469846069C0DB994
:10836000246000E02760E66325640121204609F0CF
:108370001DFF84F850800020A064BDE8F08100005B
:108380002DE9F05F82460F4690469B460A9E0C9C64
:108390004FEA8801A522206BC8F7F3FAA8F1010083
:1083A000216B01EB800929F0070909F0070008B9E2
:1083B000012000E0002028B940F22B321BA123A0AD
:1083C000C8F780F8002507E0795D04F134004155D5
:1083D000785D00B902E06D1C102DF5D300BF0021BF
:1083E00043200155202E00D31F26E662E6640020BC
:1083F0002065201D08F0DDFF04F1180008F0D9FF0A
:108400002461C6F12000A06164620020606584F8E8
:1084100058005A465146484600F090FC20600B98A0
:1084200008B10B980460BDE8F09F00002E2E5C4D53
:108430004964646C6577617265735C467265655208
:10844000544F535C7461736B732E63004572726F8B
:10845000723A25732C25640D0A00000010B5002423
:1084600007E004EB84010F4A02EB810008F094FF5F
:10847000641C202CF5D30C4808F08EFF0B4808F044
:108480008BFF0B4808F088FF0A4808F085FF0A4870
:1084900008F082FF04480949086004480849086058
:1084A00010BD000070CE0020F0D0002004D10020CC
:1084B00018D100202CD1002040D1002094020020AF
:1084C0009802002010B50146164800E000680368D5
:1084D0008B42FBD30246436813448B4204D143686A
:1084E0004C682344436001460A464B6813440468C1
:1084F000A34211D10C4C03682468A34208D04B68F6
:108500000468646823444B6003681B680B6005E0E3
:10851000054B1B680B6001E003680B60884200D0CC
:10852000016010BDE0020020E80200202DE9F041CA
:1085300004460D4616461F464FF00008656024614C
:10854000B5420CD8F01BA169884202D34FF0010854
:1085500011E0211D0948006808F02EFF0BE0BE4223
:1085600004D2BD4202D34FF0010804E0211D0448AB
:10857000006808F021FF4046BDE8F081D0020020ED
:10858000CC02002070B5054608F03CFFA86B08B986
:10859000012400E0002408F07FFF204670BD70B584
:1085A000054608F02FFFA86BE96B884201D1012432
:1085B00000E0002408F070FF204670BD2DE9F34173
:1085C0000D460098846C00272CB940F6CE121AA1F3
:1085D00021A0C7F777FFA06BE16B884201D2012091
:1085E00000E0002028B940F6CF1213A11AA0C7F767
:1085F00069FFA06BE16B88421BD294F945602A4663
:1086000069462046FFF7F7FD0746701C60B9606AAF
:1086100008B9012000E0002050B904F124000AF05C
:108620005DF928B1012703E0701C40B284F84500D1
:1086300000BF3846BDE8FC812E2E5C4D4964646C59
:108640006577617265735C4672656552544F535C21
:1086500071756575652E63004572726F723A257388
:108660002C25640D0A000000F8B505460F46134896
:108670000068C068C468201D08F0BCFBE0690128E0
:1086800018D1A06941192B463A462046FFF74EFF04
:1086900080B1002003462A460146009020460AF099
:1086A00053FA06462EB94FF4027205A10DA0C7F782
:1086B00009FF00BF2046616A8847F8BDCC02002050
:1086C0002E2E5C4D4964646C6577617265735C46FF
:1086D00072656552544F535C74696D6572732E6395
:1086E000000000004572726F723A25732C25640DEC
:1086F0000A000000F0B587B070E0039800280CDA9B
:1087000004AE2EB940F2E7223AA143A0C7F7DAFE41
:10871000D6E90020B168904700BF039800285DDBD0
:10872000059C606908B9012000E0002010B9201DF7
:1087300008F060FB02A800F0CDF8054603980A286F
:108740004AD2DFE800F00905072C2E4506082D2F38
:1087500000BF00BF00BF00BF0498A2698118034694
:108760002A462046FFF7E2FEC0B12046616A8847EC
:10877000E069012812D1002000900498A1694218F4
:108780000023194620460AF0DFF907462FB940F2C8
:10879000213218A120A0C7F795FE00BF1DE000BF41
:1087A0001BE000BF0498A061A06908B1012000E0AF
:1087B000002028B94FF44E720EA117A0C7F782FE11
:1087C000A06941192B462A462046FFF7AFFE04E078
:1087D000204608F09FFE00E000BF00BF00231A46BD
:1087E00003A91148006809F0F7FB002885D107B0FC
:1087F000F0BD00002E2E5C4D4964646C657761729B
:1088000065735C4672656552544F535C74696D655F
:1088100072732E63000000004572726F723A257306
:108820002C25640D0A000000D4020020F8B505468E
:108830000C4609F089F9684600F04CF806460098A5
:1088400020BB44B9B54206D80AF0A8F831462846FC
:10885000FFF70AFF1CE03CB10E480068006808B949
:10886000012000E000200446A91B22460A480068B7
:1088700008F02EFF0AF092F850B94FF080500749E7
:108880000860BFF34F8FBFF36F8F01E00AF086F8E7
:10889000F8BD0000D0020020D402002004ED00E06A
:1088A0000A490968096809B9012100E0002121B1DC
:1088B0004FF0FF31064A116006E004490968C968B3
:1088C000C868034A416811607047000094020020A4
:1088D000C002002070B5044609F0D2FE05460748E4
:1088E0000068854204D200F00BF80120206001E00E
:1088F0000020206001480560284670BDDC02002091
:108900002DE9F8432DE021480068C06805681F483C
:108910000068C068C468201D08F06CFA2046616ACF
:108920008847E06901281CD1A0694619AE4207D9E1
:1089300066602461211D1548006808F03DFD10E0C7
:10894000002003462A460146009020460AF0FCF823
:1089500007462FB940F292320DA116A0C7F7B2FD1B
:1089600000BF0A480068006808B9012000E0002044
:108970000028C8D00548D0F8008012480068034994
:1089800008601048C0F80080BDE8F883CC020020E1
:108990002E2E5C4D4964646C6577617265735C462C
:1089A00072656552544F535C74696D6572732E63C2
:1089B000000000004572726F723A25732C25640D19
:1089C0000A000000D00200200C480068401C08B9D2
:1089D000012000E0002028B940F20F1208A116A0E3
:1089E000C7F770FD00BF502080F31188BFF34F8F91
:1089F000BFF36F8F00BF00BFFEE70000F80200204A
:108A00002E2E5C4D4964646C6577617265735C46BB
:108A100072656552544F535C706F727461626C651D
:108A20005C525644535C41524D5F434D34465C703A
:108A30006F72742E630000004572726F723A257374
:108A40002C25640D0A00000008B500BF6846FFF73A
:108A500019FC044620460099FFF7E8FEFFF74AFE9E
:108A6000F4E770B5044608F0CDFC94F945501AE0DF
:108A7000A06C38B100212046FFF7A0FD88B108F0B6
:108A800019FF0EE0606A08B9012000E0002038B943
:108A900004F1240009F022FF18B108F00BFF00E0F8
:108AA00003E0681E45B2002DE2DC00BFFF2084F821
:108AB000450008F0F1FC08F0A5FC94F9445010E0E2
:108AC000206908B9012000E0002048B904F1100035
:108AD00009F004FF08B108F0EDFE681E45B200E0A1
:108AE00001E0002DECDC00BFFF2084F8440008F01A
:108AF000D3FC70BD2DE9F04104464FF0000809F0A9
:108B000023F83E48006808B9FFF7D0FB3C480068EE
:108B1000204000285FD1A4B1083404F0070080B1E0
:108B200004F00700C0F10800044404F0070008B98D
:108B3000012000E0002020B9BE2232A13EA0C7F7EC
:108B4000C1FC002C47D040480068844243D83F4EC7
:108B50003046056801E02E462D686868A04202D2C2
:108B600028680028F7D125480068854233D030684E
:108B700000F10808286830606868001B102813D9C5
:108B80002F1907F0070008B9012000E0002020B9E4
:108B9000EB221CA128A0C7F795FC6868001B786031
:108BA0006C603846FFF78EFC274968680968081A28
:108BB000254908600846006825490968884203D2AB
:108BC00021480068224908600D496868096808431F
:108BD00068600020286009F0E1FE08F0070008B98D
:108BE000012000E0002028B940F22B1205A112A0BC
:108BF000C7F768FC4046BDE8F0810000E8020020AD
:108C0000F40200202E2E5C4D4964646C657761721D
:108C100065735C4672656552544F535C706F727435
:108C200061626C655C4D656D4D616E675C68656128
:108C3000705F342E630000004572726F723A2573C4
:108C40002C25640D0A000000EC020020E002002048
:108C5000F00200200648006830B10549096801F1BA
:108C60005000096D491C0160014800687047000010
:108C7000900200202DE9F04F87B08046C14699F858
:108C80005C00C0F38000002847D0D9F82400F1F739
:108C90008BF9069022490698096888478246BAF1FE
:108CA000000F02D107B0BDE8F08F00214046F6F773
:108CB00088F80590002342F2220201A90598EEF7F8
:108CC00064FA8346BBF1000F01D016A700E016A797
:108CD0003846C7F7C0FD04460AFB04F1481CF2F70A
:108CE000A9F90546002606E006FB0450224639464F
:108CF000F2F7BDFA761C5645F6DB002106FB04F0C0
:108D000029542946D9F82400F1F734FE2846F2F711
:108D10000DFA404600F0F6FB00BF00BFC2E70000BE
:108D20006C020020E280A2002A000000704770B5AB
:108D3000044625682846FFF79DFF70BD001F4FF0D1
:108D400080730360001F21F001030360001F054BC7
:108D5000036014380260001F6FF0020303602038C4
:108D600070470000C98903082DE9FC47884800883E
:108D700000EB80001FFA80F9002504E105EB850077
:108D8000844901EBC00400BF8348B0F90000834967
:108D9000B1F90010401A684300EE100AB8EEC00A9C
:108DA000F1EE000A80EE201ABDEEC10A10EE100AA4
:108DB0007A490988084400B2074600BF7848B0F9EC
:108DC00000007849B1F90010401A684300EE100A1B
:108DD000B8EEC00AF1EE000A80EE201ABDEEC10A1C
:108DE00010EE100A6F490988084400B2804609EB6A
:108DF000050086B26C480088864201DA012000E056
:108E0000002082463A466949B1F900102068F7F718
:108E100056FFA7F10C010AB26549B1F9001060686C
:108E2000F7F74DFFA7F10C010AB26249B1F9001042
:108E3000E068F7F744FF42465F49B1F90010606906
:108E4000F7F73DFFA8F10C010AB25C49B1F9001037
:108E5000A069F7F734FFA8F10C010AB25849B1F93B
:108E60000010206AF7F72BFF5649B1F90020564948
:108E7000B1F900106068F7F774FF5249B1F90020AA
:108E80005149B1F90010E068F7F76BFF4D49B1F9AE
:108E900000204D49B1F90010A069F7F762FF494978
:108EA000B1F900204849B1F90010206AF7F759FFDD
:108EB000BAF1000F4ED0731C44A208216846C7F7D0
:108EC00021FB69462068F1F755FD69466069F1F7B5
:108ED00051FD3F4901EB8601D1ED000AB0EE600A79
:108EE000A06801F075FC3B4901EB8601D1ED000A59
:108EF000B0EE600A206901F033FC374901EB8601CE
:108F0000D1ED000AB0EE600AE06901F061FC33497E
:108F100001EB8601D1ED000AB0EE600A606A01F053
:108F20001FFC01212068F3F797FC01216068F3F72B
:108F300093FC0121E068F3F78FFC01216069F3F7EE
:108F40008BFC0121A069F3F787FC0121206AF3F76C
:108F500083FC17E001212068F2F702FF012160681D
:108F6000F2F7FEFE0121E068F2F7FAFE01216069E6
:108F7000F2F7F6FE0121A069F2F7F2FE0121206A64
:108F8000F2F7EEFE6D1C052DFFF6F8AEBDE8FC878E
:108F9000CA0300209C8D012074030020720300206E
:108FA0007803002076030020C80300207A03002005
:108FB0007C0300207E030020800300208203002029
:108FC00084030020880300208603002025752E00DE
:108FD0009C8901209C8A01209C8B01209C8C012073
:108FE0002DE9FF479848008800EB80001FFA80F9C0
:108FF000002523E105EB450000EBC500934901EB9B
:10900000800400BF9248B0F900009249B1F9001005
:10901000401A684300EE100AB8EEC00AF1EE000AEA
:1090200080EE201ABDEEC10A10EE100A89490988A7
:10903000084400B2804600BF8748B0F90000874965
:10904000B1F90010401A684300EE100AB8EEC00AE9
:10905000F1EE000A80EE201ABDEEC10A10EE100AF1
:109060007E490988084400B2074609EB050086B22C
:109070007B480088864201DA012000E00020824619
:1090800042467849B1F900102068F7F718FEA8F1B8
:1090900010010AB27449B1F900106068F7F70FFEC9
:1090A000A8F110010AB27149B1F90010E068F7F7B0
:1090B00006FE3A466E49B1F900106069F7F7FFFD08
:1090C000A7F110010AB26B49B1F90010A069F7F7D6
:1090D000F6FDA7F110010AB26749B1F90010206A44
:1090E000F7F7EDFDA7F108010AB26449B1F90010E4
:1090F000A06AF7F7E4FD6249B1F900206149B1F9CE
:1091000000106068F7F72DFE5D49B1F900205D4958
:10911000B1F90010E068F7F724FE5949B1F90020D1
:109120005849B1F90010A069F7F71BFE5449B1F98D
:1091300000205449B1F90010206AF7F712FEBAF185
:10914000000F5ED0731C50A2082102A8C7F7DAF9FD
:1091500002A92068F1F70EFC02A96069F1F70AFC88
:109160004A4830F816106846E2F770F86946A06879
:10917000F1F700FC464830F816106846E2F766F84A
:1091800069462069F1F7F6FB424830F81610684648
:10919000E2F75CF86946E069F1F7ECFB3E4830F82D
:1091A00016106846E2F752F86946606AF1F7E2FB8A
:1091B0003A48805D20B10121A06AF2F70EFE03E07B
:1091C0000121A06AF3F789FB01212068F3F744FB32
:1091D00001216068F3F740FB0121E068F3F73CFBF5
:1091E00001216069F3F738FB0121A069F3F734FB33
:1091F0000121206AF3F730FB0121A06AF3F72CFB71
:109200001BE001212068F2F7ABFD01216068F2F755
:10921000A7FD0121E068F2F7A3FD01216069F2F7E3
:109220009FFD0121A069F2F79BFD0121206AF2F761
:1092300097FD0121A06AF2F793FD6D1C052DFFF645
:10924000D9AEBDE8FF87000036040020A4900120BD
:10925000D8030020D6030020DC030020DA0300201E
:1092600034040020DE030020E0030020E20300209D
:10927000E4030020E6030020E8030020EA030020C6
:10928000EE030020EC03002025752E00648E0120E3
:10929000E48E0120648F0120E48F0120649001207E
:1092A0002DE9FC4700251BE0874850F8250040B118
:1092B000854951F82500F3F7A5FB0020824941F8C4
:1092C0002500824850F8250040B1804951F825001A
:1092D000F3F798FB00207D4941F82500681C85B212
:1092E000402DE1DB7A4804687A4800684000C0F508
:1092F000487700267848007828B178480088B0423E
:1093000001DD764806887648007828B175480088DF
:10931000B04201DD73480688012E00DA012606FB03
:109320001471701C91FBF0F8B8F1060F0CDA0621ED
:1093300001FB107090FBF6F4282C00DA282406FBC1
:109340001471701C91FBF0F86348007800283BD042
:10935000002533E06B1C64A206216846C7F7D2F8EB
:109360006846FDF7E5F9584941F8250051F8250010
:109370005E4909880AB221B2F7F7F3FC55490A6839
:10938000691C08FB012104FB0511204604EBD07287
:1093900001EB62094C4951F8250055490A684946D4
:1093A00001F0A0F945F4803A474951F825005346A9
:1093B00007225049F2F78CFC681C85B247480088A8
:1093C000854201DA402DC5DB45480078D8B3002539
:1093D00033E06B1C44A206216846C7F793F8684641
:1093E000FDF7A6F9394941F8250051F825003F4914
:1093F00009880AB221B2F7F7B4FC36490A68691C39
:1094000008FB012104FB0511204604EBD07201EB9F
:1094100062092E4951F8250037490A68494601F08A
:1094200061F945F4003A294951F8250053460722CD
:109430003049F2F74DFC681C85B22A480088854205
:1094400001DA402DC5DB2448007850B1234800885C
:10945000002806DD012029490870002028490880DD
:1094600012E01F48007850B11E480088002806DD31
:1094700002202249087000202149088004E00020D1
:109480001E4908701E490880D7F710FD1B48007858
:10949000012808D111480088002804DD0A4908681D
:1094A0000121F2F79AFC15480078022808D10D48EE
:1094B0000088002804DD054908680121F2F78DFCC9
:1094C00007F0C0FBBDE8FC87B0910120B0920120FD
:1094D00098050020A0050020C0050020C20500203E
:1094E000C1050020C4050020257500009C05002052
:1094F00088050020617B03088C050020C60500203C
:10950000C80500202DE9F04F8FB0064634460021F3
:109510003046F5F756FC0E9000213046F5F7C5FCB5
:109520000D903046FBF722FB0C90606AF0F73CFD93
:1095300081464846914A0C9912689047074609EBC4
:10954000070000218E4A1268904705460E98EDF7F5
:10955000D5FE0B901DB10A2D01D00D2D07D1002293
:1095600020210E98EDF7A3FE0FFA80FA06E0002204
:1095700029460E98EDF79BFE0FFA80FA0AAA606A58
:109580000C99F0F70DFC606AF0F70EFD0190606A2F
:109590000021019AF3F722F88346BDF92800616A99
:1095A000B1F91410084400EB0A01606AB0F9180020
:1095B000814235DD94F85C00C0F3C00040BBBBF1D4
:1095C000030F2DD00020ADF82800BDF82A200D99FA
:1095D0000B980844104400B2ADF82A0065B109EBBD
:1095E0000700684909688847074409EB070000211C
:1095F000634A1268904705461DB10A2D01D00D2D12
:1096000007D1002220210E98EDF751FE0FFA80FAC3
:1096100006E0002229460E98EDF749FE0FFA80FA7F
:10962000E7644FF4E0213046F4F7E0FE80464FF463
:10963000E0213046F5F7BBFA404400B209904FF400
:10964000E020019041F6110230460199F5F7BCFA8D
:1096500000900098404400B208904FF4E02130465A
:10966000F5F72CF9404400B207904FF4E020019048
:1096700041F6130230460199F5F7A6FA00900098DA
:10968000404400B20690BDF828100798081A00B2AE
:10969000ADF81000BDF82A100998081A00B2ADF80C
:1096A0001200BDF82810069808445044401E00B22D
:1096B000ADF81400BDF82A10089801440B9808442E
:1096C000401E00B2ADF8160004F1440102A8E6F70E
:1096D00026FEBDF80800616A898A084400B2ADF828
:1096E0000800BDF80A10606AC08A084400B2ADF8EC
:1096F0000A00BDF80C00616A898A084400B2ADF81E
:109700000C00BDF80E10606AC08A084400B2ADF8C3
:109710000E0002A93046F6F7B2F804A904F144009D
:10972000E6F7FDFD04F1440102A8E6F7F8FDBDF8F7
:109730000800616A898A084400B2ADF80800BDF8E3
:109740000A10606AC08A084400B2ADF80A00BDF889
:109750000C00616A898A084400B2ADF80C00BDF8BB
:109760000E10606AC08A084400B2ADF80E0002A96B
:109770003046F6F784F80FB0BDE8F08F64020020A1
:109780005C020020500200202DE9F04704462046EC
:10979000E4F722FC25462046F5F73DFC064600216D
:1097A0002046F4F73AFD8146A6EB090000EBD071A4
:1097B00049100FB22046E1F7E9FE80460FFA88F023
:1097C000FBF74CFF10FB07F0C01300B228850FFA1F
:1097D00088F0FBF733FF10FB07F0C01301B2698577
:1097E000304606EBD0712A8D02EB610109B2298562
:1097F00006EBD0714A10698D11440AB26A85204681
:10980000E4F7EAFBBDE8F0872DE9F34F97B0074690
:109810003846E2F77CFB054615B919B0BDE8F08F74
:109820002846F0F7C1FB8246524600212846F2F74F
:10983000D5FE16901698012828D0022802D00328B9
:1098400029D113E03846F3F7D6FD82462846F5F7CE
:10985000E2FBAAEB0000109000EBD070401000B2C9
:1098600001460F902846F7F7C3FD14E03846F3F79A
:10987000C2FD82462846F5F7CEFBAAEB000000B2F7
:10988000014610902846F7F7B3FD04E00021284672
:10989000F7F7AEFD00BF00BFBB4600213846F5F725
:1098A00078FA159000213846F5F7E5FA14901598E6
:1098B000EDF720FD80463846F3F77EFD81464FF0F8
:1098C000000A652251463846F5F77EF91090109847
:1098D00084B2189800B114B93846E4F7DFF8BBF841
:1098E00026001390149808EB00011398414308B226
:1098F0001290494609EBD1725210404608EBD073E2
:10990000A2EB630212B21192DDE91120101A06B225
:10991000189800B144B915492846E5F737FE314695
:109920002846F7F77EFD1FE001A8E5F777FE00BFA8
:10993000019500BF0D48029000BF2846F5F797FB40
:109940008246CDF820A0CDF824A00A9600BF00BF23
:109950000B9400BF0648049000BF0648079000BF64
:1099600001A8E5F725FF00BF00BF56E745A903089A
:109970000DA0030897F601082DE9F04F8BB00646BD
:109980000F4635464FF4A0213046F4F78AFF814652
:109990004FF4A0213046F5F72DF882464FF4A02170
:1099A0003046F5F7F7F883464FF4A0213046F4F738
:1099B0009BFE0A904FF4A0213046F5F728FA099053
:1099C0004FF4A0213046F5F763FA08904FF4A02138
:1099D0003046F5F7EAF907904FF4A0213046F4F746
:1099E00099FD06904FF4A0213046F4F786FD80469D
:1099F0003C462DE00A98CDE902ABCDF804900490E6
:109A00000898A1B200903046099B079AE2F740FD02
:109A1000E96A21F81400E86A30F91400404503DAD5
:109A2000E86A30F9140000E040460699884201DAFD
:109A3000069809E0E86A30F91400404503DAE86A5C
:109A400030F9140000E04046E96A21F81400641C73
:109A5000E88CA042CED83046F6F792FC0BB0BDE8B9
:109A6000F08F2DE9F04105462846F3F742FC064603
:109A7000002412E0A868006850F824703846F5F712
:109A8000C4FE00222A213846EDF7D0FA3846F5F711
:109A9000BCFE3846FFF7E5FF641CB442EAD3BDE8DC
:109AA000F0810000F0B52DED028B83B056480068C0
:109AB00018B903B0BDEC028BF0BD54A300221146CF
:109AC00051480068FAF7EAF952A3012200214E48F2
:109AD0000068FAF7E3F951A3022200214A4800681E
:109AE000FAF7DCF951A30322002147480068FAF78E
:109AF000D5F95148008800EB800086B200257EE051
:109B0000701984B2681C87B24C480088844258DAC5
:109B1000631C4BA20C214B48C6F7F4FC4A4800EBEF
:109B20004410007818B1484800EB441000E047A00A
:109B3000034647A230214748C6F7E4FC464800EBFD
:109B4000840090ED000A10EE101A084609F058FD46
:109B500041EC180B8DED008B40A218214148C6F74F
:109B6000D1FC414800EB840090ED000A10EE101A81
:109B7000084609F045FD41EC180B8DED008B37A22E
:109B800018213A48C6F7BEFC2E4B002239461E4823
:109B90000068FAF783F92F4B012239461A4800680A
:109BA000FAF77CF92F4B0222394617480068FAF77A
:109BB00075F92E4B0322394613480068FAF76EF9FF
:109BC0001BE015A3002239460F480068FAF766F932
:109BD00011A3012239460C480068FAF75FF90EA379
:109BE0000222394608480068FAF758F90AA3032206
:109BF000394605480068FAF751F9681C85B2052D09
:109C0000FFF67EAF00BF54E7E0060020736572697F
:109C1000616C000074696D650000000064656C692A
:109C2000766572656420286B6729000072656D6136
:109C3000696E20286B672900F2060020F0060020DC
:109C40002575000024B70120E49701202D2D000088
:109C50002573000030B70120E4B00120252E3266C4
:109C60000000000060B7012004B4012078B7012093
:109C7000FEB53C48006800B9FEBD3BA3002211467A
:109C800038480068FAF70AF939A30122002135485B
:109C90000068FAF703F939A302220021314800686D
:109CA000FAF7FCF83848008800EB800086B20025FF
:109CB00054E0701984B2681C87B23448008884422A
:109CC00035DA631C32A20C216846C6F71BFC6B46D2
:109CD0000022394623480068FAF7E0F804EB440014
:109CE0002C4901EB0010007820B104EB440001EB9B
:109CF000001000E028A003460122394619480068F8
:109D0000FAF7CCF804EB4400244901EB001000788A
:109D100020B104EB440001EB001000E01EA003465C
:109D2000022239460F480068FAF7B8F814E01CA37D
:109D3000002239460B480068FAF7B0F818A3012250
:109D4000394608480068FAF7A9F815A302223946EF
:109D500004480068FAF7A2F8681C85B2052DA8DB54
:109D600000BF89E74807002073657269616C0000D5
:109D700073746172742074696D650000616C617246
:109D80006D207479706500005A0700205807002084
:109D90002575000010DD01202D2D000090B7012059
:109DA000000000002DE9F04F87B005462846E2F795
:109DB000AEF806461EB9012007B0BDE8F08FEFF7F8
:109DC000BDF906902C460698EFF70DFA0746042FCA
:109DD00001D0022F10D1E08C2085042F0CD1284611
:109DE000F3F774FB80464046EDF7F8FE18B100210A
:109DF0004046EDF796FF00BF0698EFF7F4F901280B
:109E000004D00698EFF7EFF903287DD14FF0FF3823
:109E1000A06AC0F34040002838D1804603A90698C4
:109E2000EFF7A6F9BDF80E10F08A081A00B2ADF8E7
:109E30000E00BDF80C00B18A401A00B2ADF80C005B
:109E400003A93046EFF778FE81463046F0F7ACF8CC
:109E50008346002002900190824600BF13E002A9D1
:109E60005846324A12689047009000980A2806D156
:109E70000198484503D008F101000FFA80F80298D4
:109E800001900AF1010ACA45E9D339E000212846C8
:109E9000F4F77FFF039000212846F4F7ECFF824699
:109EA0000398EDF727FA83460BEB0A0000B2029005
:109EB000B5F91A20B5F91610501A00EBD0714A10F6
:109EC000E98A114409B201910C210698EFF79BFA37
:109ED000F18A084400B20090DDE90010411A0298AE
:109EE00091FBF0F9B9F1000F01DA4FF00009A08CF5
:109EF000484502DCA08CA0F101090FFA89F800BFE7
:109F0000B8F1000F07DB00E006E01FFA88F101223C
:109F10002846F8F76CF900BFE08C059005AA1C21D3
:109F20002846EDF783F80490049845E75C0200208A
:109F3000F0B50C46E568A16800BF1DB900BF00BFC1
:109F400000BFFEE700BF00BF19B900BF00BF00BFE0
:109F5000FEE700BFCD60A96000F13C0606EBC2162B
:109F600056F82360A6421BD100F13C0606EBC21650
:109F700046F82310814213D100F1140656F82260EE
:109F800001279F40BE4300F1140747F822603E4678
:109F900056F8226026B9012797400669BE4306613C
:109FA000F0BD2DE9F04106460D4600240EE026B135
:109FB000E86850F83400B04207D14FF6FF724FF412
:109FC00070212846F6F7F6F905E0641C688CC0F3AA
:109FD000C500A042EBD800BF2846F3F78AF9074630
:109FE000002407E0A868006850F824103046FFF706
:109FF000D8FF641CBC42F5D3BDE8F08110B504461F
:10A0000000220A212068EDF711F810BD70B5044652
:10A010002068F3F7B5FA05462846E3F73FFD70BD23
:10A020002DE9FF4F91B090461298F3F7A9FA074631
:10A0300010213846F5F74CF810B915B0BDE8F08F8F
:10A040003846F3F715FB10904FF00009CA4600257B
:10A050003846F3F72BFC0F900F9818B1129800F1C7
:10A06000140400E0119C00213846F4F78BF90E909F
:10A0700000213846F4F70CFD01460E98084400B262
:10A080000D9000213846F4F7BAFA01460E980844BC
:10A0900000B20C90F98A0D9808446188401AB8F80B
:10A0A0000210401A00B20B90798B0C98081AE188C4
:10A0B000401AB8F80210081A00B20A903846F3F7AE
:10A0C0000FFA01460D98091A0C98081A00B2099067
:10A0D0000B98002804DB0A98002801DB00251BE010
:10A0E0000B98002808DD0B9D3846F3F7E9FB024684
:10A0F000501B00D500250FE00A9800280CDD0A98B7
:10A10000404205B23846F3F753FA019001982844CB
:10A11000002800DA002500BF0F98012804D002288B
:10A1200010D003283AD11BE0F98A0D9808440FFAA1
:10A1300080F9608828440FFA80FAA9EB0A002844C5
:10A1400005B22BE0798B0C98081A0FFA80F9E08899
:10A1500028440FFA80FAA9EB0A00284405B21DE052
:10A16000099800EBD0714A10FB8A0D9919441144EB
:10A170000FFA81F900BFE1886288891A491C09B287
:10A18000084601EBD071628802EB610129440FFAA5
:10A1900081FAA9EB0A00284405B200BF00BF0026DF
:10A1A0003846F3F779FB0890089818B1129800F137
:10A1B000140400E0119C00213846F4F7FDFA0E99D2
:10A1C00008440FFA80FB00213846F4F79EFB0E99F5
:10A1D000084400B20790B88A58442188401AB8F859
:10A1E0000010401A00B20690398B0798081AA1880F
:10A1F000401AB8F80010081A00B205900698002816
:10A2000004DB0598002801DB00261DE006980028E5
:10A210000ADD069E3846F3F759FA0190019830445A
:10A22000002800DD00260FE0059800280CDD0598C9
:10A23000404206B23846F3F7C1FA01900198304423
:10A24000002800DA002600BF3846F4F7E4FEA0EB51
:10A250000B010798081A00B204900898012804D04E
:10A2600002280FD0032838D11AE0B88A58440FFAD0
:10A2700080F9208830440FFA80FAA9EB0A003044B4
:10A2800006B22AE0398B0798081A0FFA80F9A088DD
:10A2900030440FFA80FAA9EB0A00304406B21CE001
:10A2A000049800EBD071BA8A5A4402EB61010FFAAC
:10A2B00081F900BFA1882288891A491C09B2084681
:10A2C00001EBD071228802EB610131440FFA81FA6F
:10A2D000A9EB0A00304406B200BF00BF2949384646
:10A2E000E5F754F9039028493846E5F74FF902900D
:10A2F000039808B9029850B100220A213846ECF7B9
:10A3000095FE01900198012800D096E600BF1098B4
:10A3100000F0010010B9002E00DA0026109800F0BD
:10A32000020010B9002E00DD0026109800F0040095
:10A3300010B9002D00DA0025109800F0080010B9BF
:10A34000002D00DD0025B8F90010149808B9002090
:10A3500000E03046084400B2A8F80000B8F9021046
:10A36000149808B9002000E02846084400B2A8F874
:10A3700002002A4631463846149BF6F7CBF900BF57
:10A380005BE60000E5A40308C9A403082DE9F04139
:10A3900004460D46164615B90EB9BDE8F0812046B3
:10A3A000F1F7D8FFA068008A284400B2A1680882AB
:10A3B000A068408A304401B2A0684182012332463D
:10A3C00029462046F5F7FEFA00220B212046ECF73D
:10A3D0002DFE0746012F00D0DFE72046F5F715FADE
:10A3E00000BFDAE710B5DAB1B0F91630B2F90040C3
:10A3F0001C44B0F932309C4204DA448EC38AE31A1A
:10A400001BB21380B0F91630B2F900401C44B0F909
:10A4100036309C4204DDC48EC38AE31A1BB213801B
:10A42000D9B1B0F91430B1F900401C44B0F9303062
:10A430009C4204DA048E838AE31A1BB20B80B0F9C3
:10A440001430B1F900401C44B0F934309C4204DDB2
:10A45000848E838AE31A1BB20B8010BD2DE9F04174
:10A460000546B5F918400026EEF768FE074638683D
:10A4700090F8198008E0301906B2C8F16400604312
:10A48000642190FBF1F004B2002CF4D13046BDE819
:10A49000F0812DE9F0410546B5F91A400026EEF7A6
:10A4A0004DFE0746386890F8198008E0301906B26A
:10A4B000C8F164006043642190FBF1F004B2002C09
:10A4C000F4D13046BDE8F08170B505460C4628460B
:10A4D000F3F700FA204406B2002231462846FFF77F
:10A4E00055FF70BD70B505460C462846F3F7FCF9DC
:10A4F000204406B2324600212846FFF747FF70BDD0
:10A500002DE9FC4105460C462046EAF7C7FE4FF40C
:10A5100080312846F3F702FFE070E07802280CDD76
:10A520004FF48037202239462846F4F74DFB00903F
:10A5300000980190BDF80400A0804FF480373122CC
:10A5400039462846F4F740FB01900198C0B284F8E0
:10A55000220094F8220002281EDD00BF41F23202E0
:10A5600039462846F4F730FB0190019800B2208468
:10A57000B4F9200000280CDD00BF302239462846FF
:10A58000F4F722FB009000980190BDF80400E083EE
:10A5900002E0002084F822004FF4803740F64502A4
:10A5A00039462846F4F710FB01900198C0B284F8B0
:10A5B000360094F83600022829DD00BF4FF404620B
:10A5C00039462846F4F700FB0190019800B2E08577
:10A5D000B4F92E00002817DD00BF40F643023946CB
:10A5E0002846F4F7F1FA0190019800B2A08600BF66
:10A5F000442239462846F4F7E7FA00900098019083
:10A60000BDF80400A08502E0002084F836004FF475
:10A6100080312846F3F78BFF0646FD2E0DDAE078F1
:10A6200070430012E070E0787043001284F822005A
:10A63000E0787043001284F83600E07828B994F886
:10A64000220010B994F8360040B14FF4803128460A
:10A65000F4F716FB20800120BDE8FC810020FBE719
:10A660002DE9F04704460E4617463568D7F80080B6
:10A6700004F1140050F825004FF0FF3101FA08F101
:10A6800000EA0109B9F1000F16D1691C4FF0FF3241
:10A690008A40206900EA020ABAF1000F02D10020C4
:10A6A000BDE8F087504603F005FE0546356004F12D
:10A6B000140050F8259000BF00BFB9F1000F03D17E
:10A6C00000BF00BF00BFFEE700BF484603F0F2FD39
:10A6D0008046C7F8008004F13C0000EBC51050F83C
:10A6E0002800DDE72DE9F04706460C4615463046C2
:10A6F000F2F7F6FE074600EBD770A5EB60000FFA05
:10A7000080F93046F4F787FC804600EBD870A4EB64
:10A7100060000FFA80FA4A4651463046F6F7CFFA03
:10A72000BDE8F0872DE9F04106460C4615460A487B
:10A73000076807EBD770A5EB600002B20748D0F8B6
:10A74000008008EBD870A4EB600001B23046F6F749
:10A75000B6FABDE8F0810000640400206004002027
:10A7600030B52DED048B89B00546B0EE408A18EE69
:10A77000100A08F045FF41EC190B8DED009B12A269
:10A78000182103A8C5F7BEFE03A8C6F764F8841E07
:10A790000AE0002003A90855641E03A8005D2E28C6
:10A7A00002D10020085505E0002C03DD03A8005D60
:10A7B0003028EED000BF03A92846F0F7DBF809B037
:10A7C000BDEC048B30BD0000252E32667300000006
:10A7D00030B52DED048B89B00546B0EE408A18EEF9
:10A7E000100A08F00DFF41EC190B8DED009B12A231
:10A7F000182103A8C5F786FE03A8C6F72CF8C41EC7
:10A800000AE0002003A90855641E03A8005D2E2855
:10A8100002D10020085505E0002C03DD03A8005DEF
:10A820003028EED000BF03A92846F0F7A3F809B0FE
:10A83000BDEC048B30BD0000252E32666B67000036
:10A8400010B504462F48006820B101212D4800684A
:10A85000F2F743F82C48006820B101212A4800682B
:10A86000F2F73BF82948006820B101212748006829
:10A87000F2F733F82648006820B101212448006827
:10A88000F2F72BF82348006820B101212148006825
:10A89000F2F723F8062C31D2DFE804F030030C1570
:10A8A0001E271848006820B1012116480068F1F7FA
:10A8B00094FA24E01448006820B10121124800688D
:10A8C000F1F78BFA1BE01148006820B101210F4815
:10A8D0000068F1F782FA12E00D48006820B101210A
:10A8E0000B480068F1F779FA09E00A48006820B1DE
:10A8F000012108480068F1F770FA00E000BF00BFCE
:10A9000010BD0000100300201403002018030020D5
:10A910001C0300202003002070B504460D46264687
:10A9200028B2A6F844002046F4F76FFF70BD70B55A
:10A9300004460D46264629B2462081532046F4F7A8
:10A9400064FF70BD70B505460C4621B22846F6F787
:10A9500068FD70BD2DE9F04F85B004468946174665
:10A960004FEA690004904FEA6900039009F0010082
:10A9700010B90498401E04906000F0F75BFB83461A
:10A98000B846002631E0601E38F8100000FB09F0E0
:10A990000090651E1FE0009A2BF815200021039AF5
:10A9A0002A44A24203DA039A2A4438F81210009A81
:10A9B000521A0092049AAA1A521E002A02D5B8F816
:10A9C000000004E0049AAA1A521E38F81200009AF5
:10A9D000024400926D1E002DDDDA620059464046A9
:10A9E000F0F745FC08EB4408761CA642CBDB4FF49D
:10A9F0007F5002900298B0FBF9F001904FF0000AEE
:10AA000015E037F81A0000B90FE037F81A1002986D
:10AA1000814203D1019827F81A0005E037F81A009F
:10AA200090FBF9F027F81A0000BF0AF1010A04FBB5
:10AA300004F05045E5D8002542E007EB4508B8F89A
:10AA4000001001FB09F000262AE0002801DA0023AB
:10AA500000E083112BF81630039BF31A002B02DC65
:10AA6000B8F8001005E0039BF31A03FB045337F812
:10AA70001310401A049B33445B1CA34207DA049B67
:10AA800033445B1C03FB045337F8132004E0631EBC
:10AA900003FB045337F813201044761C08EB4408DA
:10AAA000A642D2DB07EB4508002606E03BF816106D
:10AAB000A8F80010761C08EB4408A642F6DB6D1CD3
:10AAC000A542BADB5846F0F731FB05B0BDE8F08F80
:10AAD0002DE9FF4F8BB00D46144627460E983E18C1
:10AAE00009A80B99E5F7DCFB204604EBD0714A106E
:10AAF0000E991144491E04F0010282F00102891AE4
:10AB000009B2ADF8281004EBD0714910491C09B204
:10AB1000ADF826100B98E5F7AFFCBDF82810081A21
:10AB200000B2ADF824000B98E5F725FCBDF826101F
:10AB3000084400B2ADF82A00002309A903A80E9A20
:10AB4000EAF796FA012F01D1012401E0781004B24E
:10AB50003046F0F76FFA8146A846002002903BE0AD
:10AB600031464846F0F748FD03A8009033B2DDE9CE
:10AB7000020C02B200214846E0478346BBF1000FB9
:10AB800004D171004046F0F700FD20E099F8001074
:10AB9000890191FBF4F1A8F80010012014E019F8E4
:10ABA0000020411E19F801108A4205D1411E38F8D3
:10ABB000111028F8101006E019F80010890191FB17
:10ABC000F4F128F81010401CB042E8DB00BF08EB9D
:10ABD00046080298401C02900298B042C0DB4846EA
:10ABE000F0F7A4FA03A8E9F7A7FE012C0FD1294634
:10ABF000002005E035F81020C2F387120A54401CEB
:10AC000006FB06F28242F5DC0FB0BDE8F08F2A4663
:10AC1000214630B2FFF79EFE07F00100204404B247
:10AC2000012C27DD4FF47F5090FBF4F000904FF0A3
:10AC3000000B15E035F81B0000B90FE035F81B00DC
:10AC4000FF2803D1009825F81B0006E035F81B000B
:10AC5000800190FBF4F025F81B0000BF0BF1010B05
:10AC600006FB06F05845E5D82A46214630B2FFF7E4
:10AC700071FE00BF01954FF0000A06E015F81A10AA
:10AC8000019800F80A100AF1010A06FB06F0504587
:10AC9000F4DC00BFB8E770B598B006460C46154620
:10ACA0000AA8EAF7FBFA00BFFF2211461046E7F7B1
:10ACB0005DFD0090BDF8001008460190BDF804004D
:10ACC000ADF82C0022460AA93046EAF7CBFA02A8D2
:10ACD000E9F7D8FA00202B46224602A90090304618
:10ACE000E8F71CFF18B070BDF0B591B006463546C8
:10ACF0004FF4E027652239463046F3F765FF1090A0
:10AD0000109804465CB918493046E4F73FFC5020DF
:10AD1000405D20F00100401C5021485522E001A870
:10AD2000E4F77CFC294601A8E4F72FFD0E4901A8B1
:10AD3000E4F7FDFC214601A8E4F70DFD00BF0E94E9
:10AD400000BF0022012101A8E4F717FD074901A86F
:10AD5000E4F7F1FC01A84FF6FF71818700BFE4F72B
:10AD600027FD00BF11B0F0BD8913010807F70108E6
:10AD70001CB5044600BF06F045FB0E480321002326
:10AD80004FF48062CDE900100BA10F4807F038FCAA
:10AD90000E48042100238022CDE900100CA10F48A9
:10ADA00007F02EFC06F078FB0D48006806F0F6FC74
:10ADB0001CBD0000180000206C765F64656D6F5F3D
:10ADC0007461736B00000000E33102081C00002076
:10ADD0006C65645F7461736B0000000009F001082A
:10ADE0001400002038B504461448E7F781FB002220
:10ADF000014600902046F6F7DDF81148E7F778FBAA
:10AE00002022014600902046F6F7D4F84FF6FF7254
:10AE1000FF212046F6F7EBF84FF6FF720C21204693
:10AE2000F6F755FA6FF07F40E7F762FB4FF6FF72D7
:10AE3000014600902046F6F78AFA38BDC9734D00E6
:10AE4000A85A39003EB504462148E7F762FB0022C4
:10AE5000014602902046F6F7ADF81E48E7F759FB89
:10AE60002022014602902046F6F7A4F84FF6FF7222
:10AE7000FF212046F6F7BBF84FF6FF72102120465F
:10AE8000F6F725FA00BFFF2001460246D508BDF8B7
:10AE9000003065F304038D080093BDF8003065F3BE
:10AEA0004A13C5080093BDF8003065F3CF23009323
:10AEB000BDF800502B460193BDF8041008464FF62C
:10AEC000FF72014602902046F6F741FA3EBD0000AF
:10AED000C9734D00A85A39003EB504462148E7F72A
:10AEE00029FB0022014602902046F6F763F81E482F
:10AEF000E7F720FB2022014602902046F6F75AF899
:10AF00004FF6FF72FF212046F6F771F84FF6FF72F9
:10AF10000C212046F6F7DBF900BFFF200146024670
:10AF2000D508BDF8003065F304038D080093BDF823
:10AF3000003065F34A13C5080093BDF8003065F38F
:10AF4000CF230093BDF800502B460193BDF80410A9
:10AF500008464FF6FF72014602902046F6F7F7F9D1
:10AF60003EBD0000C9734D00A85A390038B50446EB
:10AF70001448E7F745FB0022014600902046F6F70B
:10AF800019F81148E7F73CFB2022014600902046C3
:10AF9000F6F710F84FF6FF72FF212046F6F727F874
:10AFA0004FF6FF720C212046F6F791F96FF07F40C3
:10AFB000E7F726FB4FF6FF72014600902046F6F7B2
:10AFC000C6F938BDC9734D00A85A390038B50446D2
:10AFD0001448E7F726FB0022014600902046F5F7CB
:10AFE000E9FF1148E7F71DFB2022014600902046AB
:10AFF000F5F7E0FF4FF6FF72FF212046F5F7F7FF68
:10B000004FF6FF720C212046F6F761F96FF07F4092
:10B01000E7F707FB4FF6FF72014600902046F6F770
:10B0200096F938BDC9734D00A85A39000EB5FE48CF
:10B0300090F8200000F0010040B1FC48E7F736FA34
:10B040000190FB48BDF80410018008E004211220A3
:10B05000F6F75AFA0290F648BDF808100180F24857
:10B0600090F8200000F0010048B105211220F6F709
:10B070004BFA0190EF48BDF80410018008E004216C
:10B080001220F6F717FA0290EA48BDF8081001807E
:10B09000E54890F8200000F0010040B1E648E7F7ED
:10B0A00005FA0190E548BDF80410018006E0E7F7D5
:10B0B00095FD0290E148BDF808100180DA4890F84B
:10B0C000200000F0010040B1DD48E7F7EFF9019002
:10B0D000DC48BDF80410018008E002211220F6F7D8
:10B0E00013FA0290D748BDF80810018000204621CD
:10B0F0005023D54ACDE90010D449D548F8F72CFCA7
:10B10000002000905023D04AD0490190D148F8F750
:10B1100023FCD1480068D03001F058FECC49CE481D
:10B120000068D030F8F703FCCB480068D83001F055
:10B130004DFEC849C8480068D830F8F7F8FBC64843
:10B140000068083001F042FEB74890F8200000F097
:10B15000010028B102211220F6F7ACF9029003E0B9
:10B160001220F6F7FDF90290BB48029900680830FA
:10B17000F8F74BF947F6FF71B74800680830F8F761
:10B1800042FBA948C06807210190E8F734F801465E
:10B190000290B14800680830F8F721FAA248C06868
:10B1A00005210190E8F727F801460290AA480068B7
:10B1B0000830F8F7C6FB6621A74800680830F8F7A2
:10B1C00049F9A449A44800680830F8F7B0FBA24840
:10B1D0000068103001F0FAFDFF219F480068103030
:10B1E000F8F738F99C48006801F0F0FDFF219A4813
:10B1F0000068F8F72FF98E480088014602909648BB
:10B200000068F8F702F98B480088014602909248DE
:10B210000068F8F752FB91480078012806D182486F
:10B22000C0680E210190E7F7E6FF10E08B48007838
:10B23000022806D17C48C0680C210190E7F7DBFFAB
:10B2400005E07948C0680A210190E7F7D4FF01467C
:10B25000029081480068F8F71AFA804800780128BF
:10B2600006D17148C0680E210190E7F7C4FF10E0D5
:10B270007A480078022806D16B48C0680C210190FA
:10B28000E7F7B9FF05E06848C0680A210190E7F7D1
:10B29000B2FF0146029070480068F8F7BFF96E48A7
:10B2A0000068183001F092FD6C480078012806D142
:10B2B0005D48C0680C210190E7F79DFF05E05A4802
:10B2C000C06808210190E7F796FF014602906248A6
:10B2D00000681830F8F797FAFF215F4800681830C7
:10B2E000F8F7B8F855480088014602905A480068B7
:10B2F0001830F8F78AF853480088014602905648FB
:10B3000000681830F8F7B0F84748C068022101908B
:10B31000E7F771FF014602904F4800681830F8F7D0
:10B32000CEF801214C4800681830F8F7B4F84148CD
:10B33000008801460290484800681830F8F7BDFAC6
:10B3400046480078012806D13748C0681821019086
:10B35000E7F751FF10E041480078022806D1324853
:10B36000C06814210190E7F746FF05E02E48C06849
:10B3700010210190E7F73FFF014602903648006830
:10B380001830F8F72CF935480078012806D12648FE
:10B39000C0680E210190E7F72EFF10E02F480078DB
:10B3A000022806D12048C0680C210190E7F723FF4E
:10B3B00005E01D48C0680A210190E7F71CFF01461F
:10B3C0000290254800681830F8F761F923480078A2
:10B3D000012806D11448C0680E210190E7F70BFF41
:10B3E00010E01E480078022806D10F48C0680C21E2
:10B3F0000190E7F700FF05E00B48C0680A210190C3
:10B40000E7F7F9FE01460290134800681830F8F794
:10B4100005F91220F6F7A4F8014602900E480068DC
:10B420001830F8F780F81BE0E80B00201A17150019
:10B430001601002018010020302B28001A010020DE
:10B4400037322F001C010020DBF601086C82040853
:10B450000C0C0020200C0020100100201401002002
:10B46000F848C06801210190E7F7C5FE0146029047
:10B47000F54800681830F8F763F8F3480068A03022
:10B4800001F0A4FCEF480169EF480068A030F8F72C
:10B4900078F8EC48C06803210190E7F7ACFE01465C
:10B4A0000290E9480068A030F8F78EF8E548C068D7
:10B4B00003210190E7F79FFE01460290E2480068F1
:10B4C000A030F8F776F87F21DF480068A030F8F761
:10B4D00065F8DD480068A83001F078FCD948408A5A
:10B4E00001460290D8480068A830F8F74AF8D548D5
:10B4F000C06803210190E7F77EFE01460290D24822
:10B500000068A830F8F760F87F21CF480068A830BD
:10B51000F8F744F8CC480068203001F057FCCB48DD
:10B520000078012806D1C748C06810210190E7F7CC
:10B5300062FE10E0C5480078022806D1C148C06804
:10B540000C210190E7F757FE05E0BE48C0680821CE
:10B550000190E7F750FE01460290BB48006820309A
:10B56000F8F751F9FF21B84800682030F7F772FF6B
:10B57000B748008801460290B34800682030F7F7CA
:10B5800044FFB04890F8200000F00100E8BB122012
:10B59000F5F7E6FF01460290AB4800682030F8F767
:10B5A0003CF90020E7F752FF00EB40005030A021AB
:10B5B00090FBF1F0012809DD0020E7F747FF00EBE1
:10B5C00040005030A02190FBF1F000E0012000B2DB
:10B5D000014602909C4800682030F8F74CF97F2122
:10B5E000994800682030F8F730F90020E7F72EFF7F
:10B5F000502101EB8000A02190FBF1F001280BDD30
:10B600000020E7F723FF502100E015E001EB800068
:10B61000A02190FBF1F000E0012000B201908948E8
:10B62000C06800900199E7F7E6FD01460290864860
:10B6300000682030F8F7FEF886480088014602903E
:10B64000814800682030F8F738F9804800780128F0
:10B6500006D17C48C06818210190E7F7CCFD10E0C6
:10B660007A480078022806D17648C06814210190F3
:10B67000E7F7C1FD05E07348C06810210190E7F7C6
:10B68000BAFD01460290704800682030F7F7DDFFF0
:10B690006E480078012806D16A48C0680E210190E2
:10B6A000E7F7A9FD10E069480078022806D165484F
:10B6B000C0680C210190E7F79EFD05E06148C06875
:10B6C0000A210190E7F797FD014602905E48006865
:10B6D0002030F7F7F2FF5B48C06805210190E7F7DB
:10B6E0008AFD01460290584800682030F7F796FF1F
:10B6F0005448C06805210190E7F77DFD014602909E
:10B70000514800682030F7F7C2FF53495348E6F725
:10B71000CBFE53495348E6F7C7FE4B480068583004
:10B7200001F054FB4D49484800685830F7F7DCFEFB
:10B730002321454800685830F7F7E0FE424800688A
:10B74000603001F043FB47493F4800686030F7F73D
:10B75000CBFE7F213C4800686030F7F7CFFE3A48C7
:10B760000068C03001F032FB012137480068C0306A
:10B77000F7F7B0FE012134480068C030F7F78BFEC0
:10B7800031480068803001F021FB30480078012802
:10B7900006D12C48C06818210190E7F72CFD10E075
:10B7A0002A480078022806D12648C0681421019052
:10B7B000E7F721FD05E02348C06810210190E7F775
:10B7C0001AFD01460290204800688030F7F707FF15
:10B7D0001E480078012806D11A48C0681821019037
:10B7E000E7F709FD10E019480078022806D115484E
:10B7F000C06814210190E7F7FEFC05E01148C0681D
:10B8000010210190E7F7F7FC014602900E4800680E
:10B810008030F7F73CFF0D480078012806D1094831
:10B82000C06818210190E7F7E6FC23E0074800789C
:10B83000022819D10348C06814210190E7F7DBFC06
:10B8400018E00000E80B0020100100201401002087
:10B850001C0100201801002007140108200100200D
:10B8600005C8010828010020FE48C0681021019089
:10B87000E7F7C1FC01460290FB4800688030F7F70B
:10B88000CDFEF9480068783001F0A0FAF74800785A
:10B89000012806D1F348C0680E210190E7F7ABFC00
:10B8A00010E0F2480078022806D1EE48C0680C216A
:10B8B0000190E7F7A0FC05E0EA48C0680A21019082
:10B8C000E7F799FC01460290E74800687830F7F7FF
:10B8D00086FEE6480078012806D1E248C0680E21BD
:10B8E0000190E7F788FC10E0E0480078022806D1D4
:10B8F000DC48C0680C210190E7F77DFC05E0D948E1
:10B90000C0680A210190E7F776FC01460290D6480C
:10B9100000687830F7F78DFED3480068883001F072
:10B9200055FAD048C0680A210190E7F764FC014647
:10B930000290CD4800688830F7F7A9FEC948C06872
:10B940000A210190E7F757FC01460290C6480068BB
:10B950008830F7F763FEC4480068903001F036FA8B
:10B96000C048C06814210190E7F745FC01460290E9
:10B97000BD4800689030F7F7B9FFBB4800689830C1
:10B9800001F024FA0221B84800689830F7F78AFFDE
:10B99000B5480068683001F019FA0021B248006823
:10B9A0006830F7F71CFE0021AF4800686830F7F7F1
:10B9B0006EFE0021AC4800686830F7F72FFEAA48F9
:10B9C0000068703001F002FAA8480078012806D11A
:10B9D000A448C06808210190E7F70DFC10E0A348D7
:10B9E0000078022806D19F48C06806210190E7F739
:10B9F00002FC05E09B48C06802210190E7F7FBFBD1
:10BA000001460290984800687030F7F7E8FD9748C3
:10BA10000078012806D19348C06808210190E7F713
:10BA2000EAFB10E091480078022806D18D48C068F2
:10BA300006210190E7F7DFFB05E08A48C068022194
:10BA40000190E7F7D8FB0146029087480068703004
:10BA5000F7F71DFE85480078012806D18148C068A7
:10BA600008210190E7F7C7FB10E080480078022822
:10BA700006D17C48C06806210190E7F7BCFB05E0D1
:10BA80007848C06802210190E7F7B5FB01460290B3
:10BA9000754800687030F7F7C1FD734800682830BA
:10BAA00001F094F96F4801696F4800682830F7F792
:10BAB000ACFCE7F793F8014602906B480068283029
:10BAC000F7F7FBFEFF21684800682830F7F7C2FC53
:10BAD00065480068303001F079F9624801696248D0
:10BAE00000683030F7F791FC5E4801695E480068F5
:10BAF0003030F7F7E2FE33215B4800683030F7F76B
:10BB0000A9FC59480068383001F060F95548408A6E
:10BB100001460290544800683830F7F776FCE7F7A2
:10BB20005DF801460290504800683830F7F7C5FECE
:10BB3000FF214D4800683830F7F78CFC4A48006810
:10BB4000403001F043F94748408A01460290464898
:10BB500000684030F7F759FC4248408A014602909D
:10BB6000414800684030F7F7A8FE33213E4800689E
:10BB70004030F7F76FFC3C480068483001F026F988
:10BB80003B48008801460290374800684830F7F784
:10BB90003CFCFF21344800684830F7F75BFC35482F
:10BBA000008801460290304800684830F7F785FE6B
:10BBB0002D480068503001F009F92F4800880146EF
:10BBC0000290294800685030F7F71FFCFF212648F3
:10BBD00000685030F7F73EFC264800880146029086
:10BBE000214800685030F7F768FE1F480068B03001
:10BBF00001F0ECF847F6FF711B480068B030F7F72A
:10BC000002FE19480068B83001F0E0F8002116483B
:10BC10000068B830F7F7F7FD13480068C83001F046
:10BC2000D5F81048C06803210190E7F7E4FA01460F
:10BC300002900D480068C830F7F76EFE0948C068EA
:10BC400003210190E7F7D7FA014602900648006801
:10BC5000C830F7F756FE04480068F03001F0B6F837
:10BC600000480BE0E80B0020100100201401002028
:10BC70001C010020180100201A0100200169FE4863
:10BC80000068F030F7F7C1FBFF21FB480068F03097
:10BC9000F7F7E0FBF948C06806210190E7F7ABFA37
:10BCA00001460290F4480068F030F7F798FC47F638
:10BCB000FF71F1480068F030F7F7A5FDEE48006825
:10BCC000E03001F083F8C821EB480068E030F7F776
:10BCD00070FBE9480068E83001F078F87821E64820
:10BCE0000068E830F7F765FBE348006800F580700E
:10BCF00001F06CF8E248008801460290DE480068D6
:10BD000000F58070F7F75FFBDC48C0680F210190F9
:10BD1000E7F771FA01460290D748006800F5807095
:10BD2000F7F768FB0121D448006800F58070F7F749
:10BD300057FBD148006800F5847001F047F8CF4800
:10BD40000169CD48006800F58470F7F73CFBCA48EC
:10BD5000006800F5987001F039F84FF48271C64818
:10BD6000006800F59870F7F7F6FBC348006800F527
:10BD70009C7001F02BF8C148C06803210190E7F7DF
:10BD80003AFA01460290BC48006800F59C70F7F74B
:10BD900026FCBA48C06802210190E7F72CFA014658
:10BDA0000290B548006800F59C70F7F788FBB3482F
:10BDB0000169B148006800F59C70F7F755FBB14880
:10BDC000008801460290AC48006800F59C70F7F7C7
:10BDD0001CFBFF21A848006800F59C70F7F73AFBB0
:10BDE000A9480078012806D1A448C0680C21009019
:10BDF000E7F701FA05E0A148C06808210090E7F7DD
:10BE0000FAF9029000EBD070401000B201460190A8
:10BE10009948006800F59C70F7F7F5FC96480068B3
:10BE200000F5A07000F0D2FF98A19348006800F5DB
:10BE3000A070F7F704FBE6F7D1FE014602908E48AA
:10BE4000006800F5A070F7F738FD8C48406901469E
:10BE500002908948006800F5A070F7F73CFD86481D
:10BE6000006800F5A47000F0B1FF8448C0680421A8
:10BE70000190E7F7C0F9404200B2014602907E48C7
:10BE8000006800F5A470F7F7AAFBE6F7A7FE0146E5
:10BE900002907948006800F5A470F7F7B6FA764882
:10BEA000006800F5A87000F091FF01217248006859
:10BEB00000F5A870F7F744FB75480088014602902A
:10BEC0006D48006800F5A870F7F72DFB6A48006818
:10BED00000F5947000F07AFF00216748006800F5D3
:10BEE0009470F7F7D8FA6548C0680A210190E7F71F
:10BEF00082F9014602906048006800F59470F7F7F7
:10BF00008DFB5F480088014602905B48006800F5A1
:10BF10009470F7F708FB5848006800F5887000F047
:10BF200055FF5648C06803210190E7F764F90146C0
:10BF300002905148006800F58870F7F701FB4F4800
:10BF4000C06803210190E7F756F9014602904A487C
:10BF5000006800F58870F7F756FC4848C06808216B
:10BF60000190E7F748F9014602904348006800F560
:10BF70008870F7F78BFC4148C06802210190E7F711
:10BF80003AF9014602903C48006800F58870F7F7DE
:10BF900045FB3948006800F58C7000F017FF47F644
:10BFA000FF713548006800F58C70F7F72CFC3348BA
:10BFB000C06808210190E7F71EF9014602902E485B
:10BFC000006800F58C70F7F761FC2C4801692A487D
:10BFD000006800F58C70F7F718FAFF212648006812
:10BFE00000F58C70F7F736FA2348006800F590707A
:10BFF00000F0ECFE2148C06801210190E7F7FBF852
:10C00000014602901C48006800F59070F7F798FA16
:10C010001F480088014602901748006800F590709C
:10C02000F7F781FA1548C06802210190E7F7E3F8B5
:10C03000014602901048006800F59070F7F7CFFABB
:10C040001220F5F78DFA014602900B48006800F5C2
:10C050009070F7F732FC0848006800F5D07000F0E7
:10C06000B5FE00210448006800F5D070F7F7B7FA74
:10C070000021014800680DE010010020E80B0020BD
:10C080001C0100201A01002014010020EF808C0008
:10C090001801002000F5D070F7F7CBFA0021FE4818
:10C0A000006800F5D070F7F7AEFB0121FA48006890
:10C0B00000F5D070F7F70EFA0021F748006800F598
:10C0C000D070F7F7F2F9F448006800F5EC7000F072
:10C0D0007DFEF2480078012806D1F148C0680C21A5
:10C0E0000190E7F788F805E0ED48C0680821019065
:10C0F000E7F781F801460290E748006800F5EC7028
:10C10000F7F781FB0121E448006800F5EC70F7F7D0
:10C11000E1F9FF21E048006800F5EC70F7F79AF9C3
:10C12000E048008801460290DB48006800F5EC70AA
:10C13000F7F76BF9DC48008801460290D6480068A2
:10C1400000F5EC70F7F7B9FBD348006800F5D47040
:10C1500000F03CFED1480078012806D1D048C068E4
:10C160000E210190E7F747F810E0CC48007802284C
:10C1700006D1CB48C0680C210190E7F73CF805E0F8
:10C18000C748C0680A210190E7F735F801460290D8
:10C19000C148006800F5D470F7F757FABF48007837
:10C1A000012806D1BE48C0680E210190E7F723F8A8
:10C1B00010E0BA480078022806D1B948C0680C21BE
:10C1C0000190E7F718F805E0B548C0680A2101902A
:10C1D000E7F711F801460290AF48006800F5D47007
:10C1E000F7F76BFAAD480078012806D1AC48C06873
:10C1F0000E210190E6F7FFFF10E0A8480078022822
:10C2000006D1A748C0680C210190E6F7F4FF05E0CD
:10C21000A348C0680A210190E6F7EDFF01460290AD
:10C220009D48006800F5D470F7F703FA9C48C06891
:10C2300001210190E6F7DFFF014602909648006871
:10C2400000F5D470F7F73BF919219348006800F521
:10C25000D470F7F716F994480088014602908E488A
:10C26000006800F5D470F7F7FFF800218A480068ED
:10C2700000F5D470F7F719F98748006800F5D87011
:10C2800000F0A4FD00218448006800F5D870F7F79D
:10C29000A6F900218048006800F5D870F7F7C9F9C1
:10C2A0007F48C06801210190E6F7A5FF0146029092
:10C2B0007948006800F5D870F7F701F91921764838
:10C2C000006800F5D870F7F7DCF877480088014679
:10C2D00002907148006800F5D870F7F7C5F808219A
:10C2E0006D48006800F5D870F7F7DFF86A48006815
:10C2F00000F5DC7000F06AFD00216748006800F579
:10C30000DC70F7F76CF900216348006800F5DC7019
:10C31000F7F78FF96048006800F5E47000F056FD0B
:10C320005E480078012806D15D48C0680E21019062
:10C33000E6F761FF10E059480078022806D1584816
:10C34000C0680C210190E6F756FF05E05448C0682C
:10C350000A210190E6F74FFF014602904E4800681F
:10C3600000F5E470F7F771F94C480078012806D120
:10C370004B48C06808210190E6F73DFF10E04748B0
:10C380000078022806D14648C06806210190E6F7E9
:10C3900032FF05E04248C06802210190E6F72BFF1A
:10C3A000014602903C48006800F5E470F7F785F913
:10C3B0003A480078012806D13948C0680E2101901A
:10C3C000E6F719FF10E035480078022806D1344816
:10C3D000C0680C210190E6F70EFF05E03048C06808
:10C3E0000A210190E6F707FF014602902A480068FB
:10C3F00000F5E470F7F71DF92748006800F5E870CC
:10C4000000F0E4FC25480078012806D12448C068E3
:10C4100008210190E6F7EFFE10E02048007802289E
:10C4200006D11F48C06806210190E6F7E4FE05E04A
:10C430001B48C06802210190E6F7DDFE014602902C
:10C440001548006800F5E870F7F7FFF81348007822
:10C45000012806D11248C06808210190E6F7CBFEFA
:10C4600010E00E480078022806D10D48C068062169
:10C470000190E6F7C0FE05E00948C068022101907E
:10C48000E6F7B9FE014602900348006800F5E8703F
:10C49000F7F713F9002109E0100100201401002032
:10C4A000E80B00201A01002018010020FC48006859
:10C4B00000F5E870F7F7C9F90021F948006800F5C0
:10C4C000E870F6F7C7FFF748008801460290F44885
:10C4D000006800F5E870F7F7F0F9F148006800F53A
:10C4E000E07000F073FC0021ED48006800F5E0709A
:10C4F000F7F7ABF80021EA48006800F5E070F7F7BD
:10C5000098F8E748006800F5F07000F05FFC332110
:10C51000E348006800F5F070F6F79CFF1220F5F78D
:10C520001FF801460290DE48006800F5F070F6F74B
:10C530006CFFDB48006800F5F47000F047FC002158
:10C54000D748006800F5F470F6F784FFD648007805
:10C55000012806D1D548C06808210190E6F74BFEB6
:10C5600010E0D1480078022806D1D048C0680621E2
:10C570000190E6F740FE05E0CC48C068022101903A
:10C58000E6F739FE01460290C548006800F5F470F0
:10C59000F7F793F8C248006800F5B07000F016FC99
:10C5A000C248C06805210190E6F725FE01460290C9
:10C5B000BB48006800F5B070F6F7C2FFB9480088C4
:10C5C00001460290B648006800F5B070F6F7ABFF80
:10C5D000B648C06814210190E6F70DFE01460290AE
:10C5E000AF48006800F5B070F7F750F9AF48C06881
:10C5F0000F210190E6F7FFFD01460290A848006870
:10C6000000F5B070F7F72DF8A548006800F5B47094
:10C6100000F0DCFB47F6FF71A148006800F5B4703C
:10C62000F7F7F1F89F480088014602909C4800689F
:10C6300000F5B470F6F7E9FEFF219948006800F5AF
:10C64000B470F6F707FF9948C0680F210190E6F72C
:10C65000D2FD014602909248006800F5B470F7F7E9
:10C6600015F98F48006800F5AC7000F0AFFB8F48FB
:10C67000C06801210190E6F7BEFD0146029088489E
:10C68000006800F5AC70F6F71AFF8948008801468B
:10C6900002908348006800F5AC70F6F7E5FE0321D0
:10C6A0007F48006800F5AC70F6F7FFFE7C48006834
:10C6B00000F5B87000F08AFB7A48008801460290C5
:10C6C0007748006800F5B870F6F7CEFE7748C06886
:10C6D00002210190E6F78FFD014602907048006844
:10C6E00000F5B870F6F7EBFE7048C06801210190C4
:10C6F000E6F781FD404200B20146029068480068BA
:10C7000000F5B870F6F7ADFF04216548006800F544
:10C71000B870F6F7CAFE4FF4C8716148006800F5BA
:10C72000B870F6F746FE5E48006800F5BC7000F091
:10C730004DFB5E4890F8200000F0010028B1022176
:10C740001220F4F7B7FE029004E001211220F4F762
:10C75000DBFE029052480299006800F5BC70F7F7C2
:10C76000ACF84F48006800F5C07000F02FFB4E4851
:10C770000078012806D14D48C0680E210190E6F7E7
:10C780003AFD10E048480078022806D14748C068C2
:10C790000C210190E6F72FFD05E04448C0680A210E
:10C7A0000190E6F728FD014602903D48006800F53B
:10C7B000C070F6F714FF3C480078012806D13B48CA
:10C7C000C0680E210090E6F716FD10E036480078AC
:10C7D000022806D13548C0680C210090E6F70BFD11
:10C7E00005E03248C0680A210090E6F704FD029097
:10C7F00000EBD070401000B201460190284800685C
:10C8000000F5C070F6F715FF2548006800F5C47004
:10C8100000F0DCFA2548C06801210190E6F7EBFC46
:10C82000014602901E48006800F5C470F6F747FE06
:10C830001F480088014602901948006800F5C4703E
:10C84000F6F712FE1B480088014602901448006863
:10C8500000F5C470F6F7D9FD33211148006800F5E2
:10C86000C470F6F7F7FD0E48006800F5C87000F0D8
:10C87000ADFA0D480078012806D10C48C0680E2199
:10C880000190E6F7B8FC1DE007480078022813D1B4
:10C890000648C0680C210190E6F7ADFC12E00000EC
:10C8A000100100201801002014010020E80B0020D6
:10C8B0001C0100201A010020F848C0680A210190DC
:10C8C000E6F799FC01460290F548006800F5C8704B
:10C8D000F6F7BBFEF3480078012806D1EF48C068A0
:10C8E0000E210190E6F787FC10E0EE480078022860
:10C8F00006D1EA48C0680C210190E6F77CFC05E00F
:10C90000E648C0680A210190E6F775FC01460290EE
:10C91000E348006800F5C870F6F7C4FEE148007807
:10C92000012806D1DD48C06808210190E6F763FCC4
:10C9300010E0DC480078022806D1D848C0680621FB
:10C940000190E6F758FC05E0D448C0680221019048
:10C95000E6F751FC01460290D148006800F5C87026
:10C96000F6F751FECF480078012806D1CB48C068C1
:10C970000E210190E6F73FFC10E0CA48007802283B
:10C9800006D1C648C0680C210190E6F734FC05E0EA
:10C99000C248C0680A210190E6F72DFC01460290CA
:10C9A000BF48006800F5C870F6F743FEBC48006851
:10C9B00000F5CC7000F00AFAB848C0680A2101906E
:10C9C000E6F719FC01460290B548006800F5CC7006
:10C9D000F6F710FDB248006800F5FC7000F0F6F9BB
:10C9E000AE48C06804210190E6F705FC01460290BC
:10C9F000AB48006800F5FC70F6F7F1FDA848006848
:10CA000000F5F87000F0E2F9642001900198002828
:10CA100005DA0198C0F57A7040F4005002E0019800
:10CA200040F4005000B2014602909D48006800F5B5
:10CA3000F870F6F79BFD9A48006800F5007000F06A
:10CA4000C5F91220F4F78CFD014602909448006865
:10CA500000F50070F6F7D9FC7F219148006800F5D9
:10CA60000070F6F7F7FC8E48006800F5027000F0E1
:10CA7000ADF900218A48006800F50270F6F7FBFE68
:10CA800088480078032816D186480078012806D106
:10CA90008248C0680C210090E6F7ADFB05E07F48B6
:10CAA000C06808210090E6F7A6FB0290029800EB10
:10CAB000D070401010E07B480078012806D17748FC
:10CAC000C0680C210090E6F796FB05E07348C0684B
:10CAD00008210090E6F78FFB00B2014601907048F4
:10CAE000006800F50270F6F78EFE6D48006800F5EC
:10CAF0000E7000F06BF9694801696948006800F53B
:10CB00000E70F6F7B1FC6548C06802210190E6F7A7
:10CB100072FB400000B2014602906148006800F5D7
:10CB20000E70F6F7CCFC01215D48006800F50E7030
:10CB3000F6F7BBFC5A48006800F50C7000F046F9A7
:10CB40005648C06802210190E6F755FB404200B20A
:10CB5000014602905248006800F50C70F6F729FD76
:10CB60004F48006800F5047000F030F94D48007837
:10CB7000012806D14948C06818210190E6F73BFB1F
:10CB800010E048480078022806D14448C0681421C3
:10CB90000190E6F730FB05E04048C06810210190A5
:10CBA000E6F729FB014602903D48006800F5047055
:10CBB000F6F74BFD00213A48006800F50470F6F7DF
:10CBC0007CFD00213648006800F50470F6F731FD61
:10CBD00001213348006800F50470F6F77BFC30480B
:10CBE000006800F5067000F0F1F82C48C0680121DB
:10CBF0000190E6F700FB014602902948006800F525
:10CC00000670F6F75CFC284800880146029024482C
:10CC1000006800F50670F6F727FC0121204800683F
:10CC200000F50670F6F741FC1E480078012806D191
:10CC30001A48C0680E210190E6F7DDFA10E01948A5
:10CC40000078022806D11548C0680C210190E6F74B
:10CC5000D2FA05E01148C0680A210190E6F7CBFA44
:10CC6000014602900E48006800F50670F6F7B7FC22
:10CC70000C480078012806D10848C0680E210190B0
:10CC8000E6F7B9FA18E00748007802280ED1034801
:10CC9000C0680C210190E6F7AEFA0DE0E80B002029
:10CCA00010010020140100201C0100204448C0682D
:10CCB0000A210190E6F79FFA014602904148006878
:10CCC00000F50670F6F7AAFC3E48006800F508700B
:10CCD00000F07CF83C480078012806D13848C0684C
:10CCE00018210190E6F787FA10E03748007802280B
:10CCF00006D13348C06814210190E6F77CFA05E0BC
:10CD00002F48C06810210190E6F775FA014602909D
:10CD10002C48006800F50870F6F7FEFD2948006809
:10CD200000F5107000F052F8FF212648006800F569
:10CD30001070F6F78FFBE5F751FF0146029021488E
:10CD4000006800F51070F6F760FB1220F4F708FC9D
:10CD5000014602901B48006800F51070F6F762FB70
:10CD600047F6FF711748006800F51070F6F74BFDA5
:10CD70001348C0680F210190E6F73DFA0146029082
:10CD80001048006800F51070F6F775FDE5F726FF0E
:10CD9000014602900B48006800F51070F6F73DFD63
:10CDA0000748C06805210190E6F725FA0146029080
:10CDB0000448006800F51070F6F752FD0EBD000043
:10CDC000E80B0020100100201401002010B50446DB
:10CDD0000548007818B12046F6F7D5FA02E020465B
:10CDE000F6F790F910BD00001E01002038B504468A
:10CDF0001848E5F76CFB0022014600902046F4F746
:10CE0000D9F81548E5F763FB01220146009020465A
:10CE1000F4F7D0F84FF6FF72FF212046F4F7E7F859
:10CE2000002247F6FF712046F4F751FA0022122142
:10CE30002046F4F772FA00224C212046F4F753FA08
:10CE4000002202212046F4F75BFA08212046EEF783
:10CE500087FF38BDC05C2D008F3F1E0038B50446EB
:10CE60001648E5F734FB0022014600902046F4F70F
:10CE7000A1F81348E5F72BFB01220146009020465C
:10CE8000F4F798F84FF6FF72FF212046F4F7AFF859
:10CE90004FF6FF720E212046F4F719FA6FF07F402B
:10CEA000E5F715FB0022014600902046F4F74FFA03
:10CEB00008212046EEF754FF38BD0000C05C2D006D
:10CEC0008F3F1E0010B504460448006820B1044896
:10CED000006802490968884710BD0000CC030020A3
:10CEE000D003002010B504460448006820B104486F
:10CEF000006802490968884710BD00003804002016
:10CF00003C0400202DE9FC4105462846EAF788F854
:10CF100080462846EAF781F80446606BB0F5A02FFA
:10CF200027D14046F6F7B4FF0646A06BB0FBF6F0FB
:10CF300087B2EFB933202169C87003211220F4F7BA
:10CF4000E3FA0190BDF80410206981800A48616904
:10CF5000086000BF002211461046E5F7AFFC0090C4
:10CF6000BDF8001008460190BDF804106069818189
:10CF700000BFBDE8FC81000068FC04082DE9FC410D
:10CF800005462846EAF74CF880462846EAF745F871
:10CF90000446606BB0F5A02F27D14046F6F778FF26
:10CFA0000646A06BB0FBF6F087B2EFB933202169DB
:10CFB000C87003211220F4F7A7FA0190BDF80410FD
:10CFC000206981800A486169086000BF002211461B
:10CFD0001046E5F78BFC0090BDF800100846019064
:10CFE000BDF804106069818100BFBDE8FC810000CC
:10CFF00068FC04082DE9F04107460C462046F0F78E
:10D00000BFFAB0B90022FE4801682046EEF7F5FEEF
:10D010004FF48032FA48016808312046EEF7EDFE01
:10D02000F84AF748016810312046EEF7E6FEBDE801
:10D03000F081F5492046EFF72BFB002876D02046FB
:10D04000F0F79EFA0546F1492846EFF721FB00B1BB
:10D05000EDE72846F0F794FA0646EC49EFF718FB9F
:10D06000B0B10022E648016880312046EEF7C5FEE7
:10D070004FF48032E248016808312046EEF7BDFEE9
:10D08000E04ADF48016810312046EEF7B6FECEE7F1
:10D090002046F0F72EFAB0B92046F0F771FA0646AE
:10D0A000DB49EFF7F5FA70B10022D5480168483145
:10D0B0002046EEF7A2FE0022D148016870312046DA
:10D0C000EEF79BFEB3E72046F0F713FA012824D1D0
:10D0D0002046F0F755FA0646CD49EFF7D9FAE0B108
:10D0E0000022C74801682046EEF787FE0022C448A8
:10D0F000016880312046EEF780FE4FF48032C04850
:10D10000016808312046EEF778FEBE4ABC48016847
:10D1100010312046EEF771FE89E72046F0F730FA2D
:10D120000646BC49EFF7B4FA08B180E717E00022E1
:10D13000B348016818312046EEF75FFE4FF48032A5
:10D14000AF48016808312046EEF757FEAD4AAC48BB
:10D15000016810312046EEF750FE01F02FB8AE49BD
:10D160002046EFF795FA002860D00022A448016815
:10D1700020312046EEF741FE0022A1480168283107
:10D180002046EEF73AFE00229D480168D031204645
:10D19000EEF733FE20229A48016858312046EEF718
:10D1A0002CFE202296480168D8312046EEF725FE55
:10D1B000042293480168A0312046EEF71EFE20228B
:10D1C0008F480168C8312046EEF717FE01228C48CF
:10D1D000016838312046EEF710FE80228848016849
:10D1E00060312046EEF709FE2046F0F7C9F9054602
:10D1F0008A49EFF74DFA40B92046F0F7C1F90546E4
:10D200008749EFF745FA0028A7D000227C4801683B
:10D2100001F5E8712046EEF7F0FD2022784801681C
:10D2200001F5F0712046EEF7E8FD96E77D492046CE
:10D23000EFF72EFA40B100227148016801F5A8719C
:10D240002046EEF7DAFD88E777492046EFF720FA27
:10D2500000287DD02046F0F793F905467349EFF793
:10D2600017FAE0B300226648016801F5FC71204618
:10D27000EEF7C3FD00226248016888312046EEF7D0
:10D28000BCFD4FF4A0225E48016820312046EEF735
:10D29000B4FD674A5A48016858312046EEF7ADFDA3
:10D2A000634A60325648016860312046EEF7A5FDBA
:10D2B0005F4A1F3A5248016828312046EEF79DFD2B
:10D2C0005B4A1C3A4E48016830312046EEF795FD26
:10D2D000574A183A4A4801684031204600E002E0C7
:10D2E000EEF78BFDA3E62046F0F74AF905464749DD
:10D2F000EFF7CEF968B3002241480168503120466B
:10D30000EEF77BFD04223E480168A0312046EEF78F
:10D3100074FD04223A48016801F50C712046EEF7CD
:10D320006CFD434A3648016858312046EEF765FDEA
:10D330003F4A1F3A3248016830312046EEF75DFD22
:10D340003B4A1F3A2E48016801F50E71204601E064
:10D35000C4E01BE0EEF751FD354A1C3A284801684D
:10D36000A0312046EEF749FD314A183A24480168B9
:10D37000A8312046EEF741FD2D4A1C3A20480168AD
:10D3800001F50C712046EEF738FD50E62046F0F727
:10D39000F7F805461F49EFF77BF978B300221848E4
:10D3A000016801F5C0712046EEF727FD04221448FC
:10D3B0000168A0312046EEF720FD082210480168E0
:10D3C000A8312046EEF719FD4FF4A0220C48016861
:10D3D00001F5C4712046EEF710FD154A08480168B2
:10D3E00058312046EEF709FD114A603204480168C1
:10D3F00060312046EEF701FD0D4A1BE029E00000F8
:10D40000100100204000010000810408B8880408D1
:10D410000C89040884820408F0FE0408F4870408D8
:10D42000D8870408B4FF04080CFF04082C880408FB
:10D43000200005001C3AFE480168A0312046EEF7A6
:10D44000DCFCFC4AFA480168A8312046EEF7D5FC1E
:10D45000EDE50022F648016818312046EEF7CDFCD4
:10D460000422F3480168A0312046EEF7C6FC0822EA
:10D47000EF480168A8312046EEF7BFFC4FF4A02228
:10D48000EB48016820312046EEF7B7FCE94A7832D4
:10D49000E748016860312046EEF7AFFCE54A1832F4
:10D4A000E348016858312046EEF7A7FCE14AD21F55
:10D4B000DF48016828312046EEF79FFCDD4A121F45
:10D4C000DB480168A0312046EEF797FCD94AD848DE
:10D4D0000168A8312046EEF790FC3EE6D64920468A
:10D4E000EFF7D6F860B30022D1480168303120460A
:10D4F000EEF783FC0022CE480168B0312046EEF7FB
:10D500007CFC0422CA480168A0312046EEF775FC75
:10D510000822C7480168A8312046EEF76EFC4FF498
:10D520000032C348016828312046EEF766FC4FF40C
:10D530000032BF480168B0312046EEF75EFC0CE6D1
:10D54000BE492046EFF7A4F8F0B30022B8480168BE
:10D5500030312046EEF751FC0022B5480168B03169
:10D560002046EEF74AFC0422B1480168A03120466B
:10D57000EEF743FC0822AE480168A8312046EEF7DA
:10D580003CFC4FF40032AA48016828312046EEF7EF
:10D5900034FC4FF40032A6480168B0312046EEF763
:10D5A0002CFC4FF44032A2480168F0312046EEF7DF
:10D5B00024FCA34A9E480168C8312046EEF71DFCB2
:10D5C0004FF440329A4800E00CE00168D031204628
:10D5D000EEF713FC9A4A96480168D8312046EEF7D8
:10D5E0000CFCBAE597492046EFF752F8002862D0C4
:10D5F00000228F48016818312046EEF7FEFB00221A
:10D600008B48016868312046EEF7F7FB0022884816
:10D610000168B8312046EEF7F0FB04228448016827
:10D62000A0312046EEF7E9FB082281480168A831C5
:10D630002046EEF7E2FB4FF480327D480168083166
:10D640002046EEF7DAFB804A79480168103120461F
:10D65000EEF7D3FB4FF4A022754801685031204605
:10D66000EEF7CBFB4FF4A0227148016801F5AC71D5
:10D670002046EEF7C2FB4FF4A0226D4801688031CE
:10D680002046EEF7BAFB6B4A1832694801685831F8
:10D690002046EEF7B2FB674A121F65480168283141
:10D6A0002046EEF7AAFB634A6148016838312046FC
:10D6B000EEF7A3FB51E565492046EEF7E9FFE8B335
:10D6C00000225B48016888312046EEF796FB042271
:10D6D00057480168A0312046EEF78FFB5C4A54485A
:10D6E000016860312046EEF788FB4FF40032504865
:10D6F000016801F59C712046EEF77FFB544A7F3AA2
:10D700004B48016828312046EEF777FB504A7F3AB4
:10D710004748016801F5A0712046EEF76EFB4C4AC0
:10D72000603A4348016858312046EEF766FB484AA4
:10D73000603A3F480168C831204600E012E0EEF749
:10D740005CFB434A603A3A480168D8312046EEF71C
:10D7500054FB4FF4003236480168D0312046EEF7D2
:10D760004CFBFAE43B492046EEF792FF002873D0C9
:10D7700000222F48016848312046EEF73EFB002288
:10D780002B480168B0312046EEF737FB00222848CD
:10D790000168E8312046EEF730FB8022244801681A
:10D7A00060312046EEF729FB042221480168A031B0
:10D7B0002046EEF722FB264A7F3A1D4801682831B1
:10D7C0002046EEF71AFB4FF4003219480168B031D9
:10D7D0002046EEF712FB1E4A1548016860312046CC
:10D7E000EEF70BFB4FF4403211480168F031204650
:10D7F000EEF703FB4FF440320D48016850312046EC
:10D80000EEF7FBFA4FF440320948016801F5A471C4
:10D810002046EEF7F2FA0A4A6032054801686031A4
:10D820002046EEF7EAFA0A4A7F3A0148016814E016
:10D830001001002008000500D4FE040808000508B7
:10D8400020000300400005084000010028FF0408F4
:10D8500080000200240005080CE0D8312046EEF7D5
:10D86000CCFA4FF40032FA480168D8312046EEF77E
:10D87000C4FA72E4F7492046EEF70AFFF0B300223B
:10D88000F348016818312046EEF7B7FA0022F04855
:10D89000016878312046EEF7B0FA0022EC480168C2
:10D8A00001F594712046EEF7A8FA4FF48032E8486B
:10D8B000016808312046EEF7A0FAE74AE44801681B
:10D8C00010312046EEF799FA4FF4A022E0480168A3
:10D8D00001F588712046EEF790FA4FF40032DC48EB
:10D8E000016801F58C712046EEF787FA4FF4C022EB
:10D8F000D748016801F59071204600E00BE0EEF793
:10D900007CFA4FF4E022D248016801F58871204684
:10D91000EEF773FA21E4D1492046EEF7B9FE90B351
:10D920000022CB48016818312046EEF766FA002243
:10D93000C7480168E0312046EEF75FFA0022C4488C
:10D94000016890312046EEF758FA0022C04801687D
:10D9500098312046EEF751FA0422BD480168A03103
:10D960002046EEF74AFA0822B9480168A831204655
:10D97000EEF743FA4FF48022B5480168283120467B
:10D98000EEF73BFA27E2FFE7B5492046EEF780FEC7
:10D99000C8B30022AE48016818312046EEF72DFAD0
:10D9A0000022AB48016878312046EEF726FA0022C3
:10D9B000A7480168D0312046EEF71FFA2022A4487C
:10D9C0000168D8312046EEF718FA2022A0480168F5
:10D9D00058312046EEF711FA04229D480168A03123
:10D9E0002046EEF70AFA082299480168A831204635
:10D9F000EEF703FA4FF4003295480168D83120461B
:10DA0000EEF7FBF9DAE3FFE796492046EEF740FE32
:10DA1000F0B300228E48016818312046EEF7EDF988
:10DA200000228B480168C0312046EEF7E6F900225B
:10DA30008748016890312046EEF7DFF900228448DC
:10DA4000016801F598712046EEF7D7F94FF480325E
:10DA50007F48016808312046EEF7CFF97E4A7C48BE
:10DA6000016810312046EEF7C8F94FF4802278485B
:10DA7000016850312046EEF7C0F97B4A74480168CE
:10DA800028312046EEF7B9F9774A1F32704800E096
:10DA900005E0016858312046EEF7AFF98EE373498F
:10DAA0002046EEF7F5FD10B300226948016801F544
:10DAB00080712046EEF7A1F94FF400326448016806
:10DAC00001F580712046EEF798F94FF40032604876
:10DAD000016801F584712046EEF78FF94FF440326A
:10DAE0005B480168F0312046EEF787F966E360494C
:10DAF0002046EEF7CDFDD0B100225548016801F572
:10DB000080712046EEF779F94FF4003250480168F1
:10DB100001F580712046EEF770F94FF400324C4861
:10DB2000016801F584712046EEF767F946E3514933
:10DB30002046EEF7ADFDB8B1002245480168183126
:10DB40002046EEF75AF9002241480168B0312046DC
:10DB5000EEF753F94FF400323D48016801F5B47116
:10DB60002046EEF74AF929E343492046EEF790FDB7
:10DB7000E0B300223648016818312046EEF73DF93F
:10DB800000223348016878312046EEF736F9042246
:10DB90002F480168A0312046EEF72FF908222C48C3
:10DBA0000168A8312046EEF728F94FF48032284862
:10DBB000016808312046EEF720F9274A2448016819
:10DBC00010312046EEF719F92C4A2148016801F579
:10DBD000B8712046EEF711F94FF400221C48016895
:10DBE00001F5BC712046EEF708F9E7E2FFE72449AA
:10DBF0002046EEF74DFD70B100221548016818313E
:10DC00002046EEF7FAF800221148016868312046F4
:10DC1000EEF7F3F8D2E21B492046EEF739FD40B1AA
:10DC200000220B48016801F5C8712046EEF7E5F8BF
:10DC3000C4E215492046EEF72BFD40B1002204480E
:10DC4000016801F5C8712046EEF7D7F8B6E21DE08D
:10DC500010010020D882040840000100D0FF040811
:10DC600044FF040860FF040801000400B8FE040833
:10DC70009C880408108804085C000508020007005E
:10DC800084820408A0820408BC820408F649204665
:10DC9000EEF7FEFCF0B30022F44801682046EEF7F0
:10DCA000ACF8F3480078012803D1F04800687830D8
:10DCB00002E0EE4800687030014600222046EEF790
:10DCC0009CF80422E9480168A0312046EEF795F857
:10DCD0000822E6480168A8312046EEF78EF84FF496
:10DCE000A022E248016820312046EEF786F8E14A9A
:10DCF000DE48016860312046EEF77FF84FF4A0223D
:10DD0000DA48016850312046EEF777F84FF4A02248
:10DD1000D64800E026E0016801F502712046EEF7E2
:10DD20006CF8D44A603AD148016858312046EEF781
:10DD300064F8D04A7F3ACD48016848312046EEF772
:10DD40005CF8CC4A7C3AC948016830312046EEF78D
:10DD500054F8C84A783AC548016840312046EEF781
:10DD60004CF82BE2C4492046EEF792FCF8B10022B1
:10DD7000BE48016818312046EEF73FF80022BB4844
:10DD8000016801F504712046EEF737F84FF4803250
:10DD9000B648016808312046EEF72FF8B74AB34875
:10DDA000016810312046EEF728F8FFF740B9B44972
:10DDB0002046EEF76DFC78B10022AC48016848318E
:10DDC0002046EEF71AF80022A848016801F508710C
:10DDD0002046EEF712F8F1E1AA492046EEF758FC8A
:10DDE00068B30022A148016850312046EEF705F8DB
:10DDF00000229E48016801F506712046EDF7FDFFFF
:10DE000004229A48016828312046EDF7F6FF0422E3
:10DE10009648016801F508712046EDF7EEFF2022D3
:10DE20009248016801F508712046EDF7E6FF2022CF
:10DE30008E48016858312046EDF7DFFFBEE1924978
:10DE40002046EEF725FC78B1002288480168183199
:10DE50002046EDF7D2FF00228448016801F5D07119
:10DE60002046EDF7CAFFA9E188492046EEF710FCED
:10DE7000B8B100227D48016801F5D8712046EDF760
:10DE8000BCFF4FF480327948016808312046EDF735
:10DE9000B4FF7A4A7548016810312046EDF7ADFFAE
:10DEA0008CE17B492046EEF7F3FBB8B100226F48C6
:10DEB000016801F5DC712046EDF79FFF4FF48032D9
:10DEC0006A48016808312046EDF797FF6B4A6748BA
:10DED000016810312046EDF790FF6FE16D49204653
:10DEE000EEF7D6FBF0B100226048016801F5D4716D
:10DEF0002046EDF782FF20225C48016801F5F071B1
:10DF00002046EDF77AFF212258480168303120463B
:10DF1000EDF773FF01225548016830312046EDF7D7
:10DF20006CFF4BE15C492046EEF7B2FB20B95B4940
:10DF30002046EEF7ADFB80B100224C48016801F5A8
:10DF4000E4712046EDF759FF20224848016801F5A9
:10DF5000F0712046EDF751FF30E151492046EEF7D0
:10DF600097FBB8B100224148016801F5E0712046F5
:10DF7000EDF743FF4FF480323C48016808312046FA
:10DF8000EDF73BFF3D4A3948016810312046EDF777
:10DF900034FF13E143492046EEF77AFB40B10022FB
:10DFA0003248016801F5EC712046EDF726FF05E1E6
:10DFB0003D492046EEF76CFB40B100222B4801683A
:10DFC00001F5F4712046EDF718FFF7E037492046D8
:10DFD000EEF75EFB78B10022244801681831204634
:10DFE000EDF70BFF00222148016801F5F87120468A
:10DFF000EDF703FFD9E62E492046EEF749FB40B185
:10E0000000221A48016801F500712046EDF7F5FE7F
:10E01000D4E028492046EEF73BFB20B3002213480A
:10E02000016818312046EDF7E8FE00220F4801682C
:10E0300078312046EDF7E1FE04220C480168A0315A
:10E040002046EDF7DAFE082208480168A83120468C
:10E05000EDF7D3FE4FF4E022044801682831204652
:10E06000EDF7CBFEAAE027E01083040810010020A2
:10E070001401002080000500C08604084000010053
:10E08000F8860408DC86040814870408A0870408BE
:10E09000BC8704084C870408F4870408D887040860
:10E0A0003087040868870408848704082C880408DB
:10E0B000648804088088040841492046EEF7E8FA9D
:10E0C000A8B100223F4801682046EDF796FE4FF4C4
:10E0D00080323C48016808312046EDF78EFE3A4A0E
:10E0E0003848016810312046EDF787FE66E0374971
:10E0F0002046EEF7CDFA78B14FF48032314801680E
:10E1000008312046EDF779FE2F4A2E48016810317C
:10E110002046EDF772FE51E02D492046EEF7B8FAA1
:10E1200068B10022274801682046EDF766FE00220C
:10E130002448016868312046EDF75FFE3EE025493E
:10E140002046EEF7A5FA38B100221E480168C0311A
:10E150002046EDF752FE31E01F492046EEF798FACF
:10E16000F8B100221748016801F5CC712046EDF79F
:10E1700044FE00221348016880312046EDF73DFE41
:10E180004FF440320F48016850312046EDF735FE1C
:10E190004FF440320B48016880312046EDF72DFEE8
:10E1A0000CE00E492046EEF773FA38B1002205481C
:10E1B000016801F510712046EDF71FFE00BFF4E580
:10E1C000D48804081001002040000100F0880408F1
:10E1D000B88804080C890408F4820408A48604089A
:10E1E0002DE9F14F88B00898E8F7B9FE0790089834
:10E1F000E8F716FF8046CDF8188007980A2856D110
:10E200004046EFF7F8F804464046EFF7D5F80546E4
:10E2100005A94046EFF736FABDF914000490BDF9A0
:10E220001690204604EBD0714A100499114491FBDA
:10E23000F4F161430FFA81FA284605EBD07109EB3E
:10E24000610191FBF5F1694309B203910F2002903E
:10E25000002721E039464046EFF72DF806463046C4
:10E26000F0F7E2FE01903046F0F701FF00900198D0
:10E27000504510D10399009888420CD1B3460698B6
:10E28000C0F824B09BF82400029000221C214046D4
:10E29000E8F7CCFE05E07F1C4046EFF72AF8B842CD
:10E2A000D8D800BF40460299F2F718FD00BF09B068
:10E2B000BDE8F08F0146C843401C01EA0002B2FAF3
:10E2C00082F0C0F12003581E7047014621B1B1FA17
:10E2D00081F0C0F1200000E000200246501E70478F
:10E2E000044A928912B20280024A128C12B20A8047
:10E2F000704700005000002010B5024908688047B0
:10E3000010BD00005000002010B5074841680020F3
:10E310008847054890F8340000F0800008B10120DB
:10E3200010BD0020FCE700005000002070B505463D
:10E330000C46FFF7E9FF30B108490948FFF7D0FF65
:10E340000120A07301E00020A0730548B0F900008F
:10E3500020800248B0F90000608070BDA20000205B
:10E36000A00000202DE9F04786B080460D464446C7
:10E3700027680026D7E0F86800EBC6004068C0F3C5
:10E38000406040B1F86800EBC600406820F07F4074
:10E39000A168884200D0C5E0A08847284AD00EDC9A
:10E3A00034281ED006DC20283FD030283ED0332829
:10E3B0007CD115E03B283CD0442877D138E0682850
:10E3C00010D004DC63281ED067286FD112E0A0F2C1
:10E3D000574060B3A0F580500238002866D10AE0AB
:10E3E00000BF00BFFF2D02DAE068059001E0206960
:10E3F00005906CE000BFFF2D02DAE068059001E0B7
:10E400002069059063E0E06810B9206905900BE091
:10E41000206910B9E068059006E0802D02DAE06816
:10E42000059001E02069059051E000BF00BF00BFEA
:10E4300000BF00BF002D03DCA089ADF8140033E05D
:10E44000FF2D03DB208AADF814002DE02169019136
:10E45000E168E8B2029100F1040C4FEAEC00BDF86B
:10E4600008C04CEA0C4CDFF8D4A00CEA0A01BDF855
:10E4700004C04CEA0C4C0CEA0A02A2EB010C0CFBA7
:10E4800000FC01EB5C1C0CEA0A0343EA134C1FFA84
:10E490008CFCCDF800C0BDF800A0D446CDF80CC06F
:10E4A000BDF80C00ADF8140011E0FFE715B9E06805
:10E4B00005900BE0FF2D02D12069059006E0D4E91C
:10E4C0000310401A684301EB2020059000BF00BFF5
:10E4D0004FF00109FA6852F83600A18804AAF4F74F
:10E4E00091FD78B1DDE9041088420BD1BDF814002C
:10E4F000BDF81010884205D1DDE90410884201D131
:10E500004FF00009FA6852F83600A188059AF5F72D
:10E51000E0F8B9F1000F04D0A288A1682068F1F7F3
:10E5200049FF06E0761C788CC0F3C500B0423FF688
:10E5300022AF00BF06B0BDE8F08700001FF8E0077B
:10E540002DE9F05F8146D9F800402568B4F804A0B1
:10E550004FF0000B2D48CEF7C4FE064615E0A6424C
:10E560000ED03068216888420AD1B068A16888421C
:10E5700006D1B088A188884202D14FF0010B06E095
:10E5800031462248CEF7C5FE0646002EE7D100BF31
:10E59000BBF1000F38D100272FE0E86800EBC7007F
:10E5A0004068C0F3406038B3E86800EBC7004068DB
:10E5B00020F07F40A16888421ED121461348CEF743
:10E5C0000FFF2046ECF7CAFDE86800EBC70851468C
:10E5D000D8F80000F4F752FEE96851F83700F4F774
:10E5E00098FD40B1D8F8040020F07F422846D8F8C2
:10E5F0000010F1F788FF05E07F1C688CC0F3C500B0
:10E60000B842CAD800BF00BFBDE8F09F880C002008
:10E610002DE9F04105462C68A068F2F71BFF804603
:10E62000A28841462068F0F7CFFAE060A688002073
:10E63000A080234632464146206800F00DF8A680AF
:10E64000A1682068DEF77BF80746A1883868E26891
:10E65000F5F73FF8BDE8F0812DE9F05F05460E467D
:10E6600090469A464FF0000B2848CEF75FFE0446CE
:10E6700046E0544500D145E021462448CEF750FEFF
:10E6800081462068A8423AD1A068B04202D0B6F5CF
:10E69000702F34D1A088404503D04FF6FF708045DD
:10E6A0002DD1002725E0E86800EBC7004068C0F3E3
:10E6B0004060E8B1B6F5702F07D0E86800EBC700FE
:10E6C000406820F07F40B04212D1EA6852F837002B
:10E6D000A188F4F7D3FD00212046E0F757FF21463B
:10E6E0000A48CEF77DFE2046ECF738FD4FF0010BCF
:10E6F0007F1C688CC0F3C500B842D4D800BF4C461C
:10E70000002CB6D100BF5846BDE8F09F880C002011
:10E71000F8B505463848006800B905B9F8BD28467F
:10E72000EEF760F9344908604FF4C872510032487E
:10E730000068F2F716FB00231A4602212E480068F3
:10E74000EDF7BCFB2D48E3F7E4FE00220146009004
:10E7500029480068F2F72EFC0022FF2126480068B5
:10E76000F2F745FC244800273E4604683246394605
:10E770002046F2F75AFD324639462046F2F762FD4E
:10E78000324639462046F2F777FD32463946204672
:10E79000F2F731FD00BF0022114617480068F2F77A
:10E7A0005EFD0022114614480068F2F731FD002298
:10E7B000114611480068F2F742FC10210E4800682B
:10E7C000EEF74AF800210C480068F2F787FA0021BA
:10E7D00009480068F2F7ABFAD1F7A0F8002403E08B
:10E7E0002046D0F7AFFD641C052CF9DBD0F792FE74
:10E7F000FAF7BAFA00BF91E7B0030020FBF6F20087
:10E8000010B50B48006830B109480068EEF7FAF817
:10E810000020074908600020064908600649086092
:10E8200006490860064908600649086010BD0000F6
:10E83000B0030020C4030020C0030020BC0300205C
:10E84000B8030020B403002003480088001D052100
:10E8500090FBF1F080B27047C8030020024A1060BC
:10E86000024A116070470000CC030020D003002052
:10E87000F8B505463948006800B905B9F8BD28461D
:10E88000EEF7B0F8354908604FF4C87251003348CC
:10E890000068F2F766FA00231A4602212F48006842
:10E8A000EDF70CFB6FF07F40E3F744FE00220146DA
:10E8B00000902A480068F2F77DFB0022FF212748DC
:10E8C0000068F2F794FB254800273E46046832466C
:10E8D00039462046F2F7A9FC324639462046F2F77F
:10E8E000B1FC324639462046F2F7C6FC324639467C
:10E8F0002046F2F780FC00BF00221146174800684E
:10E90000F2F7ADFC0022114614480068F2F780FCD3
:10E910000022114611480068F2F791FB10210F48C0
:10E920000068EDF799FF00210C480068F2F7D6F96E
:10E9300000210A480068F2F7FAF9D1F747F80024F5
:10E9400003E02046D0F76AFD641C052CF9DBD0F704
:10E95000E3FEFAF745FB00BF90E700001404002037
:10E9600010B50D48006830B10B480068EEF74AF862
:10E97000002009490860002008490860084908602B
:10E9800008490860084908600849086008490860A3
:10E990000849086010BD0000140400202404002071
:10E9A000200400201C040020180400203004002053
:10E9B0002C0400202804002003480088001D0521A5
:10E9C00090FBF1F080B2704734040020024A1060DE
:10E9D000024A116070470000380400203C04002007
:10E9E00030B589B005461B48006800B90DB909B0BB
:10E9F00030BD2846EDF7F6FF164908601648E3F7E4
:10EA0000AAFD0290002000904FF4C87251001148F6
:10EA1000029B0068F7F796FD1822104903A8C1F77A
:10EA20007EFF00240FE003A951F82400F7F74EFA07
:10EA30000B4941F8240051F82400631C07220949BE
:10EA4000EDF746F9641C062CEDDBF9F76FF900BF12
:10EA5000CDE7000040040020FFFAF500B0000508F3
:10EA6000809101203D74030810B50A48006830B158
:10EA700008480068EDF7C6FF00200649086000203E
:10EA800004E00021044A42F82010401C0628F8DB6C
:10EA900010BD0000400400208091012070B50446A4
:10EAA0000E46012C01DB062C00DD70BD611E094AFB
:10EAB00052F821000021EEF7FEFB05463DB10EB1F4
:10EAC000304600E004A001462846EBF753FF00BFA4
:10EAD000EBE700008091012000000000024A106076
:10EAE000024A1160704700004404002048040020DE
:10EAF000F0B58DB00546FE48006800B90DB90DB0FF
:10EB0000F0BD2846EDF76EFFF94908604FF4C87272
:10EB10005100F7480068F2F724F9F648E3F72CFDB6
:10EB2000002201460490F2480068F2F743FA0022FE
:10EB3000FF21EF480068F2F75AFA00221146EC482C
:10EB40000068F2F70DFB00221146E9480068F2F771
:10EB500086FB00221146E6480068F2F759FB0022C6
:10EB60001146E3480068F2F76AFA00221146E048CD
:10EB70000068F2F7E8FA1021DD480068EDF76CFE56
:10EB80000021DB480068F2F7A9F80021D8480068A6
:10EB9000F2F7CDF8D848A022D8A10368DB48E0F707
:10EBA000BBF9D5480368DA48DAA10268DD48E0F726
:10EBB000B3F9D1480368DC48DCA10268DF48E0F71C
:10EBC000ABF9DF4BD3E901021968DB680AAC0DC46D
:10EBD0000991002425E0C6480068EAF7C3FE06460E
:10EBE0003046F1F739FD09A850F824103046EBF70C
:10EBF000C1FED448E3F7C0FC002201460490304631
:10EC0000F2F7A5FBD0480068D049096804FB010071
:10EC100003B2CF48008802B201213046EDF74EF929
:10EC2000641C042CD7DBCB480278102105A8DCF744
:10EC30002FFB05AAC8480168C8480068F7F7BEF965
:10EC4000C7490860C448046804EBD470BE4B1B6815
:10EC500003EB6000BD4B1B68002707FB0302BF48A6
:10EC6000066806EBD670BF4B1B6803EB6001BC481F
:10EC70000068D0F7C7FA00230722BB49B8480068EC
:10EC8000EDF726F8B94890ED000A102105A8DCF749
:10EC90000DFB05AAB0480168B0480068F7F78EF987
:10ECA000B3490860AC48046804EBD470A64B1B68F9
:10ECB00003EB6000A54B1B68012707FB0302A74875
:10ECC000066806EBD670A74B1B6803EB6001A848EB
:10ECD0000068D0F797FA00230722A649A4480068E5
:10ECE000ECF7F6FFA44890ED000A102105A8DCF728
:10ECF000DDFA05AA9848016898480068F7F75EF9B8
:10ED00009E4908609448046804EBD4708E4B1B68DD
:10ED100003EB60008D4B1B68022707FB03028F4843
:10ED2000066806EBD6708F4B1B6803EB60019348B7
:10ED30000068D0F767FA0023072291498F480068DE
:10ED4000ECF7C6FF6A480068E7F760FD8D49086088
:10ED50008DA18C480068E8F731F88F48007808B139
:10ED6000012000E00020014686480068E8F7BDF871
:10ED70007548006875490968032202FB010003B267
:10ED80007848008802B201217E480068EDF796F8C5
:10ED90007C480C26002704683A4631462046F2F7A4
:10EDA00044FA3A4631462046F2F74CFA00BF0022B8
:10EDB0000C2174480068F2F78AFA002428E07748AA
:10EDC00000EB8400D0ED000AB0EE600A102101A82B
:10EDD000DCF78AFA01AA6048016860480068F7F722
:10EDE000EDF86F4941F824005B490E6806EBD671D7
:10EDF000554B1B6803EB6101544B1B6804FB03126A
:10EE0000674951F8240067490968D0F7FBF9641C89
:10EE1000032CD4DB62490023072208686249ECF71F
:10EE200057FF5F490023072248686049ECF750FF0D
:10EE30005B490023072288685D49ECF749FF5DA222
:10EE40004548016845480068F7F7B8F85B4908602D
:10EE50005BA24148016841480068F7F7AFF857499D
:10EE6000486059A23C4801683C480068F7F7A6F89A
:10EE700052498860002413E037490E6806EBD671CA
:10EE8000314B1B6803EB6101304B1B6804FB031221
:10EE90004A4951F824004E490968D0F7B3F9641C77
:10EEA000032CE9DB45490023072208684949ECF7B0
:10EEB0000FFF42490023072248684749ECF708FF43
:10EEC0003E490023072288684449ECF701FF44A229
:10EED0004548016845480068F7F770F844490860FC
:10EEE00044480268444801684148006886E00000E0
:10EEF000A4040020FBF6F200680400206C65667430
:10EF00002073657474696E6773000000A8040020A4
:10EF10007C04002073657474696E67207765696787
:10EF200068000000AC0400208404002063616C6968
:10EF3000627261746520706F696E7400B0040020A5
:10EF4000C8000508333333006C040020700400202F
:10EF500074040020C8040020900400208C040020C9
:10EF6000B4040020780400209D760308CC0400201F
:10EF7000B804002059760308D0040020BC04002007
:10EF8000C5740308C004002068656E730A726F6F51
:10EF90007374657273000000D4040020D80400204C
:10EFA000989101208004002051770308C17703085D
:10EFB00031780308706F696E74310000A4910120EC
:10EFC000706F696E74320000706F696E7433000088
:10EFD000880400206574030885740308A574030879
:10EFE00065786974000000009804002094040020F3
:10EFF000C4040020A00400209C040020D0F702F9E3
:10F0000000230722044905480068ECF761FECFF7AA
:10F010005BFE00BF73E5000045750308C4040020D3
:10F0200010B51448006830B112480068EDF7EAFCEA
:10F0300000201049086000200F4908600F4908604F
:10F040000F4908600F4908600F4908600F490860C0
:10F050000F49086000BF07E000210E4A42F8201067
:10F060000D4A42F82010401C0328F5DB00200B4914
:10F07000086010BDA4040020B0040020AC040020EF
:10F08000A8040020BC040020B8040020B404002020
:10F09000C0040020A491012098910120C404002004
:10F0A00000B52DED028B85B0B0EE408AB5EEC08A7A
:10F0B000F1EE10FA03D29FED0D0AB0EE408A0C4833
:10F0C00080ED008A0B48006858B1B0EE480A102164
:10F0D00001A8DCF7EBF801A906480068D0F7F2F8C0
:10F0E00000BF05B0BDEC028B00BD000000000000B9
:10F0F000D0040020BC040020024A1060024A1160C3
:10F1000070470000E4040020E804002000B52DED65
:10F11000028B85B0B0EE408AB5EEC08AF1EE10FAEF
:10F1200003D29FED0D0AB0EE408A0C4880ED008AB4
:10F130000B48006858B1B0EE480A102101A8DCF76E
:10F14000B5F801A906480068D0F7BCF800BF05B0C3
:10F15000BDEC028B00BD000000000000CC040020CC
:10F16000B804002010B52DED028B84B00446B0EE3B
:10F17000408A032C03DB04B0BDEC028B10BD0C48AD
:10F1800000EB840080ED008A0A4850F8240060B14A
:10F19000B0EE480A10216846DCF7A6F8054951F898
:10F1A00024006946D0F78EF800BF00BFE3E70000F7
:10F1B000D8040020989101201FB50446012C00DAE4
:10F1C0000124032C00DD0324094804700948006869
:10F1D00050B1224610216846DCF75AF869460548C6
:10F1E0000068D0F76FF800BFCFF76EFD1FBD0000BD
:10F1F000C8040020B40400200148008870470000C3
:10F200006E05002001480078704700006C05002062
:10F210000148008870470000700500200148007810
:10F22000704700006D0500201FB504468448006843
:10F2300000B904B91FBD2046EDF7D4FB8049086032
:10F240008048E3F7AAF90190002000904FF4C872BB
:10F2500051007B48019B0068F7F7A0F978480068E7
:10F26000EAF780FB7849086008460068F1F7FEF984
:10F2700076A175480068EBF77DFB7748E3F78DF9D9
:10F2800000220146019070480068F2F760F8734868
:10F29000008803B27248008802B201216A480068FF
:10F2A000ECF70CFE66480068E2F75EFD6D49086009
:10F2B0006A48008802B26C48008801B26948006858
:10F2C000F1F7FDFC69A167480068E2F73FFF684875
:10F2D000007828B1012163480068ECF77EFD04E066
:10F2E000012160480068EDF7F8FA00231C2261490B
:10F2F0005C480068ECF7ECFC51480068EAF732FB28
:10F300005D49086008460068F1F7B0F95BA15A480A
:10F310000068EBF72FFB5048E3F73FF90022014666
:10F32000019055480068F2F712F84C48008803B283
:10F330005548008802B201214F480068ECF7BEFD35
:10F340003F480068E2F710FD5049086043480088D4
:10F3500002B24F48008801B24C480068F1F7AFFC98
:10F3600042A14A480068E2F7F1FE4A48007828B115
:10F37000012146480068ECF730FD04E001214348D4
:10F380000068EDF7AAFA00231C2243493F480068B1
:10F39000ECF79EFC41480288082102A8DBF7DEFF5B
:10F3A00002AA3F4801683F480068F6F765FE3E49FB
:10F3B00008603E4802683E4801683B480068CFF755
:10F3C00041FF002307223B4937480068ECF780FCE7
:10F3D00039480288082102A8DBF7C0FF02AA30489A
:10F3E000016830480068F6F747FE344908602F4846
:10F3F00002683348016831480068CFF723FF0023D3
:10F40000072230492D480068ECF762FC2EA23048F4
:10F41000016830480068F6F72FFE2F4908602F4832
:10F4200002682F4801682C480068CFF70BFF0023C3
:10F4300007222C4928480068ECF74AFC00BFF9E68F
:10F4400014050020FFFAF500180500206C656674AD
:10F45000206C696E650000003333330034050020F2
:10F4600038050020200500203C0500200000000099
:10F470006C050020DD7303081C05002072696768B5
:10F4800074206C696E650000400500202405002092
:10F49000440500206D0500200D7403086E05002052
:10F4A0006805002064050020280500205005002084
:10F4B00048050020E1750308700500202C05002098
:10F4C0004C050020D97603086578697400000000B7
:10F4D000600500205C050020300500205805002054
:10F4E000540500206575030810B50D48006830B15B
:10F4F0000B480068EDF786FA0020094908600020F3
:10F500000849086008490860084908600849086017
:10F5100008490860084908600849086010BD0000F3
:10F52000140500201C0500201805002024050020DB
:10F53000200500202C050020280500203005002093
:10F54000024A1060024A1160704700007C050020EA
:10F5500080050020024A1060024A116070470000D6
:10F5600074050020780500201CB504460C4800886E
:10F57000844201DD0A4804880A4804800A48006879
:10F5800050B1224608216846DBF7E8FE6946064886
:10F590000068CFF7A5FE00BFCFF74AFB1CBD0000F7
:10F5A000720500206E0500202805002010B50446D5
:10F5B000094804700948006858B12CB10121074876
:10F5C0000068ECF70AFC04E0012104480068EDF74C
:10F5D00084F9CFF72DFB10BD6C050020200500201D
:10F5E0001CB504460C480088844201DD0A480488A2
:10F5F0000A4804800A48006850B12246082168463B
:10F60000DBF7ACFE694606480068CFF769FE00BF2D
:10F61000CFF70EFB1CBD0000720500207005002016
:10F620002C05002010B504460948047009480068FC
:10F6300058B12CB1012107480068ECF7CEFB04E07B
:10F64000012104480068EDF748F9CFF7F1FA10BD41
:10F650006D050020240500202DE9F04107460C46E9
:10F6600016461D460A4807700A480670402C00DD01
:10F670004024402D00DD40250748048007480580D0
:10F680000748006808B1F9F70BFEBDE8F0810000FB
:10F69000C0050020C1050020C2050020C4050020CF
:10F6A000BC0500201CB504467348006800B904B9C5
:10F6B0001CBD2046EDF796F96F4908606F48E2F7E8
:10F6C0007DFF0190002000904FF4C87251006A48FD
:10F6D000019B0068F6F7A5FF67480068EAF742F962
:10F6E0006749086064480068EAF73CF965490860C2
:10F6F00063480068F0F7C4FF62480068F0F7C0FF95
:10F7000061A15F480068EBF735F962A15D480068C8
:10F71000EBF730F96248E2F751FF00220146019011
:10F7200057480068F1F713FE5D48E2F747FF0022F3
:10F730000146019053480068F1F709FE3C2350222E
:10F7400001214F480068ECF7B9FB3C236FF07702CA
:10F7500003214C480068ECF7B1FB47480068EAF722
:10F7600001F95049086044480068EAF7FBF84E493F
:10F7700008604C480068F0F783FF4B480068F0F7DA
:10F780007FFF4748E2F71AFF0022014601904548F3
:10F790000068F1F7DCFD4248E2F710FF0022014665
:10F7A000019041480068F1F7D2FD4048008803B25B
:10F7B000282201213B480068ECF780FB3C48008888
:10F7C00003B22822012138480068ECF777FB39A200
:10F7D0003A4801683A480068F6F71CFB3949086066
:10F7E00039A23648016836480068F6F713FB3849F5
:10F7F000086038A23148016831480068F6F70AFB12
:10F800003649086036480268364801682D48006865
:10F81000FAF768FF32480268334801682C480068EC
:10F82000FAF760FF2E480268304801682B480068EC
:10F83000FAF758FF002307222D4922480068ECF709
:10F8400047FA002307222B4921480068ECF740FAC9
:10F8500000230722284921480068ECF739FAF9F714
:10F860001FFD2648006820B1254800682349096823
:10F87000884700BF1CE70000BC050020FFFAF50028
:10F88000CC050020D00500206C656674206C696E84
:10F89000650000007269676874206C696E6500001D
:10F8A00033333300D4050020D80500209005002014
:10F8B000940500204F70656E00000000AC0500202C
:10F8C000A8050020DC050020436C6F736500000074
:10F8D000E00500204578697400000000E405002080
:10F8E000A4050020B0050020B4050020B8050020C4
:10F8F000597A0308E178030825790308E805002010
:10F90000EC05002010B51248006830B110480068BE
:10F91000EDF778F800200E4908604FF480710D482B
:10F92000C1F759F84FF480710B48C1F754F8002023
:10F930000A4908600A4908600A4908600A490860DB
:10F940000A4908600A4908600A49086010BD0000B9
:10F95000BC050020B0910120B0920120D805002004
:10F96000D4050020D0050020CC050020E4050020AF
:10F97000E0050020DC050020024A1060024A116008
:10F9800070470000F8050020FC050020024A1060C6
:10F99000024A116070470000E8050020EC050020D5
:10F9A000024A1060024A1160704700000006002001
:10F9B00004060020024A1060024A116070470000ED
:10F9C000F0050020F40500202DE9F04387B005463E
:10F9D000CD48006800B915B907B0BDE8F0832846E6
:10F9E000EDF700F8C8490860C848E2F7F8FD029052
:10F9F000002000904FF4C8725100C348029B006879
:10FA0000F6F752FEC248E2F7EAFD0346C1A20290B1
:10FA1000C54801687820F6F743FCC4490860BC4833
:10FA2000E2F7DDFD0290C2480068C24A1268002376
:10FA300003FB0201C0A2C348029B0068F6F730FC3A
:10FA4000C1490860C1480288102103A8DBF76AFC9D
:10FA500003AABF480168BF480068F6F783FBBE49A8
:10FA60000860B3480068B3490968002303FB01003C
:10FA700002B2BA48008801B2B7480068F1F71FF92E
:10FA800000230722B649B4480068ECF721F9A048E2
:10FA9000E2F7A5FDAE4A02901268A2F1120404EB4F
:10FAA000D472A34B1B68A34E3668002707FB0633AE
:10FAB00003EB6201A94A1268A64B1B681A44A94BC2
:10FAC0001B68D018A8A2029BF6F7EAFBA7490860BA
:10FAD0008F48E2F784FD029095480068954A1268C5
:10FAE000012303FB0201A2A29648029B0068F6F7DD
:10FAF000D7FBA2490860A2480288102103A8DBF7BF
:10FB000011FC03AA9248016892480068F6F72AFBA4
:10FB10009C4908608648006886490968012303FB00
:10FB2000010002B28D48008801B296480068F1F7E2
:10FB3000C6F800230722944992480068ECF7C8F8F9
:10FB40007348E2F74CFD824A02901268A2F1120457
:10FB500004EBD472764B1B68764E3668012707FBA0
:10FB6000063303EB62017D4A12687A4B1B681A4424
:10FB70007C4B1B68D0187CA2029BF6F791FB834953
:10FB800008606348E2F72BFD029069480068694A03
:10FB90001268022303FB02017DA26A48029B0068EF
:10FBA000F6F77EFB7D4908607D481021026803A8B6
:10FBB000DBF7C6FB03AA6648016866480068F6F7EB
:10FBC000D1FA784908605A4800685A4909680223FE
:10FBD00003FB010002B26148008801B2714800686D
:10FBE000F1F76DF8002307226F496E480068ECF7C3
:10FBF0006FF84748E2F7F3FC554A02901268A2F109
:10FC0000120404EBD4724A4B1B684A4E3668022732
:10FC100007FB063303EB6201504A12684D4B1B6829
:10FC20001A44504B1B68D01860A2029BF6F738FBB1
:10FC30005F4908603648E2F7D2FC03465DA20290B5
:10FC4000394801684FF40270F6F72AFB5D490860F5
:10FC500000243DE02C480068E2F786F85A4941F854
:10FC6000240051F824002FA1E2F770FA052C01DBE3
:10FC7000012000E000200746052C01DA204600E0C4
:10FC8000601F804617B95148006801E0504800687D
:10FC90008146504800685049096808FB01064A49F6
:10FCA00051F8240032B20FFA89F1F1F708F84B4805
:10FCB000005D30B1444951F824000121ECF78DF882
:10FCC00005E0414951F824000121ECF706FE641CCF
:10FCD0000A2CBFDB42A24448016844480068F6F79A
:10FCE00041FA434908604348026843480168404874
:10FCF0000068CFF7C7FA0023072240493C48006854
:10FD0000EBF7E6FF00BF67E60C060020FFFAF50000
:10FD100033333300616C61726D207468726573688F
:10FD20006F6C647300000000500600201006002075
:10FD30005C06002060060020C2FAC1CFB1A8BEAFA9
:10FD40000000000054060020140600204006002099
:10FD500068060020640600202006002058060020C7
:10FD6000A57503086C060020250000002C06002065
:10FD7000BFD5C1CFB1A8BEAF00000000180600205B
:10FD800042060020240600200975030830060020E2
:10FD9000B3ACCAB1B1A8BEAF000000001C06002081
:10FDA0004406002028060020A17803087300000004
:10FDB00034060020656E61626C65206D6174726945
:10FDC0007800000038060020B0970120700600205F
:10FDD00074060020780600207C060020D8970120B9
:10FDE00065786974000000008C06002088060020F9
:10FDF0003C0600208406002080060020857503084C
:10FE000010B51748006830B115480068ECF7FAFDE6
:10FE10000020134908600020124908601249086058
:10FE200012490860124908601249086012490860C6
:10FE300012490860124908601249086012490860B6
:10FE40001249086000BF04E00021114A42F8201066
:10FE5000401C0A28F8DB00200E49086010BD000095
:10FE60000C0600201C0600201806002014060020A6
:10FE7000100600202806002024060020200600206E
:10FE800034060020300600202C0600203806002012
:10FE9000B09701203C06002070B504460D460A2CA0
:10FEA00000DB70BD0A4805550A4850F8240068B1C7
:10FEB00035B1084951F824000121EBF78EFF05E028
:10FEC000044951F824000121ECF707FD00BFE8E7E1
:10FED000D8970120B097012070B50546002405E0B1
:10FEE00029462046FFF7D8FF601CC4B20A2CF7DB76
:10FEF00070BD00001FB5044608480480084800682B
:10FF000058B10648028810216846DBF70BFA6946AB
:10FF100003480068CFF7F2F900BF1FBD420600207A
:10FF200024060020024A1060024A11607047000057
:10FF3000480600204C0600201FB5044608480480EF
:10FF40000848006858B10648028810216846DBF767
:10FF5000E9F9694603480068CFF7D0F900BF1FBD33
:10FF600040060020200600201FB504460848046013
:10FF70000848006858B10648102102686846DBF757
:10FF8000DFF9694603480068CFF7B8F900BF1FBD25
:10FF9000440600202806002010B5002014E00021AF
:10FFA0000E4A02EB401211709FED0D0A0D4901EB54
:10FFB000800181ED000A9FED0A0A0B4901EB8001E7
:10FFC00081ED000A411C88B2C828E8DB00200749FF
:10FFD000088007490880F9F765FD10BDE497012006
:10FFE00000000000E4B0012004B40120F00600206D
:10FFF000F206002003480088001D052190FBF1F067
:020000040804EE
:1000000080B27047F006002070B52DED028B0446DB
:100010000D46B0EE408AF0EE608AC82C02DBBDECE3
:10002000028B70BD65B1134901EB44101F222946B4
:10003000C0F7F8FC00200F4901EB4411C87704E039
:1000400000200C4901EB441108700B4800EB8400C0
:1000500080ED008A094800EB8400C0ED008A084862
:100060000088844202DB601C05490880F9F71AFD0C
:1000700000BFD4E7E4970120E4B0012004B40120DC
:10008000F006002070B50546012D00DA0125C82DC7
:1000900000DDC82509480580FFF7ACFF04461CB900
:1000A00000200749088006E005480088A04202DBDE
:1000B000601E03490880F9F7F5FC70BDF0060020CA
:1000C000F2060020024A1060024A116070470000E8
:1000D000F4060020F80600202DE9FC470446D44829
:1000E000006800B90CB9BDE8FC872046ECF77AFC43
:1000F000CF490860CF48E2F783FA019000200090D2
:100100004FF4C8725100CA48019B0068F6F79CF989
:10011000C7480068ECF766FCC749086008460068F5
:10012000F0F7C2FAC548008802B2C548008801B29B
:10013000C1480068F0F715FEC248008802B2C24804
:10014000008801B2BC480068F0F7B9FD00BFFF228B
:1001500011461046E2F7B2FB0090BDF800100846C9
:10016000002201460190B4480068F0F723FF002206
:10017000FF21B1480068F0F73AFF00220C21AE4899
:100180000068F1F7A4F800220221AB480068F0F7FC
:1001900056FF0520F1F7E4F9002201460190A64838
:1001A0000068F0F730FF00220A21A3480068F0F74A
:1001B000F0FF1021A0480068ECF74EFB9E48006855
:1001C000F3F71EFDA14908609C480088143802B26C
:1001D0009B480088143801B29C480068F0F7C1FDC4
:1001E0009A480068ECF742FA042198480068F3F74F
:1001F000B2FE062195480068F3F75BFF944800883B
:1002000002B2002191480068F3F73AFF9148008854
:1002100002B201218D480068F3F732FF8E48008852
:1002200002B2022189480068F3F72AFF8B48008850
:1002300002B2032185480068F3F722FF4FF4A022A1
:10024000012182480068F0F7FAFE1220F1F788F9E0
:100250004FF4A022014601907C480068F0F7D3FEDD
:100260004FF4A022992179480068F0F7DCFE4FF4A2
:10027000A0227B48008801B274480068F1F709F8B1
:100280004FF4A022022171480068F1F753F80023CF
:100290001A2274496D480068EBF71AFD644800683B
:1002A000E0F7CEFB7049086008460068FAF75EFE8A
:1002B0006E48008802B26D48008801B26A48006842
:1002C000F0F74FFD002247F6FF7167480068F0F72E
:1002D000FEFF6648056805EBD570654B1B88A3EBF0
:1002E000600002B26148066806EBD670614B1B885D
:1002F000A3EB600001B25C480068F0F7E0FC00236B
:1003000007225D4958480068EBF7E2FC5648006850
:10031000E9F728FB074659A13846EAF72BFB384690
:10032000ECF7A4F942480068E0F78AFB54490860FA
:1003300008460068FAF71AFE4C48008802B24B489B
:10034000008801B24E480068F0F70BFD002247F626
:10035000FF714B480068F0F7BAFF4448056805EBA9
:10036000D570484B1B88A3EB600002B23F4806687B
:1003700006EBD670444B1B88A3EB600001B24048EB
:100380000068F0F79CFC0023072240493C480068C5
:10039000EBF79EFC3A480068E9F7E4FA80463CA196
:1003A0004046EAF7E7FA4046ECF760F92048006873
:1003B000E0F746FB3749086008460068FAF7D6FDC3
:1003C0003548008802B23548008801B231480068DB
:1003D000F0F7C7FC3048056805EBD570304B1B883B
:1003E000A3EB600002B22D48066806EBD6702D4BD9
:1003F0001B88A3EB600001B226480068F0F75FFCA1
:1004000000230722284923480068EBF761FC2148B4
:100410000068E9F7A7FA814624A14846EAF7AAFA54
:100420004846ECF723F9F9F73DFB00BF5BE6000017
:10043000D8060020FBF6F200DC0600209C06002017
:10044000980600209406002090060020E006002078
:10045000A0060020A4060020A8060020AC0600206C
:10046000B006002005CF0308E4060020C4060020E3
:10047000B8060020B4060020097B0308EF81B7000E
:10048000E8060020C0060020BC060020A17A030870
:10049000EF81B800EC060020D4060020D006002032
:1004A000CC060020C8060020C57B0308345F32005C
:1004B00010B50B48006830B109480068ECF7A2FAA3
:1004C00000200749086000200649086006490860C6
:1004D00006490860064908600649086010BD00002A
:1004E000D8060020E0060020DC060020EC060020F4
:1004F000E8060020E40600202DE9FC470446D04829
:10050000006800B90CB9BDE8FC872046ECF76AFA30
:10051000CB4908606FF07F40E2F783F8019000203C
:1005200000904FF4C8725100C548019B0068F5F770
:10053000C1FFC3480068ECF755FAC2490860084695
:100540000068F0F7BBF8C048008802B2BF480088D6
:1005500001B2BC480068F0F704FCBD48008802B254
:10056000BC48008801B2B7480068F0F7A8FB00BF9C
:10057000FF2211461046E2F7B9F90090BDF80010CD
:100580000846002201460190AE480068F0F712FDCF
:100590000022FF21AB480068F0F729FD00220C2162
:1005A000A8480068F0F793FE00220221A5480068E1
:1005B000F0F745FD0520F0F7D3FF0022014601903A
:1005C000A0480068F0F71FFD00220A219D4800683E
:1005D000F0F7F8FD10219B480068ECF73DF99948C9
:1005E0000068F3F70DFB9C490860974800881438B1
:1005F00002B296480088143801B297480068F0F7B4
:10060000B0FB95480068ECF73AF80321924800687F
:10061000F3F7A1FC062190480068F3F74AFD8F48E4
:10062000008802B200218C480068F3F729FD8C484D
:10063000008802B2012188480068F3F721FD89484B
:10064000008802B2022184480068F3F719FD4FF4D4
:10065000A022012180480068F0F7F1FC1220F0F799
:100660007FFF4FF4A022014601907B480068F0F71D
:10067000CAFC4FF4A022992177480068F0F7D3FC18
:100680004FF4A0227848008801B273480068F0F760
:100690000FFE4FF4A02202216F480068F0F74AFED7
:1006A00000231A2271496C480068EBF711FB64487B
:1006B0000068E0F7C5F96E49086008460068FAF777
:1006C00085FC6C48008802B26A48008801B268481C
:1006D0000068F0F746FB002247F6FF7164480068A7
:1006E000F0F7F5FD6348056805EBD570624B1B8894
:1006F000A3EB600002B25F48066806EBD6705F4B62
:100700001B88A3EB600001B259480068F0F7D7FAE4
:10071000002307225A4956480068EBF7D9FA544893
:100720000068E9F71FF9074656A13846EAF722F9AB
:100730003846EBF7A4FF42480068E0F781F95249D8
:10074000086008460068FAF741FC4A48008802B28F
:100750004848008801B24C480068F0F702FB0022CC
:1007600047F6FF7148480068F0F7B1FD4148056859
:1007700005EBD570454B1B88A3EB600002B23D48EA
:10078000066806EBD670424B1B88A3EB600001B2F3
:100790003D480068F0F793FA002307223D493A48A4
:1007A0000068EBF795FA38480068E9F7DBF880460F
:1007B00039A14046EAF7DEF84046EBF760FF2048F3
:1007C0000068E0F73DF93549086008460068FAF727
:1007D000FDFB3348008802B23248008801B22F483E
:1007E0000068F0F7BEFA2E48056805EBD5702E4B71
:1007F0001B88A3EB600002B22A48066806EBD6709D
:100800002A4B1B88A3EB600001B224480068F0F774
:1008100056FA00230722264920480068EBF758FAC9
:100820001E480068E9F79EF8814622A14846EAF78B
:10083000A1F84846EBF723FFF9F71AFA00BF62E682
:10084000400700204407002008070020040700207C
:1008500000070020FC060020480700200C070020AD
:100860001007002014070020180700207DCF030880
:100870004C0700202C070020200700201C07002028
:10088000357B0308EF81B7005007002028070020C0
:1008900024070020D57A0308EF81B8005407002010
:1008A0003C070020380700203407002030070020D4
:1008B000A57B0308345F310010B50B48006830B1E8
:1008C00009480068ECF79EF80020074908600020FE
:1008D000064908600649086006490860064908603C
:1008E0000649086010BD00004007002048070020AE
:1008F0004407002054070020500700204C07002028
:1009000010B500200EE0002100EB40020A4B03EB83
:100910000212117000EB4002084B03EB021211703F
:10092000411C88B2C828EEDB002005490880054933
:100930000880F9F79DF910BD90B7012010DD012066
:10094000580700205A07002003480088001D052191
:1009500090FBF1F080B270475807002070B5044654
:100960000E461546C82C00DB70BD8EB104EB440169
:100970001D4A02EB01102F223146C0F753F8002028
:1009800004EB4401184A02EB011181F82F0006E044
:10099000002004EB4401144A02EB011108708DB1F0
:1009A00004EB4401114A02EB01102F222946C0F743
:1009B00039F8002004EB44010C4A02EB011181F8E4
:1009C0002F0006E0002004EB4401084A02EB01116D
:1009D000087007480088844202DB601C04490880D4
:1009E000F9F746F900BFBFE790B7012010DD0120FD
:1009F0005807002070B50546012D00DA0125C82DE5
:100A000000DDC82509480580FFF79EFF04461CB994
:100A100000200749088006E005480088A04202DB64
:100A2000601E03490880F9F723F970BD58070020BC
:100A30005A070020024A1060024A11607047000005
:100A40005C07002060070020024610880B88C01A4F
:100A500070472DE9F14F86B0E8F770FB8346BBF194
:100A6000000F02D107B0BDE8F08F0698E6F777FADD
:100A700006460698E6F7D4FA804644465020005DC4
:100A8000C0F3400000B9EDE75846E8F7ACFB022898
:100A900004D05846E8F7A7FB042800D1E2E704A9F0
:100AA000606AECF7C7FC03A95846E8F761FB02A9A6
:100AB0005846E8F79FFBBDF90C00002803DBBDF9A1
:100AC0000E00002800DACDE7BDF80C00BDF81010CC
:100AD000401A00B2ADF80400BDF80E00BDF81210C7
:100AE000401A00B2ADF80600606AEEF794FA82464A
:100AF000656ABDF90400002803DA00274FF00109F8
:100B000013E0BDF90400504504DB47F6FF774FF0D2
:100B100001090AE001A9606AE9F70EF887B201A9A4
:100B2000606AE9F79DFA80F0010994F85C00C0F36F
:100B3000400010B394F85C0000F00100A8B9B9F1CE
:100B4000000F12D1012E10D167654FF6FF70A0651E
:100B500094F85C0020F00100401C84F85C004FF425
:100B600040714046EBF778FE16E094F85C0000F028
:100B7000010018B1022E01D1A7650DE094F85C00C8
:100B800000F0010040B1032E01D0082E04D14FF433
:100B900040714046EBF7E4F894F85C0000F0010087
:100BA00008B9012E03D139464046F4F711F894F8FC
:100BB0005C0000F00100E8B3D4E9150188420FD9C8
:100BC000E86BA16D884203D1286C616D88422AD000
:100BD000A06DE863606D28644046EEF716FE22E0E3
:100BE000D4E9150188420FD2E86B616D884203D1C8
:100BF000286CA16D884216D0606DE863A06D2864F2
:100C00004046EEF702FE0EE04FF6FF71E86B8842B9
:100C100002D1286C884206D04FF6FF70E863286442
:100C20004046EEF7F2FD032E01D0082E07D194F8CE
:100C30005C0000E003E020F0010084F85C0000BFED
:100C400010E7000030B52DED048BB7B09FED3D0AE5
:100C500010EE104A9FED3B0A10EE105A3A48007809
:100C6000012818D13948008839490988884212DAA0
:100C700038483649098800EB810090ED000A10EEF3
:100C8000104A35483149098800EB810090ED000A8F
:100C900010EE105A1BE02C480078022817D12B4880
:100CA00000882E490988884211DA2D482749098889
:100CB00000EB810090ED000A10EE104A294823490C
:100CC000098800EB810090ED000A10EE105A2846CA
:100CD00002F096FC41EC180B204602F091FC41EC2E
:100CE000190B1A480088401C17490978012901D1BD
:100CF0001DA100E01DA1CDE904108DED028B8DED4D
:100D0000009B1BA2802117A8BFF7FCFB17A9234853
:100D10000068E9F72FFE2248006802F071FC41EC00
:100D2000180B8DED008B1FA2402107A8BFF7EAFB2F
:100D300007A921480068E9F71DFE37B0BDEC048B18
:100D400030BD000000000000C6050020C8050020DE
:100D5000C2050020B0930120B0940120C4050020FA
:100D6000B0950120B09601204C0000005200000018
:100D70007765696768743A20252E3266206B672094
:100D8000202074696D653A20252E3166207320205D
:100D9000205B2573202D2025755D0000D4050020E3
:100DA0000806002064697370656E7365643A2025D7
:100DB0002E3266206B670000D805002010B504466F
:100DC00009480A4908600846446000218160C16002
:100DD000016181610C214161C4F763FC0122044976
:100DE0000248C4F7FBFC10BD001001403008002091
:100DF0003200002001460A69D1E901309860D1E94A
:100E0000010358605068884201D188685060002012
:100E100008611068401E10601068704710B50446E5
:100E200000F006F810BD10B5044600F017F810BD2C
:100E300010B500F029F80120054908700548006840
:100E4000FDF716FD00210448FDF7C0FD10BD0000B0
:100E50002503002008030020270E040810B500F029
:100E600013F800200549087005480068FDF750FC9C
:100E700000210448FDF7F2FC10BD0000250300200E
:100E8000080300201D0E040810B50548007810B9AD
:100E9000FDF7B6FC01E0FDF763FDDDF77DFF10BD5A
:100EA00025030020704710B5044600F017F810BD68
:100EB0002DE9F04104460D4616461F46DDF8188020
:100EC00005480078032805D13B463246294620468E
:100ED000FEF7C2FBBDE8F0812703002010B500F04B
:100EE0001DF900201149087011480068FDF778FDD0
:100EF00010A10120FDF7D2FD11A10220FDF7CEFDCA
:100F000012A10320FDF7CAFD12A10420FDF7C6FDC2
:100F100013A10520FDF7C2FD13A10620FDF7BEFDBC
:100F200000211348FDF7DAFD10BD00002703002063
:100F30000803002043616C696272617465000000FF
:100F40004C696E6520736574000000004D616E751C
:100F5000616C0000416C61726D207365740000006B
:100F60004F7074696F6E35004F7074696F6E360024
:100F7000E310040810B500F0D1F801201249087000
:100F800012480068FDF7B4FD00211148FEF7B4F8DF
:100F90000320FEF711F9B3EE090AFEF7B7F8B7EE32
:100FA000080AFEF77DF89FED0B0A0020FEF7DAF83D
:100FB000B2EE040A0120FEF7D5F8B3EE040A0220CF
:100FC000FEF7D0F810BD0000270300200803002022
:100FD000A70E04080000000010B500F09FF80220E2
:100FE0000D4908700D480068FEF71EF900210C48F5
:100FF000FEF7B0FA00210B48FEF7A2FA0120FEF737
:10100000D5FA0120FEF70EFB0620FEF7ADFA06200A
:10101000FEF7E6FA10BD00002703002008030020B9
:10102000A70E0408B10E04082DE9F04100F076F88F
:1010300003201449087014480068FEF733FB0021B0
:101040001248FEF7ADFC00211148FEF79FFC00217D
:101050001048FEF7AFFC00210F48FEF78DFCFEF7AD
:10106000D7F80446FEF7DAF80546FEF7C5F8064657
:10107000FEF7C8F8074623462A463146FEF7ECFA43
:10108000BDE8F0812703002008030020A70E040814
:10109000A50E04081B110408E110040810B500F0A7
:1010A0003DF804200B4908700B480068FEF78CFCE3
:1010B00000210A48FEF736FF7320FEF73DFF0A20A5
:1010C000FEF718FF1E20FEF74FFF0020FEF704FF7B
:1010D00010BD00002703002008030020A70E04080D
:1010E000704770B504460D46072C13D2DFE804F0B4
:1010F0001204070A0D101100FFF73CFF0BE0FFF789
:101100006BFF08E0FFF790FF05E0FFF7C7FF02E085
:1011100001E000E000BF00BF70BD704710B50D4892
:101120000078052813D2DFE800F00306090C0F0051
:10113000FDF79AFC0CE0FDF773FF09E0FEF7D4F928
:1011400006E0FEF7DFFB03E0FEF75AFE00E000BF1B
:1011500000BF10BD2703002010B5044600F006F8BC
:1011600010BD10B5044600F081F810BD10B58AB06E
:1011700000F006F900202549087025480068FEF7B0
:10118000ABFF00212348FEF79DFF0C20FEF77AFFFE
:10119000FEF702FFDFED200AB2EE090A1FA10020D0
:1011A000FEF732FFDFED220AB2EE000A21A1012094
:1011B000FEF72AFF022424E0601D431D22A2202105
:1011C000009002A8BFF79EF901EE104AF8EEC11A8E
:1011D0009FED231A9FED232A02EE611AF0EE410AD9
:1011E00001EE104AF8EEC11A9FED1F2AB1EE0A1A5D
:1011F00002EE211AB0EE410AA0B202A9FEF704FFE6
:10120000641C0C2CD8DB0AB010BD000026030020A3
:1012100008030020631104080000AF423230323569
:101220002D31312D31332031303A32313A303300E3
:1012300000009F42323032352D31312D3133203193
:10124000303A34353A323200323032352D31312DA8
:1012500031332031313A253032643A25303264005E
:1012600000007042CDCC4C3F9A99993E10B596B093
:1012700000F086F801201C4908701C480068FFF740
:101280003BF900211A48FFF7D5FB0920FFF7B2FB15
:10129000FFF736FB17A21CA10020FFF75FFB1DA282
:1012A00021A10120FFF75AFB22A227A10220FFF76C
:1012B00055FB032413E0E01DC31C26A2202100904F
:1012C0000EA8BFF71FF9234628A2302102A8BFF7B6
:1012D00019F9A0B20EAA02A9FFF740FB641C092C61
:1012E000E9DB16B010BD0000260300200803002033
:1012F00059110408323032352D31312D313320313E
:10130000303A33323A3130004F7665726865617435
:1013100000000000323032352D31312D3133203193
:10132000303A34353A303700446F6F72204F706571
:101330006E000000323032352D31312D3133203105
:10134000313A30353A32310046616E204661696C7F
:1013500075726500323032352D31312D3133203107
:10136000313A253032643A253032640053656E7369
:101370006F72202564206F66666C696E65000000E0
:1013800010B50448007810B9FFF792F801E0FFF7B4
:1013900093FA10BD2603002000F1080141604FF0D0
:1013A000FF31816000F10801C1600161002101602D
:1013B000704700210161704710B502460B685C1C44
:1013C0000CB9106907E002F1080000E040684468C9
:1013D00024689C42FAD944684C604C68A1608860DB
:1013E00041600A611468641C146010BD42684A6060
:1013F00093688B60936859609160086103685B1C17
:101400000360704710B500BF502080F31188BFF310
:101410004F8FBFF36F8F00BF0B480068401C0A4915
:1014200008600846006801280DD108480068C0B26D
:1014300008B9012000E0002028B940F2B91204A147
:1014400011A0BFF73FF810BDF802002004ED00E046
:101450002E2E5C4D4964646C6577617265735C46E1
:1014600072656552544F535C706F727461626C6543
:101470005C525644535C41524D5F434D34465C7060
:101480006F72742E630000004572726F723A25739A
:101490002C25640D0A00000010B50B48006828B91F
:1014A0004FF4E07209A117A0BFF70CF806480068D6
:1014B000401E054908600846006820B9002080F3F6
:1014C000118800BF00BF10BDF80200202E2E5C4D19
:1014D0004964646C6577617265735C4672656552D8
:1014E000544F535C706F727461626C655C52564409
:1014F000535C41524D5F434D34465C706F72742EA5
:10150000630000004572726F723A25732C25640DDA
:101510000A00000070B506463546002E35D0083D5D
:101520002C461A4960680968084008B1012000E0AB
:10153000002028B940F23F1215A122A0BEF7C2FF39
:10154000206808B9012000E0002028B94FF4A072FB
:101550000FA11CA0BEF7B6FF0C49606809680840DF
:1015600098B1206888B90949606809688843606053
:1015700000F0EAFA174960680968084415490860EC
:101580002046F6F79FFF01F009FA70BDF402002033
:101590002E2E5C4D4964646C6577617265735C46A0
:1015A00072656552544F535C706F727461626C6502
:1015B0005C4D656D4D616E675C686561705F342E72
:1015C000630000004572726F723A25732C25640D1A
:1015D0000A000000EC020020064800684FF47A710F
:1015E000B0FBF1F0401E4FF0E02148610720086198
:1015F000704700000000002070B5BEF7BDFE054634
:10160000102D11D305F1E02090F8F0431048007838
:10161000844201DB012000E0002028B94FF4407231
:101620000CA11AA0BEF74EFF1C48006800F4E06051
:101630001B490968884201D8012000E0002028B930
:101640004FF4447203A111A0BEF73CFF70BD00002F
:10165000FC0200202E2E5C4D4964646C657761723B
:1016600065735C4672656552544F535C706F72745B
:1016700061626C655C525644535C41524D5F434D10
:1016800034465C706F72742E630000004572726F96
:10169000723A25732C25640D0A0000000CED00E061
:1016A00000030020024600200BE0084B53F83030C6
:1016B00033B9064B43F8301003EBC0035A6002E025
:1016C000401C0828F1D300BF7047000030CE002036
:1016D0002DE9F04105460E4617462C46FFF792FECF
:1016E00094F94400401C10B9002084F8440094F997
:1016F0004500401C10B9002084F84500FFF7CCFEDF
:10170000A06B28B93A46314604F1240000F008F9EC
:101710002046F7F7A6F9BDE8F081000070B5044651
:101720000025ACB10F48006808B9012000E0002096
:1017300028B940F2CF420CA113A0BEF7C3FE00F0BF
:1017400003FA00212046F6F735FC01F027F905469B
:101750003DB94FF0805010490860BFF34F8FBFF381
:101760006F8F70BDC80200202E2E5C4D4964646CE2
:101770006577617265735C4672656552544F535C60
:101780007461736B732E63004572726F723A2573C6
:101790002C25640D0A00000004ED00E070B505463C
:1017A000FFF730FE15B92D48006800E028460446D2
:1017B000201DFFF71FFB78B9E06A00EB8000284985
:1017C00051F8200040B994F82C1001208840254998
:1017D0000968814323480160A06A18B104F1180028
:1017E000FFF708FB20480068401C1F4908601B48A1
:1017F0000068844209D1211D1C48FFF7F7FD1C48F1
:101800000068401C1A49086009E01A480068401E38
:10181000184908602046F6F72CFDF7F741F8FFF766
:101820003BFE15480068C0B10C480068844214D1E2
:101830001248006808B9012000E0002028B940F2F1
:1018400065420FA116A0BEF73DFE4FF0805018492B
:101850000860BFF34F8FBFF36F8F70BD9002002001
:1018600070CE0020A8020020BC0200202CD1002055
:101870009C020020A0020020AC020020C802002030
:101880002E2E5C4D4964646C6577617265735C46AD
:1018900072656552544F535C7461736B732E6300B1
:1018A0004572726F723A25732C25640D0A00000090
:1018B00004ED00E00120014908607047B4020020F7
:1018C00070B504460D462CB940F6063207A10FA0AC
:1018D000BEF7F8FD1148016818312046FFF76CFD8E
:1018E00001212846F6F766FB70BD00002E2E5C4DE8
:1018F0004964646C6577617265735C4672656552B4
:10190000544F535C7461736B732E63004572726F36
:10191000723A25732C25640D0A0000009002002005
:1019200070B505460E4614462DB940F6313209A170
:1019300010A0BEF7C7FD1348016818312846FFF70D
:1019400055FD0CB14FF0FF3621463046F6F732FB1D
:1019500070BD00002E2E5C4D4964646C6577617229
:1019600065735C4672656552544F535C7461736B6A
:10197000732E63004572726F723A25732C25640DC5
:101980000A0000009002002070B505462C46002D8C
:101990004BD02649E06A0968C96A884245D2A069E5
:1019A00000F0004028B921480068C06AC0F120005A
:1019B000A061E16A01EB81011D4A02EB81016069CE
:1019C000884201D1012000E0002050B3201DFFF724
:1019D00011FA78B9E06A00EB8000154951F820004F
:1019E00040B994F82C1001208840124909688143BD
:1019F000104801600D480068C06AE06294F82C103D
:101A0000012088400B49096808430A490860E16AD7
:101A100001EB8101064A02EB8100211DFFF7E6FC84
:101A200003E002480068C06AE06270BD90020020D6
:101A300070CE0020A802002010B504462CB940F654
:101A4000C13205A10CA0BEF73DFD0F480068206023
:101A50000E480068606010BD2E2E5C4D4964646CB9
:101A60006577617265735C4672656552544F535C6D
:101A70007461736B732E63004572726F723A2573D3
:101A80002C25640D0A000000B8020020A4020020EA
:101A90001CB51A4800210B468222CDE9001018A17E
:101AA000194800F0ADFD0446012C02D101F00CF8FC
:101AB0000446012C15D100BF502080F31188BFF3DC
:101AC0004F8FBFF36F8F00BF4FF0FF300F4908609B
:101AD00001200F49086000200E49086000F06EF9EF
:101AE0000BE0601C08B1012000E0002028B940F2A2
:101AF000847209A110A0BEF7E5FC1CBDC402002041
:101B000049444C450000000029830308C00200201E
:101B1000AC020020A40200202E2E5C4D4964646CAF
:101B20006577617265735C4672656552544F535CAC
:101B30007461736B732E63004572726F723A257312
:101B40002C25640D0A00000002480068401C014971
:101B500008607047C802002010B51B48006818B123
:101B600001201A4908602DE0002018490860184833
:101B70000068B0FA80F0C0F11F0404EB840015493E
:101B800051F8200008B1012000E0002028B940F6FB
:101B9000F62211A118A0BEF795FC04EB84010D4AB2
:101BA00002EB810041684968416000F10801426828
:101BB0008A4202D14168496841604168C968124A55
:101BC000116000BF10BD0000C8020020B402002058
:101BD000A802002070CE00202E2E5C4D4964646C5B
:101BE0006577617265735C4672656552544F535CEC
:101BF0007461736B732E63004572726F723A257352
:101C00002C25640D0A000000900200202DE9F0410F
:101C100005462846E5F704FA06463046EBF7B0FCE1
:101C200007463846DFF73AFD044601213046EBF718
:101C300042FB804694F90200401E054951F82030CD
:101C4000228804A14046E8F7EDFEBDE8F0810000DF
:101C50004C01002025642025730000002DE9F04789
:101C600005462846E5F7DCF906463046EBF788FCE2
:101C700007463846DFF712FD044600213046EBF7F1
:101C80001AFB8046208840F2E772101A81B2404663
:101C9000E5F72BF901213046EBF70DFB814694F96E
:101CA0000200401E81B24846E5F71FF9BDE8F08703
:101CB0002DE9F843814600BF00BF4C46B4F92E0021
:101CC00010F5004F01D1BDE8F883A08D07B2A08DBB
:101CD000618D884203DAA08D00F5B47007B294F8E4
:101CE0003400C0F3410000284FD0012802D0022860
:101CF0005CD139E0618DC81900EBD07149100EB28A
:101D0000B4F93010B4F93220881800EBD0714910C2
:101D10000FFA81F8B4F92E00404512DA0096638D6F
:101D2000B4F93010B4F92E004246E9F735F905B29E
:101D3000A9B24846DEF729FAB1B24846DEF7D4F92F
:101D400011E00097B4F93220B4F92E003346414631
:101D5000E9F722F905B2B1B24846DEF716FAA9B2A0
:101D60004846DEF7C1F924E00097638DB4F93220CC
:101D7000B4F93010B4F92E00E9F70EF905B2A28DCE
:101D8000A9B24846DEF714F913E00097638DB4F961
:101D90003220B4F93010B4F92E00E9F7FDF805B29D
:101DA000AAB2618D4846DEF703F902E000BF00BF2A
:101DB00089E700BFA58700BF85E700001CB5404844
:101DC00000684049884201D0012000E0002028B985
:101DD00040F259123CA14AA0BEF774FB3848006893
:101DE0003849491E884201D0012000E0002028B96E
:101DF0004FF4AD7234A142A0BEF764FB444C2046C0
:101E000000780190FF202146087008460078009075
:101E10009DF8000000F0F0009DF80010884201D10C
:101E2000012000E0002028B940F2731226A134A05E
:101E3000BEF748FB9DF8000000F0500035490870DF
:101E400007203549086009E033480068401E3249E0
:101E500008609DF800004006000E00909DF800000C
:101E600000F080008028EFD02B48006800022A494B
:101E700008600846008800F4E06008602449019882
:101E800008700F482030006840F470000C49203181
:101E900008600846006840F070400860FFF79CFB4F
:101EA00000201E490860BEF72FFA1D48006840F068
:101EB00040401B490860BEF717FA00201CBD000017
:101EC00000ED00E071C20F412E2E5C4D4964646C40
:101ED0006577617265735C4672656552544F535CF9
:101EE000706F727461626C655C525644535C41520F
:101EF0004D5F434D34465C706F72742E630000007A
:101F00004572726F723A25732C25640D0A00000029
:101F100000E400E0FC02002000030020F8020020A2
:101F200034EF00E010B500BF502080F31188BFF3FC
:101F30004F8FBFF36F8F00BF00F0A8FB18B14FF0B9
:101F400080500449086000BF002080F3118800BF62
:101F500010BD000004ED00E02DE9F84305460E46F3
:101F600090460DB1012000E0002028B94FF4C47262
:101F70000DA115A0BEF7A6FA0EB9002701E005FBDA
:101F800006F707F15400F6F7B5FD044644B104F135
:101F9000540943464A46314628460094F6F7D8F994
:101FA0002046BDE8F88300002E2E5C4D4964646C29
:101FB0006577617265735C4672656552544F535C18
:101FC00071756575652E63004572726F723A25737F
:101FD0002C25640D0A0000002DE9FF4782B005465C
:101FE0000E461F464FF0000A2C462CB940F2DC4248
:101FF00061A169A0BEF766FA0EB9206C08B901208C
:1020000000E0002028B940F2DD425BA162A0BEF7EB
:1020100059FA00F025FB08B9049808B9012000E03E
:10202000002028B94FF49C6253A15BA0BEF74AFA86
:1020300000BFFFF7E7F9D4F83890B9F1000F3DD0B1
:10204000D4F80C8031462046F6F7C0F8DFB9A9F184
:102050000100A063206810B9F6F7FCFD60602069FC
:1020600008B9012000E0002010BB04F1100000F0CE
:1020700035FCE8B14FF080504B490860BFF34F8FFB
:10208000BFF36F8F14E0C4F80C80606A08B90120B8
:1020900000E0002060B904F1240000F01FFC38B11A
:1020A0004FF0805040490860BFF34F8FBFF36F8FF0
:1020B000FFF7F2F9012006B0BDE8F087049818B9DF
:1020C000FFF7EAF90020F6E7BAF1000F04D16846FD
:1020D000FFF7B2FC4FF0010AFFF7DEF9FFF734FD1E
:1020E000FFF790F994F94400401C10B9002084F8DF
:1020F000440094F94500401C10B9002084F84500C4
:10210000FFF7CAF904A9684600F024FA40BB20464C
:10211000F6F738FAF0B1206830B9FFF773F9606864
:10212000FFF732FCFFF7B8F904F124000499FFF738
:10213000C7FB2046F6F795FC00F030FC00287FF442
:1021400078AF4FF0805018490860BFF34F8FBFF34E
:102150006F8F6EE72046F6F784FC00F01FFC68E7FF
:102160002046F6F77EFC00F019FC2046F6F70AFA46
:102170000028EED000209EE72E2E5C4D4964646C52
:102180006577617265735C4672656552544F535C46
:1021900071756575652E63004572726F723A2573AD
:1021A0002C25640D0A00000004ED00E070B5054622
:1021B0000E462C462CB940F21B121EA125A0BEF7DC
:1021C00081F9FFF71FF9D4E90F12206801FB020023
:1021D00060600020A0632068A060E06B401E226C5D
:1021E000216800FB0210E060FF2084F8440084F8BE
:1021F00045009EB9206908B9012000E00020A8B977
:1022000004F1100000F06AFB80B14FF080501549D6
:102210000860BFF34F8FBFF36F8F07E004F110002A
:10222000FFF7BAF804F12400FFF7B6F8FFF734F926
:10223000012070BD2E2E5C4D4964646C657761721F
:1022400065735C4672656552544F535C7175657574
:10225000652E63004572726F723A25732C25640DEA
:102260000A00000004ED00E02DE9FF4383B00646BC
:1022700088461D464FF0000934462CB940F2D92259
:1022800060A168A0BEF71EF9B8F1000F01D1206C63
:1022900008B9012000E0002028B940F2DA2259A153
:1022A00060A0BEF70FF9022D02D1E06B012801D129
:1022B000012000E0002028B940F2DB2251A159A002
:1022C000BEF700F900F0CCF908B9059808B901206B
:1022D00000E0002028B940F2DE224AA151A0BEF75A
:1022E000F1F800BFFFF78EF8A06BE16B884201D3D5
:1022F000022D38D12A4641462046F5F77CFF074695
:10230000A06C68B129462046F6F758F928B34FF07B
:10231000805048490860BFF34F8FBFF36F8F1CE0B8
:10232000606A08B9012000E0002068B904F12400C7
:1023300000F0D4FA88B14FF080503E490860BFF3F6
:102340004F8FBFF36F8F08E03FB14FF08050394996
:102350000860BFF34F8FBFF36F8FFFF79DF8012029
:1023600007B0BDE8F083059818B9FFF795F800208D
:10237000F6E7B9F1000F04D101A8FFF75DFB4FF0BC
:102380000109FFF789F8FFF7DFFBFFF73BF894F946
:102390004400401C10B9002084F8440094F9450022
:1023A000401C10B9002084F84500FFF775F805A916
:1023B00001A800F0CFF8F0B92046F6F7F0F8A0B188
:1023C00004F110000599FFF77BFA2046F6F749FB68
:1023D00000F0E4FA002885D14FF0805015490860DC
:1023E000BFF34F8FBFF36F8F7CE72046F6F739FBC3
:1023F00000F0D4FA76E72046F6F733FB00F0CEFA89
:102400000020ADE72E2E5C4D4964646C65776172E7
:1024100065735C4672656552544F535C71756575A2
:10242000652E63004572726F723A25732C25640D18
:102430000A00000004ED00E02DE9F05F80468A46C6
:1024400015461E4644462CB940F29F3235A13DA0A8
:10245000BEF738F8BAF1000F01D1206C08B901209D
:1024600000E0002028B94FF468722EA135A0BEF715
:1024700029F8022E02D1E06B012801D1012000E0F1
:10248000002028B940F2A13226A12EA0BEF71AF8EA
:10249000FFF7B2F800BF5021EFF3118081F31188EC
:1024A000BFF34F8FBFF36F8F00BF0746A06BE16B89
:1024B000884201D3022E2BD194F945B032465146C1
:1024C0002046F5F798FE0BF10100C8B9A06C40B1A9
:1024D00031462046F6F772F8B8B1B5B10120286050
:1024E00013E0606A08B9012000E0002068B904F137
:1024F000240000F0F3F940B13DB10120286004E070
:102500000BF1010040B284F845004FF0010901E0F1
:102510004FF0000900BF87F3118800BF4846BDE8AF
:10252000F09F00002E2E5C4D4964646C65776172EB
:1025300065735C4672656552544F535C7175657581
:10254000652E63004572726F723A25732C25640DF7
:102550000A0000002DE9F04104460D462CB940F672
:10256000CB3219A120A0BDF7ADFF2DB940F6CC327A
:1025700015A11DA0BDF7A6FFFEF744FF1E48076882
:102580002868401C08B9002619E01C492068096821
:10259000884204D06068B84201D801260FE0606824
:1025A000381A2968884209D228686168791A401A5D
:1025B00028602046FFF740FA002600E00126FEF7DB
:1025C0006BFF3046BDE8F0812E2E5C4D4964646C93
:1025D0006577617265735C4672656552544F535CF2
:1025E0007461736B732E63004572726F723A257358
:1025F0002C25640D0A000000A4020020B80200206F
:102600002DE9FF4F85B0804689461746DDE912ABBC
:10261000B800F6F76FFA064656B15C20F6F76AFA8C
:1026200004460CB1266304E03046FEF773FF00E079
:1026300000247CB10020CDE900ABCDE902403A4650
:1026400049464046089BF5F79BFE2046F5F7FEFC01
:10265000012501E04FF0FF35284609B0BDE8F08FB5
:102660000549096809B9012005E00449096809B963
:10267000022000E000207047AC020020C8020020C9
:102680000149086870470000A40200202DE9F041CC
:102690004FF0000841480068002872D140480068A7
:1026A000451C3F480560EDB93E480068006808B920
:1026B000012000E0002028B940F6D9123AA142A03A
:1026C000BDF700FF37480768434800683549086090
:1026D0004148076041480068401C40490860F6F7DF
:1026E000DFF800BF3E48006885423CD300BF2D485C
:1026F0000068006808B9012000E0002020B14FF018
:10270000FF30374908602DE026480068C068C4687B
:102710006668B54202D23248066023E0201DFEF70B
:1027200069FBA06A18B104F11800FEF763FB94F886
:102730002C10012088402B4909680843294908606A
:10274000E16A01EB8101284A02EB8100211DFEF7BD
:102750004DFE2649E06A0968C96A8842C7D34FF02E
:102760000108C4E700BF21480068C06A00EB800090
:102770001D4951F82000012801D94FF0010805E05A
:10278000FFE71B480068401C1949086019480068A9
:1027900008B14FF001084046BDE8F081C8020020B2
:1027A000A4020020940200202E2E5C4D4964646C2B
:1027B0006577617265735C4672656552544F535C10
:1027C0007461736B732E63004572726F723A257376
:1027D0002C25640D0A00000098020020B802002099
:1027E000C0020020A802002070CE0020900200202D
:1027F000B0020020B402002070B505462C46002629
:10280000002D4BD026480068844201D1012000E011
:10281000002028B940F6C76222A12AA0BDF752FEC7
:10282000206D28B940F6C9621EA126A0BDF74AFE58
:10283000206D401E2065E16CE06A88422ED0206D3C
:1028400060BB201DFEF7D6FA78B9E06A00EB800085
:10285000204951F8200040B994F82C1001208840FC
:102860001D49096881431C480160E06CE062E06A30
:10287000C0F12000A06194F82C1001208840164976
:102880000968084314490860E16A01EB8101114AB3
:1028900002EB8100211DFEF7A9FD0126304670BD27
:1028A000900200202E2E5C4D4964646C6577617245
:1028B00065735C4672656552544F535C7461736B0B
:1028C000732E63004572726F723A25732C25640D66
:1028D0000A00000070CE0020A802002070B5064655
:1028E000F068C4682CB940F661321AA121A0BDF786
:1028F000E9FD04F11800FEF77DFA22480068A8B946
:10290000201DFEF777FA94F82C10012088401E490C
:10291000096808431C490860E16A01EB81011B4A10
:1029200002EB8100211DFEF761FD04E004F11801B6
:102930001748FEF75BFD1749E06A0968C96A8842D3
:1029400004D9012501201449086000E0002528462B
:1029500070BD00002E2E5C4D4964646C6577617219
:1029600065735C4672656552544F535C7461736B5A
:10297000732E63004572726F723A25732C25640DB5
:102980000A000000C8020020A802002070CE00202B
:1029900018D1002090020020B402002070B500245D
:1029A00000263448006828B94FF4FD6232A13AA0ED
:1029B000BDF788FDFEF726FD2E480068401E2D4914
:1029C00008600846006800284FD137480068002892
:1029D0004BD024E03548C068C46804F11800FEF705
:1029E00009FA201DFEF706FA94F82C100120884001
:1029F0002F49096808432E490860E16A01EB81010B
:102A00002C4A02EB8100211DFEF7F0FC2A49E06A06
:102A10000968C96A884202D301202849086023480E
:102A2000006808B9012000E000200028D2D00CB1D5
:102A3000F5F736FF2248056865B100BFFFF726FEAF
:102A400010B101201D4908606D1E002DF6D1002037
:102A50001B4908601948006838B101263007194938
:102A60000860BFF34F8FBFF36F8FFEF715FD304641
:102A700070BD0000C80200202E2E5C4D4964646CBD
:102A80006577617265735C4672656552544F535C3D
:102A90007461736B732E63004572726F723A2573A3
:102AA0002C25640D0A000000A002002018D100208F
:102AB000A802002070CE002090020020B402002066
:102AC000B002002004ED00E01CB50024F5F71AFB6D
:102AD0000B48006858B10B481F2100234FF4827245
:102AE000CDE9001008A10A48FFF78AFD04462CB979
:102AF00040F2331207A110A0BDF7E4FC20461CBD34
:102B0000D4020020D8020020546D72205376630056
:102B1000498A03082E2E5C4D4964646C65776172A6
:102B200065735C4672656552544F535C74696D659C
:102B300072732E63000000004572726F723A257343
:102B40002C25640D0A0000002DE9FF4704460D46C0
:102B500016461F46DDF830804FF000092CB94FF4BF
:102B6000D37217A11FA0BDF7ADFC2248006810B3B7
:102B7000009501960294062D15DAFFF771FD0228E3
:102B800008D10023424669461A480068FFF76CFBEB
:102B9000814610E000231A46694616480068FFF790
:102BA00063FB814607E000233A4669461148006806
:102BB000FFF742FC8146484604B0BDE8F0870000BC
:102BC0002E2E5C4D4964646C6577617265735C465A
:102BD00072656552544F535C74696D6572732E63F0
:102BE000000000004572726F723A25732C25640D47
:102BF0000A000000D40200202DE9F84304462046D4
:102C0000E4F70EFA07462046E4F70DFA8046384608
:102C1000E3F7DAFE05464046DEF740FD064630683B
:102C2000009040F2E770401B80B2ADF800009DF9C3
:102C30000220BDF800104046DEF738FDBDE8F883FD
:102C400010B500290AD00878002807D00548784434
:102C5000BDF714FF002801D0002010BD02487844C1
:102C600010BD000042DB00003ADB000010B5002977
:102C70000AD00878002807D005487844BDF7FEFE42
:102C8000002801D0002010BD0248784410BD00008B
:102C900026DC00001EDC000021F00042A2F16052A0
:102CA000B2F5801F01F0004328BFD2F17F6C0BD931
:102CB0005FEA001C43EAC20242EB507018BF704743
:102CC00028BF20F001007047B2F5801FBCBF184636
:102CD00070474FEA410C1CF5001F02D2084600F075
:102CE00005BD70B500F040FA00000089FFF7F6BF9F
:102CF0004FF00040A0F580007047000010B591EA49
:102D0000030F48BF83F0004300F19883841A71EBEE
:102D1000030C05D2121943EB0C03001B61EB0C01F1
:102D2000DFF824E14FEA1154A4EB135C1EEA430FD1
:102D300018BF9EEA445F73D023EA0E03DCF1200E35
:102D400021EA045143F4801332D322FA0CFE10EB33
:102D50000E0023FA0CFE41EB0E01CCF1200E03FA1B
:102D60000EFE10EB0E0051F10001B1F5801FCCF109
:102D7000200E32D201EB045112FA0EF2BDE81040DF
:102D800058BF7047401C38BF5FEA420218BF704707
:102D9000002814BF20F0010041F100014FEA410377
:102DA00013F5001F38BF7047A1F1C04100F02ABAE7
:102DB000012A43EB0302ACF1200CDCF11F0E32BF01
:102DC0004FF0000E23FA0CF310EB030041EB04511B
:102DD000B4EB115FD0D0A1EB045101F5801149088B
:102DE0005FEA300001EB04510ED350F1000038BF10
:102DF00012FA0EFE08D1BDE81040C9E7401C38BFEA
:102E00005FEA4202CAD1C3E7BDE810404FEA41037E
:102E100013F5001F38BF7047A1F1C04100F0F2B9AF
:102E20009EEA445F08D011EA5E0FBDE8104004BF7F
:102E300001F0004100207047BDE8104070B500F07F
:102E400093F900BF64FBBE3E0000E0FF02494FF073
:102E5000000000F055BC00BF0000F87F491058BFCB
:102E6000C1F140415B1058BFC3F140438B42EFF3C7
:102E70000080704751EA030C17D41CF5801F58BF1F
:102E8000BCF5801F00F10680994218BF704708BF4B
:102E90009042704707D711F5801F58BF13F5801F68
:102EA00019D499427047894270471CF5801F08D594
:102EB000BCF5801FF7D58B4218BF704708BF824210
:102EC00070474FF4001C1CEB410F38BF1CEB430F45
:102ED00001D28B42704770B500F046F99224490048
:102EE0004FF000514FF08053FFF7B8BF4FEA115336
:102EF000A3F58063D3F11E03A8BFD3F1200C08DB38
:102F00004FF0004242EAC12252EA505232FA03F034
:102F1000704709420BD4102BC4BF0020704703F543
:102F2000787CBCF1FF3F05D04FF0FF3070474FF089
:102F30000000704770B500F017F900BF4992248077
:102F400000207047F0E710F0004248BF4042B0FA5E
:102F500080F310FA03F10AD0C3F11D0303F5806377
:102F60004FEA415002EB035202EBD12170474FF080
:102F700000007047B0FA80F310FA03F10AD0C3F1F1
:102F80001D0303F580634FEA41504FEA035202EB01
:102F9000D12170474FF000007047000051EA030C48
:102FA00017D41CF5801F58BFBCF5801F00F10680A8
:102FB000994218BF704708BF9042704707D711F574
:102FC000801F58BF13F5801F19D49942704789425A
:102FD00070471CF5801F08D5BCF5801FF7D58B42C4
:102FE00018BF704708BF824270474FF4001C1CEBAB
:102FF000410F38BF1CEB430F01D28B42704770B5B5
:1030000000F0B2F8922449004FF000514FF0805385
:10301000FFF724BFDFF848C170B51CEA111E1EBFC0
:103020001CEA13159EEA0C0F95EA0C0F00F06F8056
:1030300081EA030423EA4C134EEAD47E21EA4C11C0
:1030400041F4801143F48013AE44A1FB024CA0FB79
:103050000365AEF17F7E361955EB0C05A1FB034CE1
:103060004CF10003A0FB021C16EB0C06654153F16A
:103070000003094218BF46F0010613F4007F0BD18C
:103080004FEA03314FEA0530340341EA155140EA73
:1030900016506FF003020AE04FEAC3214FEAC52041
:1030A000F40241EA555140EA56506FF0020202EB39
:1030B0002E4201EB025585EACE710AD05FEA440C3C
:1030C00018BF24F0004450F1000041F1000120EA53
:1030D000D47040F2FE7C624500D270BDA84214BF9D
:1030E0004FF080444FF04044002E08BF0024BEF152
:1030F000806FA8BFA1F1C041BDE8704080F282801E
:103100004FF0000001F1C04101F0004170479EEA1C
:103110000C0F0CEA131518BF95EA0C0F06D04FF0F0
:10312000000081EA030E0EF0004170BD00F01CF8B3
:103130008900013E00F007B800F009B84FEA430CDF
:103140005FEA5C5C08D081EA030100F05BB84FEAFB
:10315000410C5FEA5C5CF6D14FF00000014970471A
:103160000000FF070000F87F0EF1020E2EF0030EA4
:103170005EF8046B364205D4012A43EB030515F5CE
:10318000001F12D8012841EB010C1CF5001F0CD8C0
:103190000ED14FEAD17C15F5001F0CEB4C0C0CF155
:1031A000020C08BF4CEBD37C04E04FF0080C01E0AC
:1031B0004FEAD37C0CEB4C0526FA05F606F0070621
:1031C000B6F1040C06D20EEB860CBDE870404CF054
:1031D000010C6047DFE80CF0090B02024FF00041E0
:1031E0004FF00000A1F5002170BD194610460128DE
:1031F00051EB010418BFD4F5001484BF002001F086
:10320000004170BD0808A0F500114FEA3101704778
:1032100053EA010C17D41CF5801F58BFBCF5801F62
:1032200000F106808B4218BF704708BF824270478A
:1032300007D713F5801F58BF11F5801F19D48B4293
:1032400070479B4270471CF5801F08D5BCF5801F56
:10325000F7D5994218BF704708BF904270474FF4A6
:10326000001C1CEB430F38BF1CEB410F01D29942ED
:1032700070470FB40CBC03BCFFF7C1BE91EA030F4B
:1032800010B581F000413FF541AD83F0004300F0FF
:10329000D5B800002DE9F04101F5801CBCF5001FF8
:1032A000C0F2A9804FEA115C21EA0C510CF1FD0C2F
:1032B00041F480115FEA5C0C0CF5C07C01D3400046
:1032C000494130A4890241EA905187028E0E0A0CCE
:1032D000A45D04FB04F602FB06F6C6F14046A4FB1F
:1032E0000662F60D46EA422606FB06F4A4FB01231D
:1032F0005242C3F1404338BF5B1EA6FB024200248A
:10330000E6FB0324D20B42EA4446A6FB0623A1FBBC
:1033100002E2A3FB07E4E3FB61426442C2F1404ED8
:1033200038BFAEF1010EA6FB04234FF00002E6FB0E
:103330000E32A2FB03463400E2FB6264A1FB06E608
:10334000A4FB07E8E4FB61687642C8F1405838BF47
:10335000A8F10108A2FB06E4A3FB08E5E2FB685420
:10336000A1FB05E6A7FB04E8E1FB648618F1200554
:1033700056F10006A809A8F11B08B10908F03F089A
:10338000B8F10A0F40EA86601CD901EB0C51BDE888
:10339000F08100BFFCF5EEE8E2DDD8D3CFCBC7C3A8
:1033A000C0BDB9B6B4B1AEACA9A7A5A3A19F9D9B62
:1033B0009A9896959392908F8D8C8B898887868525
:1033C00084838281A0FB006800FB01F208EB4208C5
:1033D000B8EB872807D5341858EB0104D5D5401C25
:1033E00051F10001D1E7341A78EB0104CDD4401E2D
:1033F00071F10001C9E75FEA4C0C5FEA9C5C0DD1FA
:1034000005D34FF0000001F00041BDE8F081BDE8B8
:10341000F04170B5FFF7A8FE6DDBFFBEBDE8F041DF
:103420004FF00000004970470000F87F10B591EAA6
:10343000030F48BF83F000433FF568AC841A71EB7B
:10344000030C07D212198CF0004C43EB0C03001B49
:1034500061EB0C01DFF8A4E14FEA1154A4EB135C1B
:103460001EEA430F18BF9EEA445F00F0B08023EAD3
:103470006E03524221EA0451C3EB6E0338BF5B1E58
:10348000DCF1200E25D322FA0CFE10EB0E0043FADD
:103490000CFE41EB0E01CCF1200E03FA0EFE10EBF8
:1034A0000E0051F10001CCF1200E29D412FA0EF2D7
:1034B00001EB0451BDE8104058BF7047401C1CBFD1
:1034C000B2F1004F704700280CBF491C20F00100EA
:1034D000704712EB020E43EB030218BF4FF0010ED0
:1034E0004EEA4202ACF1200CDCF11E0E54D943FA34
:1034F0000CFE10EB0E0051F1FF31CCF11E0ED5D5B4
:103500000EF1010E12FA0EFE404141EB010101EBFA
:10351000445C5FEA5C5C10D910EBDE7001EB045197
:1035200038BFBEF1004FBDE8104018BF70470028FB
:103530000CBF491C20F00100704730D24FEAD42C58
:1035400011F5001124F400641BD0B1FA81F20B3A9A
:10355000A41AA41ED2F12003914030FA03F31943B8
:10356000904001EBCC71002C01EB0451BDE8104000
:10357000A8BF704701F1C0414FF0000001F00041C9
:103580007047B0FA80F310FA03F100D110BDE41ACD
:10359000173C4805C90AE4E701EB045110BD491086
:1035A00001EB0451BDE810404FEA300002E04FF05B
:1035B000000170474A0008BF0042F8D0B2F5001F72
:1035C00028BF704701F000414FF0000070479EEAAD
:1035D000445F07D011EA5E0FBDE8104004BF002130
:1035E00000207047BDE8104070B5FFF7BDFD00BF7B
:1035F00040DFF63E83F00041104670470000E0FFD8
:1036000043004FEAD30C4FEA3C0C43401FBF400736
:103610000CF1605113F0FE4F70471CF0006F03D1A6
:1036200000200CF0004170470CF0004343EA50705A
:1036300010B540EACC0000F00EF800BF0000009288
:103640004FEA0001FFF7DEBD4FF000414FF00000F0
:10365000A1F5002170470EF1020E2EF0030E5EF868
:10366000044B244204D44FEA4102B2F17F4F11D8F7
:103670004FEA4003B3F17F4F0CD80ED14FEAD07C14
:10368000B2F17F4F0CEB4C0C0CF1020C08BF4CEB71
:10369000D17C04E04FF0080C01E04FEAD17C0CEB48
:1036A0004C0324FA03F404F00704B4F1040C06D22A
:1036B0000EEB840CBDE810404CF0010C6047DFE8D5
:1036C0000CF0070802024FF00040A0F5800010BD8A
:1036D0000846420018BFD2F1807288BF00F0004057
:1036E00010BD4FF04070E1EE100A7047FF2141EA33
:1036F000D050C00570474FF000007047BDF747BB82
:103700000CF00F03092B08BF082000F05F800A2B84
:103710000BD0082B18BF704708BF1CF0400F0AD011
:103720004FF000004FF0000170471CF0400F18BF31
:103730004FF0004070471CF0100F08D020F070438D
:1037400000F07F4242EAD3014FEA4370704700F035
:10375000604021F07F4242EA000201F07F4040EAEF
:10376000727070474FF0FF0C4CF4E06C1CEA115380
:103770001CBF9CEA030C9445C2BFDA4201EB025124
:103780007047002B0DD0BCF1000F0FD0002A01F0C4
:103790000041A4BF41F0E04141F07F614FF00000E3
:1037A000704701F000414FF00000704750EA0133CC
:1037B0004FF09B0C18BF4CF0806C7FF447AB704708
:1037C000BDF7DEBFBEF732B9BEF7C0BA1CF4801F2A
:1037D00011D01CF4E02F03D06FEACC3149007047C0
:1037E0004FF04050EFF3008222F0704242EA0002B4
:1037F00082F3008870474FF000007047000000001F
:103800000102030401020304060708090000000086
:103810000000000000000000000000003F40000029
:1038200000000000000030004000300040000000B8
:1038300009000BC03D000BC03D00090018C024402A
:103840007FE0224031800000180024C01B000D8062
:103850003240018003801C4027401C80074000400C
:1038600010006000000000000000000000000000E8
:1038700000001F80204040200000402020401F808A
:1038800000000000090006001F800600090000007B
:10389000040004003F8004000400000000100060E9
:1038A0000000000000000000040004000400040008
:1038B00004000000000000400000000000000000C4
:1038C000002001C006003800400000001F8020409A
:1038D000204020401F800000000010403FC00040FA
:1038E0000000000018C02140224024401840000081
:1038F00010802040244024401B80000002000D0066
:1039000011003FC0014000003C802440244024407E
:10391000238000001F8024402440344003800000A6
:103920003000200027C03800200000001B80244009
:10393000244024401B8000001C0022C02240224062
:103940001F80000000000000084000000000000090
:1039500000000000046000000000000000000400FF
:103960000A001100208040400900090009000900F8
:103970000900000000004040208011000A000400FF
:103980001800200023402400180000001F80204061
:10399000274029401F400000004007C039000F00A9
:1039A00001C0004020403FC0244024401B80000054
:1039B0001F802040204020403080000020403FC039
:1039C000204020401F80000020403FC024402E4067
:1039D00030C0000020403FC024402E0030000000D6
:1039E0000F001080204022403380020020403FC062
:1039F000040004003FC02040204020403FC0204041
:103A0000204000000060202020203FC02000200037
:103A100020403FC024400B0030C0204020403FC029
:103A200020400040004000C03FC03C0003C03C00BC
:103A30003FC0000020403FC00C4023003FC020009A
:103A40001F802040204020401F80000020403FC0B9
:103A500024402400180000001F802140214020E065
:103A60001FA0000020403FC02440260019C0004095
:103A700018C0244024402240318000003000204003
:103A80003FC020403000000020003F800040004048
:103A90003F80200020003E0001C0070038002000C9
:103AA000380007C03C0007C038000000204039C083
:103AB000060039C0204000002000384007C03840D0
:103AC00020000000304021C02640384020C00000C7
:103AD000000000007FE04020402000000000700057
:103AE0000C000380004000000000402040207FE0E8
:103AF0000000000000002000400020000000000046
:103B00000010001000100010001000100000000055
:103B10004000000000000000000002800540054059
:103B200003C0004020003FC0044004400380000068
:103B300000000380044004400640000000000380B1
:103B4000044024403FC00040000003800540054081
:103B500003400000000004401FC024402440200017
:103B6000000002E0055005500650042020403FC0F0
:103B70000440040003C000400000044027C000408F
:103B80000000000000100010041027E000000000FA
:103B900020403FC00140070004C0044020402040B6
:103BA0003FC000400040000007C0040007C0040000
:103BB00003C00000044007C00440040003C00040EC
:103BC000000003800440044003800000041007F05C
:103BD00004500440038000000000038004400450AF
:103BE00007F00010044007C0024004000400000079
:103BF000000006400540054004C00000000004002D
:103C00001F80044000400000040007800040044082
:103C100007C000400400070004C001800600040043
:103C2000060001C0070001C006000000044006C0F5
:103C3000010006C0044000000410071004E00180E9
:103C4000060004000000044005C0064004400000D7
:103C50000000000004007BE04020000000000000A5
:103C60000000FFF000000000000040207BE00400A6
:103C700000000000400080004000200020004000C4
:103C80000000000000000000000000000000000034
:103C90000000000000001FCC000C0000000000002D
:103CA00000000800300060000800300060000000E4
:103CB000022003FC1E20022003FC1E200220000024
:103CC00000000E1811043FFF10840C780000000063
:103CD0000F0010840F3800C00778188400780000A7
:103CE00000780F8410C411240E9800E400840008AA
:103CF00008006800700000000000000000000000E4
:103D000000000000000007E0181820044002000036
:103D1000000040022004181807E000000000000026
:103D20000240024001800FF001800240024000008A
:103D30000080008000800FF800800080008000007C
:103D40000001000D000E0000000000000000000057
:103D500000000080008000800080008000800080E3
:103D60000000000C000C000000000000000000003B
:103D70000000000600180060018006001800200006
:103D8000000007F0080810041004080807F00000FD
:103D90000000080408041FFC0004000400000000E8
:103DA00000000E0C10141024104411840E0C00009E
:103DB00000000C1810041104110412880C7000008B
:103DC000000000E00320042408241FFC002400005D
:103DD00000001F9810841104110410881070000056
:103DE000000007F008881104110418880070000012
:103DF00000001C00100010FC13001C00100000004C
:103E000000000E3811441084108411440E38000054
:103E100000000700088C10441044088807F00000D8
:103E2000000000000000030C030C00000000000074
:103E3000000000000001010600000000000000007A
:103E40000000008001400220041008081004000057
:103E50000220022002200220022002200220000074
:103E60000000100408080410022001400080000037
:103E700000000E001200100C106C10800F000000EB
:103E800003E00C1813E4142417C4082807D000001A
:103E90000004003C03C41C40074000E4001C000474
:103EA00010041FFC1104110411040E88007000009E
:103EB00003E00C1810041004100410081C1000007B
:103EC00010041FFC100410041004080807F0000080
:103ED00010041FFC1104110417C41004081800007A
:103EE00010041FFC1104110017C01000080000008E
:103EF00003E00C181004100410441C78004000006B
:103F000010041FFC10840080008010841FFC10042B
:103F10000000100410041FFC100410040000000036
:103F200000030001100110011FFE1000100000002E
:103F300010041FFC110403801464181C10040000FA
:103F400010041FFC1004000400040004000C000016
:103F500010041FFC1F0000FC1F001FFC10040000C9
:103F600010041FFC0C04030000E010181FFC1000DC
:103F700007F00808100410041004080807F00000F7
:103F800010041FFC10841080108010800F000000AF
:103F900007F0081810241024101C080A07F200006B
:103FA00010041FFC1104110011C011300E0C00048C
:103FB00000000E1C11041084108410441C380000F2
:103FC0001800100010041FFC10041000180000005E
:103FD00010001FF810040004000410041FF8100063
:103FE00010001E0011E0001C007013801C00100067
:103FF0001FC0103C00E01F0000E0103C1FC000008C
:104000001004180C163401C001C01634180C10042A
:1040100010001C00130400FC13041C00100000001E
:104020000804101C1064108413041C0410180000F1
:104030000000000000007FFE40024002400200003D
:10404000000030000C0003800060001C0003000032
:1040500000004002400240027FFE0000000000001D
:104060000000000020004000400040002000000050
:104070000001000100010001000100010001000138
:104080000000400040002000000000000000000090
:1040900000000098012401440144014400FC000494
:1040A00010001FFC0088010401040088007000005B
:1040B0000000007000880104010401040088000071
:1040C0000000007000880104010411081FFC0004B6
:1040D000000000F8014401440144014400C800000C
:1040E0000000010401040FFC110411041100180068
:1040F000000000D601290129012901C9010600009B
:1041000010041FFC008401000100010400FC0004F5
:1041100000000104190419FC000400040000000060
:104120000000000300010101190119FE0000000058
:1041300010041FFC0024004001B4010C0104000025
:104140000000100410041FFC000400040000000024
:10415000010401FC0104010001FC0104010000FC58
:10416000010401FC008401000100010400FC0004C2
:10417000000000F8010401040104010400F800003B
:10418000010101FF008501040104008800700000A6
:1041900000000070008801040104010501FF000116
:1041A0000104010401FC00840104010001800000FD
:1041B000000000CC01240124012401240198000006
:1041C00000000100010007F80104010400000000E4
:1041D000010001F8000400040004010801FC0004CF
:1041E000010001800170000C0010016001800100DD
:1041F00001F0010C003001C00030010C01F00100A1
:1042000000000104018C00740170018C01040000A5
:10421000010101810171000E00180160018001009F
:1042200000000184010C013401440184010C0000F0
:10423000000000000000000001003EFC40024002BF
:104240000000000000000000FFFF00000000000070
:104250000000400240023EFC01000000000000009F
:10426000000060008000800040004000200020002E
:10427000000000000000000000000000000000003E
:10428000000000000000000000000000000000002E
:10429000000000000000000000000000000000001E
:1042A0000000000F80380FFE380F8038000000003B
:1042B00000000000000000000000000000000100FD
:1042C000000600000C00003800003100000600006D
:1042D0000C0000380000300000000000000000006A
:1042E00061800067F807F9800061800061800061EB
:1042F000800061800067F807F9800061800000009D
:1043000000000000000001C0E003E0F006300804F7
:1043100018081FFFFE040E080787F00381E0000065
:104320000000000001F000060C00040408060C70F8
:1043300001F9C0000E00003BE000EC18070808047B
:104340000C180003E00000000001E00007F003F893
:1043500018041C0804170807E1D003C0E00023B0CC
:10436000003C0800200800001000000000000001D0
:1043700000003100003200001C00000000000000BE
:10438000000000000000000000000000000000002D
:10439000000000000000000000000000000000001D
:1043A0007F0001FFC00780F00C00181000042000FF
:1043B000020000000000002000021000040C0018A1
:1043C0000780F001FFC0007F000000000000000037
:1043D0000000000000000000000000004200006635
:1043E00000006600003C0000180003FFC000180039
:1043F000003C000066000066000042000000000073
:10440000080000080000080000080000080001FF84
:10441000C0000800000800000800000800000800B4
:1044200000000000000100003100003200001C000C
:10443000000000000000000000000000000000007C
:104440000000000000000000080000080000080054
:104450000008000008000008000008000008000034
:10446000080000080000000000000000000000003C
:104470003800003800003800000000000000000094
:10448000000000000000000000000000000000002C
:10449000000600001C000070000180000E000038C3
:1044A0000000C0000700001C0000300000000000F9
:1044B000000000007F8001FFE00380700600180408
:1044C000000804000806001803807001FFE0007F68
:1044D000800000000000000000000100080100084A
:1044E00001000803FFF807FFF800000800000800BB
:1044F000000800000000000000000001C03802C0F9
:1045000058040098040118040218040418061C1822
:1045100003F81801E0F800000000000000000001AE
:10452000C0E003C0F00400080408080408080618E6
:104530000803F41801E7F00001E0000000000000AB
:10454000000000000300000D0000110000610000E9
:10455000810803010807FFF80FFFF80001080001B8
:10456000080000000000000000E007FCD00608087A
:10457000061008061008061008061838060FF00680
:1045800007C0000000000000000000003F8001FFA5
:10459000E00384300208180410080410080410080E
:1045A000071810030FF00007C00000000000000013
:1045B000000003C0000700000600000600F8060720
:1045C000F806180006E000070000060000000000E2
:1045D00000000001E1E003F7F006341004180804BD
:1045E0001808040C08040C0806161803F3F001C19F
:1045F000E000000000000000F80003FC3003063873
:104600000402080402080402080404100308F0016C
:10461000FFC0007F0000000000000000000000005C
:104620000000000000000000703800703800703892
:10463000000000000000000000000000000000007A
:10464000000000000000000000000000301A0030F0
:104650001C0000000000000000000000000000003E
:10466000000000000000000800001400002200000C
:10467000410000808001004002002004001008007A
:1046800008000000000000002100002100002100BF
:104690000021000021000021000021000021000075
:1046A00021000021000000000000000000000800C0
:1046B000080400100200200100400080800041003A
:1046C00000220000140000080000000000000003A9
:1046D000C00004C000040000080038080F380808B3
:1046E000380810000C300007E00003C00000000094
:1046F000000000003F8000FFE0038070020F100602
:10470000708804C088048308047F8802C090030175
:104710002000FE400000080000180001F8003E08DC
:1047200001C20007020007E20000FE00001FC800EF
:1047300001F800003800000804000807FFF807FF30
:10474000F8040808040808040808040808061808FB
:1047500003F41801E7F00001E00000000000000091
:104760003F8001FFE003807002001804000804008D
:10477000080400080400100600200780C0000000A4
:1047800004000807FFF807FFF80400080400080405
:10479000000804001802001003807001FFE0007F91
:1047A0008000000004000807FFF807FFF80408086D
:1047B000040808040808040808043E080400080661
:1047C000001801006000000004000807FFF807FF60
:1047D000F8040808040800040800040800043E0067
:1047E000060000060000018000000000000000003C
:1047F0003F8001FFE00380700600180400080402F7
:10480000080402080203F00783F00002000002001F
:1048100004000807FFF807FFF80408080008000074
:10482000080000080000080004080807FFF807FF58
:10483000F80400080000000000000400080400085C
:1048400004000807FFF807FFF80400080400080444
:10485000000800000000000000000000000600004A
:104860000700000104000104000104000307FFFE2B
:1048700007FFFC0400000400000400000400080717
:10488000FFF807FFF8040C08001800003E0004C7FA
:10489000800503C80600F80400380400180000086A
:1048A00004000807FFF807FFF804000800000800EC
:1048B00000080000080000080000080000180000C0
:1048C0006000000004000807FFF807800807FC00EC
:1048D000007FC00003F80007C000780007800807C9
:1048E000FFF807FFF804000804000807FFF80700B6
:1048F0000803C00000E000003800001E00000700B0
:104900000001C00400F007FFF804000000000000F0
:104910007F8001FFE0038070060018040008040097
:104920000806001803003001FFE0007F800000004F
:1049300004000807FFF807FFF80404080404000453
:104940000400040400040400060C0003F80001F055
:1049500000000000000000007F8001FFE003807085
:104960000600880400880400C806003C03003E01DD
:10497000FFE6007F8400000004000807FFF807FF3F
:10498000F8040808040800040C00040F00040BC01D
:104990000610F003F03801E00800000800000001F4
:1049A000E0F803F030063010041808041808040C6E
:1049B00008040C080206180207F00781E000000056
:1049C0000180000600000400000400000400080745
:1049D000FFF807FFF80400080400000400000600C8
:1049E0000001800004000007FFE007FFF00400184A
:1049F000000008000008000008000008000008048B
:104A0000001007FFE004000004000006000007E0BB
:104A10000007FE00041FE00001F80000380001E07C
:104A2000043E0007C0000600000400000400000768
:104A3000E00007FFC0041FF80007C007F80007FFE9
:104A400080043FF80007C004F800070000040000DD
:104A500000000004000806001807C07805F1C8002F
:104A60003E00001F800463E80780F8060018040079
:104A70000800000004000006000007800007E008AE
:104A8000047C08001FF80007F800180804E0080775
:104A900000000600000400000000000100080600FD
:104AA000380400F80403E8040F08047C0805F00843
:104AB00007C00807001804006000000000000000A4
:104AC00000000000000000000000003FFFFE20008A
:104AD000022000022000022000022000020000004C
:104AE00000000000000008000007000000C00000F7
:104AF00038000006000001C000003000000E000079
:104B00000100000000000000000020000220000260
:104B10002000022000022000023FFFFE00000000F3
:104B20000000000000000000000000000000000085
:104B300000080000100000300000200000300000DD
:104B4000100000080000000000000000000001004C
:104B50000001000001000001000001000001000050
:104B6000010000010000010000010000010000013F
:104B700000000000000000000020000020000010E5
:104B80000000100000000000000000000000000015
:104B9000000000000000000000F00019F8001B18E1
:104BA000002208002608002408002410003FF80016
:104BB0001FF800000800001800000004000007FFB4
:104BC000F80FFFF000181800100800200800200857
:104BD000003018001FF0000FC000000000000000AF
:104BE00007C0001FF0001830002008002008002037
:104BF00008003C08001C10000060000000000000DD
:104C00000000000007C0001FF00038180020080056
:104C1000200800200804101007FFF80FFFF0000024
:104C2000100000000000000000000007C0001FF09E
:104C3000001230002218002208002208003208006A
:104C40001E10000E200000000000000020000020C8
:104C50000800200801FFF803FFF8062008042008D8
:104C600004200807200003000000000000000000EE
:104C7000000E000E6E001FF30031B10020B10020C5
:104C8000B1003191001F13002E1E00200E003000D5
:104C900000000004000807FFF80FFFF800100800EC
:104CA0002000002000002008003FF8001FF800004E
:104CB000080000000000000000000020080020089C
:104CC000002008063FF8063FF80000080000080032
:104CD00000080000000000000000000000000000CC
:104CE00003000003002001002001002003063FFE16
:104CF000063FFC000000000000000000000000046F
:104D0000000807FFF80FFFF8000188000300002FDC
:104D1000C00038F80020380020080000080000001B
:104D20000000000000000400080400080400080758
:104D3000FFF80FFFF800000800000800000800005E
:104D400000000000002008003FF8003FF8001008B5
:104D5000002000003FF8003FF8001008002000008D
:104D60003FF8003FF8000008000000002008003F66
:104D7000F8003FF800100800100000200000200894
:104D8000003FF8001FF800000800000000000000CD
:104D900007C0000FF0001830003008002008002085
:104DA00008003008001830000FF00007C0000000B5
:104DB000000000002001003FFF003FFF0010110035
:104DC0002009002008002008003038001FF0000FE4
:104DD000C00000000000000007C0001FF0003818ED
:104DE000002008002008002009001011001FFF000B
:104DF0003FFF000001000000002008002008002004
:104E000008003FF8003FF8000808001008002008DC
:104E10000020000030000030000000000000000012
:104E20000000000C78001E18003308002308002141
:104E3000080021880021980030F000386000000050
:104E400000000000200000200000200000FFF00310
:104E5000FFF80020080020080020080000300000B3
:104E600000000000000000002000003FF0007FF87C
:104E7000000018000008000008002010003FF800A3
:104E80007FF0000010000000000000002000003053
:104E900000003C00003F800023F00000780000701C
:104EA000002380003C0000300000200000200000B3
:104EB0003C00003FE00023F80000E0002700003E37
:104EC00000003FE00021F80001E0003E000020006B
:104ED000000000002008002008003838003E68006C
:104EE00027800003C8002CF8003838002018002064
:104EF00008000000000000002000003003003C011A
:104F0000003F830023EC000070002380003C000081
:104F10002000002000000000000000000000003819
:104F2000080020380020F80023E8002F88003E0801
:104F30000038080020180000700000000000000089
:104F40000000000000000000000000000800001445
:104F5000001FF7FC300006200002000000000000E7
:104F60000000000000000000000000000000000041
:104F70000000FFFFFF000000000000000000000034
:104F800000000000000000000000200002300006C9
:104F90001FF7FC00140000080000000000000000E3
:104FA0000000000000000000000000180000600089
:104FB0000040000040000020000010000008000039
:104FC0000400000400000C000010000000000000BD
:104FD00000000000000000000000000000000000D1
:104FE00000000000000000000000000000000000C1
:104FF00000000000000000000000000000000000B1
:1050000000000000000000000000000000000000A0
:105010000000000000000000000000000000000090
:105020000000000000000000000000000000000080
:105030000000000000000000000000000000000070
:105040000000000000000000000000000000000060
:105050000000000000000000000000000000000050
:105060000000000007F000C007FFE1E007F001E0EA
:10507000000000C000000000000000000000000070
:105080000000000000000000000000000000000020
:105090000000000000000000000000000000000010
:1050A0000000000000000000000000000000000000
:1050B00000000000000000000000000000000000F0
:1050C00000000000000000000000000000000000E0
:1050D000000000000020000001C000000780000068
:1050E0001F0000001E0000001C20000001C0000086
:1050F000078000001F0000001E0000001C000000D0
:10510000000000000000000000000000000000009F
:10511000000000000000000000000000000000008F
:10512000000000000000000000000000000000007F
:10513000000000000000000000000000000000006F
:10514000000000000000000000000000000000005F
:1051500000180C0000180C0000180FE0001FFC00E5
:1051600003F80C0000180C0000180C0000180C00CC
:1051700000180C0000180FE0001FFC0003F80C00E2
:1051800000180C0000180C000000000000000000D7
:10519000000000000000000000000000000000000F
:1051A00000000000000000000000000000000000FF
:1051B00000000000000000000000000000000000EF
:1051C00000000000000000000000000000000000DF
:1051D0000000000000000780007807C000FC0640C7
:1051E000010E002003070020020380200FFFFFFCB8
:1051F0000201C0200200E0600130704001F03F80F9
:1052000000F01F000000000000000000000000008F
:10521000000000000000000000000000000000008E
:10522000000000000000000000000000000000007E
:10523000000000000000000000000000000000006E
:1052400000000000000000000000000000FE000060
:1052500001FF00000301800002008060030181C0A3
:1052600001FF070000FE18000000E0000003BF007F
:10527000000CFFC00071806001C10020030180604C
:105280000000FFC000003F00000000000000000020
:10529000000000000000000000000000000000000E
:1052A00000000000000000000000000000000000FE
:1052B00000000000000000000000000000000000EE
:1052C00000000000000000000000000000001F00BF
:1052D00000007FC000FCC0C001FF80600303E0202D
:1052E0000202782002061E2003FC074001F0038022
:1052F000000103C000011C600001E020000100204B
:1053000000010040000001800000000000000000DB
:10531000000000000000000000000000000000008D
:10532000000000000000000000000000000000007D
:10533000000000000000000000000000000000006D
:10534000000000000000000000000000000000005D
:10535000002000001C6000001C4000001F800000B6
:105360000F0000000000000000000000000000002E
:10537000000000000000000000000000000000002D
:10538000000000000000000000000000000000001D
:10539000000000000000000000000000000000000D
:1053A00000000000000000000000000000000000FD
:1053B00000000000000000000000000000000000ED
:1053C00000000000000000000000000000000000DD
:1053D00000000000000000000000000000000000CD
:1053E00000000000000000000007F800003FFF0080
:1053F000007807C001C000E003000030040000088E
:10540000080000041000000200000000000000007E
:10541000000000000000000000000000000000008C
:10542000000000000000000000000000000000007C
:10543000000000000000000000000000000000006C
:10544000000000000000000000000000000000005C
:1054500010000002080000040400000803000030EF
:1054600001C000E0007807C0003FFF000007F8001F
:10547000000000000000000000000000000000002C
:10548000000000000000000000000000000000001C
:10549000000000000000000000000000000000000C
:1054A00000000000000000000000000000000000FC
:1054B00000000000000000000000000000000000EC
:1054C00000000000000000000000000000000000DC
:1054D00000000000000C1800000E3800000E38001C
:1054E00000063000000360000061438000FFFF8081
:1054F000006143000003600000063000000E380029
:10550000000E3800000C1800000000000000000031
:10551000000000000000000000000000000000008B
:10552000000000000000000000000000000000007B
:10553000000000000000000000000000000000006B
:10554000000000000000000000000000000000005B
:1055500000000000000080000000800000008000CB
:10556000000080000000800000008000007FFF003D
:10557000000080000000800000008000000080002B
:10558000000080000000800000000000000000001B
:10559000000000000000000000000000000000000B
:1055A00000000000000000000000000000000000FB
:1055B00000000000000000000000000000000000EB
:1055C00000000000000000000000000000000000DB
:1055D00000000001000000E3000000E2000000FC09
:1055E0000000007800000000000000000000000043
:1055F00000000000000000000000000000000000AB
:10560000000000000000000000000000000000009A
:10561000000000000000000000000000000000008A
:10562000000000000000000000000000000000007A
:10563000000000000000000000000000000000006A
:10564000000000000000000000000000000000005A
:10565000000080000000800000008000000080004A
:10566000000080000000800000008000000080003A
:10567000000080000000800000008000000080002A
:10568000000080000000800000000000000000001A
:10569000000000000000000000000000000000000A
:1056A00000000000000000000000000000000000FA
:1056B00000000000000000000000000000000000EA
:1056C00000000000000000000000000000000000DA
:1056D00000000000000000C0000001E0000001E048
:1056E000000000C0000000000000000000000000FA
:1056F00000000000000000000000000000000000AA
:105700000000000000000000000000000000000099
:105710000000000000000000000000000000000089
:105720000000000000000000000000000000000079
:105730000000000000000000000000000000000069
:105740000000000000000000000000000000000059
:105750000000000C00000038000000E000000380A2
:1057600000000E00000038000000E0000003800090
:10577000000E00000038000000E000000380000080
:105780000E000000180000000000000000000000F3
:105790000000000000000000000000000000000009
:1057A00000000000000000000000000000000000F9
:1057B00000000000000000000000000000000000E9
:1057C00000000000000000000000000000000000D9
:1057D00000000000000FF800007FFF0000F00780CD
:1057E000018000C0030000600200002002000020D1
:1057F0000200002003000060018000C000E0038080
:10580000007FFF00000FF800000000000000000013
:105810000000000000000000000000000000000088
:105820000000000000000000000000000000000078
:105830000000000000000000000000000000000068
:105840000000000000000000000000000000000058
:105850000000000000000000008000200080002008
:10586000008000200080006001FFFFE003FFFFE0F8
:105870000000006000000020000000200000002068
:105880000000000000000000000000000000000018
:105890000000000000000000000000000000000008
:1058A00000000000000000000000000000000000F8
:1058B00000000000000000000000000000000000E8
:1058C00000000000000000000000000000000000D8
:1058D00000000000007800E0009801600100026014
:1058E00002000460020008600200106002002060F4
:1058F00002004060030080600183006001FE00E060
:10590000007C078000000000000000000000000094
:105910000000000000000000000000000000000087
:105920000000000000000000000000000000000077
:105930000000000000000000000000000000000067
:105940000000000000000000000000000000000057
:105950000000000000F0078001F007C001000040D7
:1059600002000020020100200201002002010020AC
:10597000030380200186804001FCC0C000787F8046
:1059800000001E00000000000000000000000000F9
:105990000000000000000000000000000000000007
:1059A00000000000000000000000000000000000F7
:1059B00000000000000000000000000000000000E7
:1059C00000000000000000000000000000000000D7
:1059D00000000800000038000000480000018800B6
:1059E00000060800000C08100030081000400810E5
:1059F00001FFFFF003FFFFF003FFFFF000000810BE
:105A00000000081000000810000000000000000066
:105A10000000000000000000000000000000000086
:105A20000000000000000000000000000000000076
:105A30000000000000000000000000000000000066
:105A40000000000000000000000000000000000056
:105A50000000000000000780001F864003E10020D6
:105A6000030200200304002003040020030400209C
:105A70000304002003060040030301C00301FF806C
:105A800003007E0000000000000000000000000095
:105A90000000000000000000000000000000000006
:105AA00000000000000000000000000000000000F6
:105AB00000000000000000000000000000000000E6
:105AC00000000000000000000000000000000000D6
:105AD000000000000007FC00003FFF000070C380D2
:105AE000008180C00101006003020020020200204A
:105AF00002020020020200200203004001C180C017
:105B000000C0FF8000007E000000000000000000D8
:105B10000000000000000000000000000000000085
:105B20000000000000000000000000000000000075
:105B30000000000000000000000000000000000065
:105B40000000000000000000000000000000000055
:105B50000000000000F0000003C00000038000000F
:105B600003000000030007E003003FE00301C00062
:105B7000030600000318000003600000038000001B
:105B80000300000000000000000000000000000012
:105B90000000000000000000000000000000000005
:105BA00000000000000000000000000000000000F5
:105BB00000000000000000000000000000000000E5
:105BC00000000000000000000000000000000000D5
:105BD00000001F0000783F8000FC60C0018EC040C4
:105BE00003078020020300200201802002018020A0
:105BF0000201C0200301E040018670C000FC3F802C
:105C000000781F00000000000000000000000000FD
:105C10000000000000000000000000000000000084
:105C20000000000000000000000000000000000074
:105C30000000000000000000000000000000000064
:105C40000000000000000000000000000000000054
:105C5000003F000000FF81C001C0C1C00100602002
:105C600002002020020020200200202002002060EC
:105C7000020040C00100C18000C18F00007FFE0013
:105C8000001FF00000000000000000000000000005
:105C90000000000000000000000000000000000004
:105CA00000000000000000000000000000000000F4
:105CB00000000000000000000000000000000000E4
:105CC00000000000000000000000000000000000D4
:105CD00000000000000000000000000000000000C4
:105CE00000000000000300C0000781E0000781E021
:105CF000000300C0000000000000000000000000E1
:105D00000000000000000000000000000000000093
:105D10000000000000000000000000000000000083
:105D20000000000000000000000000000000000073
:105D30000000000000000000000000000000000063
:105D40000000000000000000000000000000000053
:105D50000000000000000000000000000000000043
:105D60000000000000060066000600780000000049
:105D70000000000000000000000000000000000023
:105D80000000000000000000000000000000000013
:105D90000000000000000000000000000000000003
:105DA00000000000000000000000000000000000F3
:105DB00000000000000000000000000000000000E3
:105DC00000000000000000000000000000000000D3
:105DD00000000000000080000001C000000360001F
:105DE00000063000000C180000180C0000300600FF
:105DF0000060030000C0018001000040020000209C
:105E0000040000100000000000000000000000007E
:105E10000000000000000000000000000000000082
:105E20000000000000000000000000000000000072
:105E30000000000000000000000000000000000062
:105E40000000000000000000000000000000000052
:105E500000041000000410000004100000041000F2
:105E600000041000000410000004100000041000E2
:105E700000041000000410000004100000041000D2
:105E800000041000000410000000000000000000EA
:105E90000000000000000000000000000000000002
:105EA00000000000000000000000000000000000F2
:105EB00000000000000000000000000000000000E2
:105EC00000000000000000000000000000000000D2
:105ED000000000000400001002000020010000404B
:105EE00000C00180006003000030060000180C00B4
:105EF000000C180000063000000360000001C00024
:105F00000000800000000000000000000000000011
:105F10000000000000000000000000000000000081
:105F20000000000000000000000000000000000071
:105F30000000000000000000000000000000000061
:105F40000000000000000000000000000000000051
:105F5000000000000078000001F800000238000096
:105F600002000000040000C0040079E0040081E0A9
:105F7000040100C004030000020200000306000048
:105F800001FC000000F8000000000000000000001C
:105F90000000000000000000000000000000000001
:105FA00000000000000000000000000000000000F1
:105FB00000000000000000000000000000000000E1
:105FC00000000000000000000000000000000000D1
:105FD000000FF800003FFE000070078000C000C006
:105FE0000101F8400307FC20021E042002300820B3
:105FF00002203020023FFC20013F044001800CC001
:1060000000E03180001FC20000000000000000001E
:106010000000000000000000000000000000000080
:106020000000000000000000000000000000000070
:106030000000000000000000000000000000000060
:106040000000000000000000000000000000002030
:1060500000000060000003E000003E200003E0209C
:10606000003E200003E020000380200007FC200009
:10607000003FE0000003FE2000003FE0000001E0E0
:1060800000000020000000200000000000000000D0
:106090000000000000000000000000000000000000
:1060A00000000000000000000000000000000000F0
:1060B00000000000000000000000000000000000E0
:1060C00000000000000000000000000000000000D0
:1060D000020000200200002003FFFFE003FFFFE0BA
:1060E0000201002002010020020100200201002024
:1060F00002010020030300200186806001FCC0C073
:1061000000F87F8000001F00000000000000000079
:10611000000000000000000000000000000000007F
:10612000000000000000000000000000000000006F
:10613000000000000000000000000000000000005F
:10614000000000000000000000000000000000004F
:106150000007F800003FFF000070078000C000C08B
:106160000100004003000020020000200200002087
:10617000020000200200002001000040018000C059
:1061800003C0018000300600000000000000000095
:1061900000000000000000000000000000000000FF
:1061A00000000000000000000000000000000000EF
:1061B00000000000000000000000000000000000DF
:1061C00000000000000000000000000000000000CF
:1061D000020000200200002003FFFFE003FFFFE0B9
:1061E0000200002002000020020000200200002027
:1061F0000300006001000040018000C000F0078043
:10620000007FFE00000FF80000000000000000000A
:10621000000000000000000000000000000000007E
:10622000000000000000000000000000000000006E
:10623000000000000000000000000000000000005E
:10624000000000000000000000000000000000004E
:10625000020000200200002003FFFFE003FFFFE038
:1062600002010020020100200201002002010020A2
:106270000201002002038020020FE02003000060E2
:1062800003C000E000600300000000000000000008
:1062900000000000000000000000000000000000FE
:1062A00000000000000000000000000000000000EE
:1062B00000000000000000000000000000000000DE
:1062C00000000000000000000000000000000000CE
:1062D000020000200200002003FFFFE003FFFFE0B8
:1062E0000201002002010020020100000201000062
:1062F000020100000201000002038000030FE00021
:106300000300000003C00000006000000000000067
:10631000000000000000000000000000000000007D
:10632000000000000000000000000000000000006D
:10633000000000000000000000000000000000005D
:10634000000000000000000000000000000000004D
:106350000007F800003FFE000070078001C001C088
:106360000100004003000020020000200200002085
:1063700002000020010020200100204003C03F80D7
:1063800000303F80000020000000200000000000DE
:1063900000000000000000000000000000000000FD
:1063A00000000000000000000000000000000000ED
:1063B00000000000000000000000000000000000DD
:1063C00000000000000000000000000002000020AB
:1063D0000200002003FFFFE003FFFFE00200802037
:1063E000020080200000800000008000000080008B
:1063F000020080200200802003FFFFE003FFFFE097
:106400000200002002000020000000000000000048
:10641000000000000000000000000000000000007C
:10642000000000000000000000000000000000006C
:10643000000000000000000000000000000000005C
:10644000000000000000000000000000000000004C
:1064500000000000000000000200002002000020F8
:10646000020000200200002003FFFFE003FFFFE026
:106470000200002002000020020000200200002094
:10648000000000000000000000000000000000000C
:1064900000000000000000000000000000000000FC
:1064A00000000000000000000000000000000000EC
:1064B00000000000000000000000000000000000DC
:1064C00000000000000000000000000000000000CC
:1064D0000000000E0000000F0000000F000000018F
:1064E0000200000102000001020000030200000699
:1064F00003FFFFFC03FFFFF80200000002000000A2
:106500000200000002000000000000000000000087
:10651000000000000000000000000000000000007B
:10652000000000000000000000000000000000006B
:10653000000000000000000000000000000000005B
:10654000000000000000000000000000000000004B
:10655000020000200200002003FFFFE003FFFFE035
:106560000200C0200201002000078000000FE000B0
:106570000030F80002603E2003800F20030003E09B
:10658000020000E0020000200000002000000000E7
:1065900000000000000000000000000000000000FB
:1065A00000000000000000000000000000000000EB
:1065B00000000000000000000000000000000000DB
:1065C00000000000000000000000000000000000CB
:1065D000020000200200002003FFFFE003FFFFE0B5
:1065E0000200002002000020000000200000002027
:1065F00000000020000000200000002000000060DB
:10660000000000E0000003000000000000000000A7
:10661000000000000000000000000000000000007A
:10662000000000000000000000000000000000006A
:10663000000000000000000000000000000000005A
:106640000000000000000000000000000200002028
:106650000200002003FFFFE003E0002003FF002012
:10666000001FF0000001FF8000000FE000001E008E
:106670000003E000003E002003E0002003FFFFE0F5
:1066800003FFFFE0020000200200002000000000E5
:1066900000000000000000000000000000000000FA
:1066A00000000000000000000000000000000000EA
:1066B00000000000000000000000000000000000DA
:1066C00000000000000000000000000002000020A8
:1066D0000200002003FFFFE00380002003F0002001
:1066E00000FC0000001F00000007C0000001F000D7
:1066F00000007C0002001F80020007E003FFFFE0B3
:106700000200000002000000000000000000000085
:106710000000000000000000000000000000000079
:106720000000000000000000000000000000000069
:106730000000000000000000000000000000000059
:106740000000000000000000000000000000000049
:10675000000FF800003FFE0000F00780018000C03D
:106760000100004002000020020000200200002082
:106770000200002001000040018000C000F0038002
:10678000003FFE00000FF8000000000000000000C5
:1067900000000000000000000000000000000000F9
:1067A00000000000000000000000000000000000E9
:1067B00000000000000000000000000000000000D9
:1067C00000000000000000000000000000000000C9
:1067D000020000200200002003FFFFE003FFFFE0B3
:1067E0000200802002008020020080000200800061
:1067F000020080000200800003018000018300008D
:1068000000FE0000007C000000000000000000000E
:106810000000000000000000000000000000000078
:106820000000000000000000000000000000000068
:106830000000000000000000000000000000000058
:106840000000000000000000000000000000000048
:10685000000FF800007FFF0000F00380018001C0FE
:10686000010006400200042002000420020006206D
:10687000020003E0010000F80180005C00E0038CEE
:10688000003FFF0C000FFC1800000000000000009B
:1068900000000000000000000000000000000000F8
:1068A00000000000000000000000000000000000E8
:1068B00000000000000000000000000000000000D8
:1068C00000000000000000000000000000000000C8
:1068D000020000200200002003FFFFE003FFFFE0B2
:1068E0000201002002010020020180000201E000FC
:1068F0000201FC0003033F80018607E001FC00E089
:1069000000F800200000002000000000000000004F
:106910000000000000000000000000000000000077
:106920000000000000000000000000000000000067
:106930000000000000000000000000000000000057
:106940000000000000000000000000000000000047
:10695000000000000078060000FE01E0018600C093
:106960000303004002030020020180200201802076
:106970000201C0200200C0200100E060018070C060
:1069800003E03F8000001F00000000000000000046
:1069900000000000000000000000000000000000F7
:1069A00000000000000000000000000000000000E7
:1069B00000000000000000000000000000000000D7
:1069C00000000000000000000000000000000000C7
:1069D00000600000038000000300000002000000CF
:1069E000020000200200002003FFFFE003FFFFE0A1
:1069F000020000200200002002000000020000004F
:106A00000380000000E00000000000000000000023
:106A10000000000000000000000000000000000076
:106A20000000000000000000000000000000000066
:106A30000000000000000000000000000000000056
:106A40000000000000000000000000000200000044
:106A50000200000003FFFF0003FFFFC00200004030
:106A60000200006000000020000000200000002064
:106A700000000020020000400200008003FFFF0031
:106A80000200000002000000000000000000000002
:106A900000000000000000000000000000000000F6
:106AA00000000000000000000000000000000000E6
:106AB00000000000000000000000000000000000D6
:106AC00000000000000000000000000000000000C6
:106AD000020000000200000003C0000003FC0000F0
:106AE000023FC0000003F80000007F80000007E0C4
:106AF00000000780000078000203C000023C000094
:106B000003C00000020000000200000000000000BE
:106B10000000000000000000000000000000000075
:106B20000000000000000000000000000000000065
:106B30000000000000000000000000000000000055
:106B40000000000000000000000000000200000043
:106B500003C0000003FF8000023FFE0002007FE050
:106B600000000F000200F00003EF000003FF8000B0
:106B7000020FFE0000003FE000001F000207E000DF
:106B800003F8000003000000020000000000000005
:106B900000000000000000000000000000000000F5
:106BA00000000000000000000000000000000000E5
:106BB00000000000000000000000000000000000D5
:106BC00000000000000000000000000000000000C5
:106BD0000200002002000020038000E003F00320F8
:106BE00002FC0C20021F30000007C0000007F0006C
:106BF00002187C0002601F20038003E0020000E016
:106C00000200002000000020000000000000000042
:106C10000000000000000000000000000000000074
:106C20000000000000000000000000000000000064
:106C30000000000000000000000000000000000054
:106C40000000000000000000000000000000000044
:106C5000020000000300000003C0000003F8000071
:106C6000023E0020020FC0200001FFE000007FE094
:106C700000038020021C002002700000038000003E
:106C80000200000002000000000000000000000000
:106C900000000000000000000000000000000000F4
:106CA00000000000000000000000000000000000E4
:106CB00000000000000000000000000000000000D4
:106CC00000000000000000000000000000000000C4
:106CD00000000020006000E0038003E003000FA03C
:106CE00002003E200200F8200203E020020F802074
:106CF000023E00200278002003E00060038000E0F4
:106D0000020003000000000000000000000000007E
:106D10000000000000000000000000000000000073
:106D20000000000000000000000000000000000063
:106D30000000000000000000000000000000000053
:106D40000000000000000000000000000000000043
:106D50000000000000000000000000000000000033
:106D6000000000001FFFFFFC1000000410000004E2
:106D700010000004100000041000000410000004C3
:106D800010000004000000000000000000000000EF
:106D900000000000000000000000000000000000F3
:106DA00000000000000000000000000000000000E3
:106DB00000000000000000000000000000000000D3
:106DC00000000000000000000000000000000000C3
:106DD00000000000000000000700000003C00000E9
:106DE00000780000001E00000003C0000000F0005A
:106DF00000001E0000000780000000F00000003CC2
:106E0000000000060000000000000000000000007C
:106E10000000000000000000000000000000000072
:106E20000000000000000000000000000000000062
:106E30000000000000000000000000000000000052
:106E40000000000000000000000000000000000042
:106E500000000000100000041000000410000004F6
:106E600010000004100000041000000410000004D2
:106E70001FFFFFFC000000000000000000000000F9
:106E80000000000000000000000000000000000002
:106E900000000000000000000000000000000000F2
:106EA00000000000000000000000000000000000E2
:106EB00000000000000000000000000000000000D2
:106EC00000000000000000000000000000000000C2
:106ED00000000000000000000000000002000000B0
:106EE000040000000800000018000000100000006E
:106EF000180000001800000004000000020000005C
:106F00000000000000000000000000000000000081
:106F10000000000000000000000000000000000071
:106F20000000000000000000000000000000000061
:106F30000000000000000000000000000000000051
:106F40000000000000000000000000000000000140
:106F5000000000010000000100000001000000012D
:106F6000000000010000000100000001000000011D
:106F7000000000010000000100000001000000010D
:106F800000000001000000010000000100000000FE
:106F900000000000000000000000000000000000F1
:106FA00000000000000000000000000000000000E1
:106FB00000000000000000000000000000000000D1
:106FC00000000000000000000000000000000000C1
:106FD0000000000000000000100000001000000091
:106FE000100000001800000008000000040000006D
:106FF0000000000000000000000000000000000091
:107000000000000000000000000000000000000080
:107010000000000000000000000000000000000070
:107020000000000000000000000000000000000060
:107030000000000000000000000000000000000050
:107040000000000000000000000000000000000040
:107050000000038000018FC000038C600006182030
:107060000004102000041020000420200004204010
:10707000000620400003FFC00001FFE000000020E8
:1070800000000020000000C0000000000000000020
:1070900000000000000000000000000000000000F0
:1070A00000000000000000000000000000000000E0
:1070B00000000000000000000000000000000000D0
:1070C00000000000000000000000000000000000C0
:1070D000020000000200000003FFFFE007FFFFC006
:1070E000000180C0000200600002002000040020B7
:1070F000000400200004002000060040000300C03F
:107100000001FF800000FE00000000000000000001
:10711000000000000000000000000000000000006F
:10712000000000000000000000000000000000005F
:10713000000000000000000000000000000000004F
:10714000000000000000000000000000000000003F
:107150000000000000007E000001FF80000381C0ED
:10716000000200400006002000040020000400206F
:1071700000040020000600200003C0400001C08081
:1071800000000300000000000000000000000000FC
:1071900000000000000000000000000000000000EF
:1071A00000000000000000000000000000000000DF
:1071B00000000000000000000000000000000000CF
:1071C00000000000000000000000000000000000BF
:1071D0000000000000007E000001FF80000380C06E
:1071E00000060060000400200004002000040020CD
:1071F000020400400202008003FFFFE007FFFFC01F
:1072000000000040000000400000000000000000FE
:10721000000000000000000000000000000000006E
:10722000000000000000000000000000000000005E
:10723000000000000000000000000000000000004E
:10724000000000000000000000000000000000003E
:107250000000000000007E000001FF80000311C05C
:1072600000021040000410600004102000041020F0
:107270000004102000061020000310400001F0C0A0
:10728000000071000000000000000000000000008D
:1072900000000000000000000000000000000000EE
:1072A00000000000000000000000000000000000DE
:1072B00000000000000000000000000000000000CE
:1072C00000000000000000000000000000000000BE
:1072D0000000000000040000000400200004002062
:1072E00000040020007FFFE001FFFFE00104002018
:1072F0000304002002040020020400200204000015
:107300000200000001C0000001C0000000000000F9
:10731000000000000000000000000000000000006D
:10732000000000000000000000000000000000005D
:10733000000000000000000000000000000000004D
:10734000000000000000000000000000000000003D
:10735000000000000000001C0000E33E0003FFC22C
:1073600000020CC3000404C1000404C1000404C1F1
:10737000000404C100060CC10003F8C30005F0625C
:107380000006007E0006003C000000000000000037
:1073900000000000000000000000000000000000ED
:1073A00000000000000000000000000000000000DD
:1073B00000000000000000000000000000000000CD
:1073C00000000000000000000000000000000000BD
:1073D000020000200200002003FFFFE007FFFFE0A3
:1073E0000001002000020020000600000004000050
:1073F0000004000000040020000600200003FFE05D
:107400000001FFE00000002000000020000000005C
:10741000000000000000000000000000000000006C
:10742000000000000000000000000000000000005C
:10743000000000000000000000000000000000004C
:10744000000000000000000000000000000000003C
:1074500000000000000000000004002000040020E4
:1074600000040020000400200387FFE0038FFFE0FA
:107470000380002000000020000000200000002009
:1074800000000000000000000000000000000000FC
:1074900000000000000000000000000000000000EC
:1074A00000000000000000000000000000000000DC
:1074B00000000000000000000000000000000000CC
:1074C00000000000000000000000000000000000BC
:1074D000000000000000000000000006000000079F
:1074E0000000000100000001000400010004000190
:1074F00000040003000400060387FFFC038FFFF86D
:1075000003800000000000000000000000000000F8
:10751000000000000000000000000000000000006B
:10752000000000000000000000000000000000005B
:10753000000000000000000000000000000000004B
:10754000000000000000000000000000000000003B
:10755000020000200200002003FFFFE007FFFFE021
:107560000000082000001020000030000000FC0097
:1075700000058E00000707A0000601E0000400E0FF
:1075800000040020000000200000000000000000B7
:1075900000000000000000000000000000000000EB
:1075A00000000000000000000000000000000000DB
:1075B00000000000000000000000000000000000CB
:1075C00000000000000000000000000000000000BB
:1075D0000000000000000000020000200200002067
:1075E000020000200200002003FFFFE007FFFFE091
:1075F000000000200000002000000020000000200B
:10760000000000000000000000000000000000007A
:10761000000000000000000000000000000000006A
:10762000000000000000000000000000000000005A
:10763000000000000000000000000000000000004A
:10764000000000000000000000000000000000003A
:10765000000400200007FFE0000FFFE00002002010
:1076600000040000000400200007FFE00003FFE02A
:107670000002002000040000000400200007FFE0DA
:107680000003FFE0000000200000000000000000F8
:1076900000000000000000000000000000000000EA
:1076A00000000000000000000000000000000000DA
:1076B00000000000000000000000000000000000CA
:1076C00000000000000000000000000000000000BA
:1076D00000040020000400200007FFE0000FFFE08E
:1076E0000001002000020020000200000004000051
:1076F0000004000000040020000600200003FFE05A
:107700000001FFE000000020000000200000000059
:107710000000000000000000000000000000000069
:107720000000000000000000000000000000000059
:107730000000000000000000000000000000000049
:107740000000000000000000000000000000000039
:107750000000000000007E000000FF80000381C0E8
:107760000002004000060020000400200004002069
:10777000000400200006002000020040000381C039
:107780000001FF8000007E000000000000000000FB
:1077900000000000000000000000000000000000E9
:1077A00000000000000000000000000000000000D9
:1077B00000000000000000000000000000000000C9
:1077C00000000000000000000000000000000000B9
:1077D00000040001000400010007FFFF000FFFFF8D
:1077E000000100C10002004100040020000400204C
:1077F000000400200004002000060040000301C037
:107800000001FF8000007E0000000000000000007A
:107810000000000000000000000000000000000068
:107820000000000000000000000000000000000058
:107830000000000000000000000000000000000048
:107840000000000000000000000000000000000038
:107850000000000000007E000001FF80000380C0E7
:10786000000200600004002000040020000400204A
:107870000004002000020041000300C10003FFFFDC
:107880000007FFFF000000010000000100000000F1
:1078900000000000000000000000000000000000E8
:1078A00000000000000000000000000000000000D8
:1078B00000000000000000000000000000000000C8
:1078C00000000000000000000000000000000000B8
:1078D0000004002000040020000400200004002018
:1078E000000FFFE0000FFFE00000C02000010020BB
:1078F0000002002000060020000400000004000038
:10790000000700000003000000000000000000006D
:107910000000000000000000000000000000000067
:107920000000000000000000000000000000000057
:107930000000000000000000000000000000000047
:107940000000000000000000000000000000000037
:1079500000000000000003E00001C0E00003E04080
:1079600000063020000430200004182000041820F5
:107970000004182000040C2000020C60000307C063
:1079800000078380000000000000000000000000ED
:1079900000000000000000000000000000000000E7
:1079A00000000000000000000000000000000000D7
:1079B00000000000000000000000000000000000C7
:1079C00000000000000000000000000000000000B7
:1079D000000000000004000000040000000400009B
:1079E000000C0000001FFF8000FFFFC000040060CB
:1079F00000040020000400200004002000040040D7
:107A000000000180000000000000000000000000F5
:107A10000000000000000000000000000000000066
:107A20000000000000000000000000000000000056
:107A30000000000000000000000000000000000046
:107A40000000000000000000000000000000000036
:107A500000040000000400000007FF80000FFFC0CA
:107A60000000006000000020000000200000002056
:107A70000000002000040040000400800007FFE038
:107A8000000FFFC0000000400000004000000000A8
:107A900000000000000000000000000000000000E6
:107AA00000000000000000000000000000000000D6
:107AB00000000000000000000000000000000000C6
:107AC00000000000000000000000000000000000B6
:107AD0000004000000040000000780000007F00020
:107AE0000004FE0000041FC0000003E0000003804B
:107AF00000001C0000046000000780000006000079
:107B00000004000000000000000000000000000071
:107B10000000000000000000000000000000000065
:107B20000000000000000000000000000000000055
:107B30000000000000000000000000000000000045
:107B40000000000000000000000000000004000031
:107B5000000600000007C0000007FC0000043F8092
:107B6000000003E000040F800006F0000007F000B2
:107B70000007FF8000040FE00000038000043C00C9
:107B80000007C00000060000000400000000000024
:107B900000000000000000000000000000000000E5
:107BA00000000000000000000000000000000000D5
:107BB00000000000000000000000000000000000C5
:107BC00000000000000000000000000000000000B5
:107BD000000000200004002000040060000700E016
:107BE000000783200007E6000004F80000003C00C6
:107BF00000045E20000587A0000601E0000400608C
:107C00000004002000000020000000000000000030
:107C10000000000000000000000000000000000064
:107C20000000000000000000000000000000000054
:107C30000000000000000000000000000000000044
:107C40000000000000000000000000000000000034
:107C50000004000000040003000700030007E00127
:107C60000004F80100041F02000007FC000000E00F
:107C700000000700000438000007C00000060000F4
:107C800000040000000400000000000000000000EC
:107C900000000000000000000000000000000000E4
:107CA00000000000000000000000000000000000D4
:107CB00000000000000000000000000000000000C4
:107CC00000000000000000000000000000000000B4
:107CD0000000000000078060000600E0000403E0F0
:107CE000000407A000040E2000043C2000047020C3
:107CF0000005E0200007802000070060000400E08D
:107D000000000380000000000000000000000000F0
:107D10000000000000000000000000000000000063
:107D20000000000000000000000000000000000053
:107D30000000000000000000000000000000000043
:107D40000000000000000000000000000000000033
:107D50000000000000000000000000000000000023
:107D60000000000000000000000080000000800013
:107D70000001400007FE3FF8080000041000000268
:107D800010000002000000000000000000000000E1
:107D900000000000000000000000000000000000E3
:107DA00000000000000000000000000000000000D3
:107DB00000000000000000000000000000000000C3
:107DC00000000000000000000000000000000000B3
:107DD00000000000000000000000000000000000A3
:107DE000000000000000000000000000FFFFFFFF97
:107DF0000000000000000000000000000000000083
:107E00000000000000000000000000000000000072
:107E10000000000000000000000000000000000062
:107E20000000000000000000000000000000000052
:107E30000000000000000000000000000000000042
:107E40000000000000000000000000000000000032
:107E500000000000100000021000000208000004F2
:107E600007FE3FF800014000000080000000800095
:107E70000000000000000000000000000000000002
:107E800000000000000000000000000000000000F2
:107E900000000000000000000000000000000000E2
:107EA00000000000000000000000000000000000D2
:107EB00000000000000000000000000000000000C2
:107EC00000000000000000000000000000000000B2
:107ED00018000000300000004000000040000000DA
:107EE00040000000200000003000000008000000FA
:107EF0000400000002000000020000000200000078
:107F00000C0000001800000000000000000000004D
:107F10000000000000000000000000000000000061
:107F20000000000000000000000000000000000051
:107F30000000000000000000000000000000000041
:107F40000000000000000000000000000300090025
:107F50000F0015001B00508158816081688170817D
:107F600060E001200305350002081E08503C0F05A3
:107F70000000FF67500000181A1E1489280A302ECE
:107F8000BB0A03000002331D0000000000000032A5
:107F900000002A1C5A94C50207000000B51F00907B
:107FA0002800773200623F0052500052000000006B
:107FB00000000000000000000000000000000000C1
:107FC0000000000F0F03061042F80F14000000001D
:107FD0001A18161412100E0C0A08000000000000F7
:107FE0000000000000000000000000000000292840
:107FF0002422201F1E1D0E0C0A080605040200FF85
:108000000000000000000000000000FFFFFFFFFF75
:10801000FFFFFFFFFFFFFFFF5081588160816881F4
:10802000708141000520030A3D20010A280F6E5A85
:10803000030500000000000000181A1E148F2FAA6C
:1080400026240C0800000081032D00000000000021
:1080500000000000001A3C94C502070000049E1CAA
:1080600000892100772700682E005B37005B000045
:108070000000000000000000000000000000000000
:1080800000000000000000000000000000000000F0
:10809000000019181716151411100F0E0D0C0908F1
:1080A00007060504010000000000000000000000B9
:1080B0000002040607080A0C0D0F10111213141900
:1080C0001B1C1E1F20212223242526272829FFFFD1
:1080D000000000000000000000005D015081588198
:1080E00060816881708178818081888190819881A8
:1080F000000100050010001400180000A801050888
:108100000000000025C9020881CA02080000000022
:1081100041CE0208820082004A020000000001E015
:1081200001E0000000FF0055AAFF0024496D92B64F
:10813000DBFF00112233445566778899AABBCCDD5A
:10814000EEFF000102030405060708090A0B0C0DE7
:108150000E0F101112131415161718191A1B1C1DC7
:108160001E1F202122232425262728292A2B2C2DB7
:108170002E2F303132333435363738393A3B3C3DA7
:108180003E3F404142434445464748494A4B4C4D97
:108190004E4F505152535455565758595A5B5C5D87
:1081A0005E5F606162636465666768696A6B6C6D77
:1081B0006E6F707172737475767778797A7B7C7D67
:1081C0007E7F808182838485868788898A8B8C8D57
:1081D0008E8F909192939495969798999A9B9C9D47
:1081E0009E9FA0A1A2A3A4A5A6A7A8A9AAABACAD37
:1081F000AEAFB0B1B2B3B4B5B6B7B8B9BABBBCBD27
:10820000BEBFC0C1C2C3C4C5C6C7C8C9CACBCCCD16
:10821000CECFD0D1D2D3D4D5D6D7D8D9DADBDCDD06
:10822000DEDFE0E1E2E3E4E5E6E7E8E9EAEBECEDF6
:10823000EEEFF0F1F2F3F4F5F6F7F8F9FAFBFCFDE6
:10824000FEFF808080818182828384858687898AFF
:108250008C8D8F91939597999B9EA0A2A5A7AAAD6F
:10826000AFB2B500FF1FFF1F01E001E021002000B9
:108270000A080B080D300C300E380F38640063000C
:1082800000000000008104087515020800000000CD
:108290000000000000000000C300C300041C000038
:1082A00000810408996F030800000000000000002E
:1082B0000000000064202B00000000000081040882
:1082C000957003080000000000000000000000009E
:1082D0006420D12700000000008104085F18020814
:1082E000D5180208000000004519020864200401A6
:1082F000C008000000810408192C020800000000DA
:1083000000000000712C02080401040101040000B7
:108310000CFF04088995020800000000000000001E
:108320000000000064203220010400004805050818
:108330007806050890060508180705087C06050854
:108340008406050898060508880605085C060508E1
:108350007006050874060508B40605083805050802
:10836000CC050508400605088006050850060508E6
:1083700054060508580605084C020508600605085D
:108380006406050854020508BC06050838050508FA
:108390003C060508740505089C06050894060508B2
:1083A0004C0605088C060508440605086C060508F9
:1083B00068060508780505086C050508A805050880
:1083C00038050508B8060508AC0605083C0505088B
:1083D000B0060508A8060508F4060508950104027C
:1083E000040204020402040204020402040204025D
:1083F0000402870096010302030203020302030240
:1084000003020302030203028700810281020102C8
:108410000102010201020102010201028102810244
:10842000810292018200060082009201480505083F
:108430000806050820060508D80505080C060508E5
:10844000140605082806050818060508E8050508A5
:108450000006050804060508B406050838050508E1
:1084600048060508C405050810060508D4050508D2
:10847000DC050508E0050508E4050508EC05050828
:10848000F0050508F4050508BC06050838050508CB
:108490003C060508740505082C0605082406050891
:1084A000D00505081C060508C8050508FC050508D3
:1084B000F8050508780505086C050508A8050508F0
:1084C00038050508B8060508AC0605083C0505088A
:1084D000B0060508A8060508F4060508950104027B
:1084E000040204020402040204020402040204025C
:1084F000040287009601030203020302030203023F
:1085000003020302030203028700810281020102C7
:108510000102010201020102010201028102810243
:108520008102920182000600820092018405050802
:10853000880505088C0505089005050894050508BB
:10854000980505089C050508A0050508A40505086B
:1085500080050508B406050838050508480605081D
:1085600068050508740505087C0505086405050807
:10857000B40505085405050840050508BC050508AF
:108580004C050508B0050508B805050838050508B7
:1085900034060508C0050508500505085C050508F2
:1085A00060050508A0060508A406050830060508AC
:1085B00038060508AC0505084405050858050508F2
:1085C00038050508B8060508AC0605083C05050889
:1085D000B0060508A8060508F40605080102010210
:1085E0000102010201020102010201020102010273
:1085F0008200920101020102010201020102010254
:108600000102010201020102010201020102010252
:108610000102010201020102010201020102010242
:108620000102920182000600820092018405050881
:10863000880505088C050508B806050838050508ED
:10864000900505089405050898050508A80605087D
:10865000380505089C050508A0050508A4050508BA
:10866000B4060508380505087005050880050508E5
:1086700078050508AC060508B0060508F4060508E7
:1086800001000100010092010100010001009201BE
:1086900001000100010002000100010001000100D1
:1086A000010000000081040861AB02080000000026
:1086B0000000000081AB02081A001A0080020000CE
:1086C000008104080000000000000000000000001D
:1086D00000000000C300040100000000F0FE0408D8
:1086E000000000000000000000000000000000008A
:1086F000000000000000000098FF040800000000D7
:108700000000000000000000000000000000000069
:10871000000000000081040849B70208D1B802082F
:108720000000000000000000C3000401400600003B
:108730000081040801B9020837B9020800000000EE
:10874000000000006420D12780020000008104089E
:10875000ADB80208000000000000000000000000AA
:108760006420D1270000000000810408DFB902085E
:108770000000000000000000000000006420D1277D
:10878000000000000081040800000000000000005C
:108790000000000000000000D127D12700000000E9
:1087A000008104080000000000000000000000003C
:1087B000000000000000000000000000008104082C
:1087C00000000000000000000000000000000000A9
:1087D000000000000000000000810408000000000C
:1087E0000000000000000000000000000000000089
:1087F00000000000008104080000000000000000EC
:108800000000000000000000000000000000000068
:108810000081040875BB020893BB02080000000039
:10882000B1BB020800000000C00300000081040882
:108830000000000000000000000000000000000038
:108840000401D1278003000000810408000000001B
:108850000000000000000000000000006420D1279C
:108860004002000000810408000000000000000039
:1088700000000000000000006420642040020000AE
:108880005C000508A12A03080000000000000000A9
:10889000692B03080000000041070000B8FE04082F
:1088A000692F030800000000000000000000000025
:1088B0000000000000000000008104086D41030872
:1088C000D1420308000000003D43030864206420F7
:1088D000000300000081040861500308000000004C
:1088E0000000000000000000000000008002000006
:1088F000008104089D5003080000000000000000F3
:108900000000000000000000800200000081040858
:10891000295D0308000000000000000000000000C6
:1089200064206420400200000EA0D90D90C80C8085
:10893000B70A60110B80D91F0991F0881F0880F0D9
:1089400088000000000D203C00000F0069002FFF90
:10895000FFFFF7015C11A610006900C3000088004A
:10896000D2009FFFFFFFF012C523E22000D203C018
:108970000000F004B0000000700000000E000000D5
:1089800000E0000019EFEA300CD6E6A702F40E0072
:10899000001F80E000006FEF50000016FFE50000B0
:1089A0000E0AF00100E05F13F85E6EB005CFFE9195
:1089B00000000E0000000070000008DD3000A7007D
:1089C0004B02D004C0007700D01D20004B03D0A77D
:1089D000000007DC34C4CC3000001D2D22D0000084
:1089E000A63B00B30005C03A00A3001D200D00D037
:1089F00000A60004CC40004DFC300000F718C00079
:108A000001F205D00000BB6E4000005FF3000007DC
:108A1000E6DB03802F301DBAA05F0001DF401FB4EA
:108A200048FEC003BFFC40B200000000001F01F080
:108A30001F00F0000003F10B900F404F007D009BE2
:108A400000AA00AA009B007D004F000F400B90037E
:108A5000F15E000E6008C004F001F300F500E600CE
:108A6000E600F501F304F008C00E605E000093001C
:108A700088A6C209FE404DDDB1429350005200006D
:108A80000450000008A0000008A0001FFFFFF3032F
:108A900039B3300008A0000008A0000103F61E60F2
:108AA000E12C00000003FFF90333100003F52E4012
:108AB00000000E400004E000009A00000E40000498
:108AC000F000009A00000E400003F000009A000041
:108AD0000E500003F000009A00000E500003F0005A
:108AE00000004CFE70004FB68F900DB0005F32F466
:108AF0000000E74F20000CA4F20000CA2F40000E37
:108B000070DB0005F204FB68F90004CFE700EFFB1F
:108B100044CB00AB00AB00AB00AB00AB00AB00AB99
:108B200000AB07DFEA108E857EC0010006F1000071
:108B300006F000000D900000CC00001CC00001DB1E
:108B400000001DE544427FFFFFF97FFFFFF0244452
:108B50005F900000BC000009E100003FD810000455
:108B60006DD0000002F4100002F4BD757DD019DF55
:108B7000EA1000000DA0000000AC00000007E100BA
:108B800000004F40100002F600F5001DA000F500A7
:108B90007FFFFFFFF3133333F730000000F50000D1
:108BA0000000F50009FFFFF00AB444400C8000000B
:108BB0000E7000000FFFFC4003345CF2000000F771
:108BC000100000F78E856CF108DFFB30002AEFD52E
:108BD000003FD657400CC0000002F40000004F5B7D
:108BE000FFA104FE845DD03F80003F30E80003F227
:108BF00006F845DC0005DFE9109FFFFFFD9D4444BA
:108C0000E99C0004F200000BB000002F400000AD12
:108C1000000001F6000008E000000E8000006F1068
:108C200000019EFE9100BE636EC00F60006F00CC1D
:108C3000202BC002EFFFE200DC424CD05F20001F7F
:108C400055F20002F50ED535DE001AEFEA1003BF2B
:108C5000EA202FA44BE18E0000E99D0000DD4F715A
:108C600029FF07FFFC9E000210AC000002F607651A
:108C70008FB00AEFD7002E53F50000000000003F30
:108C800052E42E53F50000000000002E52F60D2194
:108C9000D001000000003100006CF2018ED6000F00
:108CA000C300000AFB40000017EE70000005C3007F
:108CB0000000001FFFFFF30333333000000000000B
:108CC0000000001FFFFFF303333330040000000EE9
:108CD000D71000005CF92000002AF20003AFB106B3
:108CE000DE82001C6000000000000007DFEA109E2A
:108CF000746EC0010006F0000009C000008E200064
:108D000006F2000008700000000000000B80000068
:108D10000C900000006CEFDA4000003DA41016D962
:108D20000001E509EE98CA900A80BD43AFC0D30F99
:108D300013F2000CC0693C06D00007C03B4B06D0C4
:108D40000007C02C3C03F2000CC04A0F10BD439E2C
:108D5000E3C50A8009EE91CF9001E5000000000014
:108D6000003DA41028000000007CEFD91000000096
:108D70000CF1000000003FD700000000B96E0000B9
:108D80000002F20E50000009A007D000001F3000C2
:108D9000F400007FFFFFFB0000E733334F2005F0B6
:108DA00000000C900C90000006F18FFFFEC408E359
:108DB000334BF28E00001F58E00018F18FFFFFF8D0
:108DC00008E33337F68E000009C8E000009D8E33BB
:108DD000347F78FFFFFD700007CFFB4000CF966A1D
:108DE000F50AE20000301F600000004F2000000084
:108DF0004F200000001F600000000AE20000300168
:108E0000CF966AF50007DFFB408FFFFEA4008E447B
:108E100046CF708E000007F38E000000DA8E00004F
:108E2000009D8E0000009D8E000000DA8E0000077D
:108E3000F38E4446BF708FFFFEA4008FFFFFF68EB7
:108E40004444418E0000008E0000008FFFFFC08E62
:108E50003333208E0000008E0000008E4444428F89
:108E6000FFFFF98FFFFFF68E4444418E0000008E15
:108E70000000008E0000008FFFFFC08E3333208E75
:108E80000000008E0000008E0000000007CFFC50A4
:108E900000CF966AF60AE20000201F600000004F33
:108EA000200000004F200000B91F600000B90AE355
:108EB0000000B900CF966AF80007DFFC608E000062
:108EC00008E8E000008E8E000008E8E000008E8FC9
:108ED000FFFFFFE8E333339E8E000008E8E0000068
:108EE0008E8E000008E8E000008E8E8E8E8E8E8EB4
:108EF0008E8E8E8E02FFFFC00444BC000009C000AD
:108F0000009C000009C000009C000009C02000BABD
:108F10000EB58F603CFE808E00004F508E0004F630
:108F2000008E003F70008E03F800008E2EC00000FF
:108F30008EECF600008FB07F30008E000AE1008ECC
:108F40000000CC008E00001EA08E0000008E0000ED
:108F5000008E0000008E0000008E0000008E0000D9
:108F6000008E0000008E0000008E4444408FFFFF02
:108F7000F28E00000008E8F7000002FE8FF100000A
:108F8000BFE8DCA0004F9E8D2F300D87E8D09C06F7
:108F9000E07E8D01E7E507E8D006FC007E8D000A43
:108FA0002007E8D00000007E8E100008E8FC0000DA
:108FB0008E8FF90008E8E6F6008E8E09F308E8E0E7
:108FC0000CE18E8E001EB8E8E0003FEE8E00006FD0
:108FD000E8E00000AE0007CFEB500000CF966BF941
:108FE000000AE200005F601F6000000AD04F20000E
:108FF0000006F04F20000006F01F6000000AD00AB3
:10900000E200005F6000CF966BFA000007DFEB50D4
:10901000008FFFFD7008E4458FB08E00005F38E0E0
:109020000001F58E00003F48E0014DD08FFFFFB2F8
:1090300008E33310008E00000008E0000000000785
:10904000CFEB500000CF966BF9000AE200005F60A2
:109050001F6000000AD04F20000006F04F200000E3
:1090600005F01F6000000AD00AE200005F6001DF27
:10907000855AFA000008DFFC5000000001EC219442
:109080000000001BFFC10000000012008FFFFD70F8
:1090900008E4458FB08E00005F38E00001F58E00D7
:1090A000003F38E0014DD08FFFFFC208E333DA0004
:1090B0008E0002F608E00005F3019EFDA200CE64DA
:1090C0006B702F40000001F800000006FD950000C5
:1090D000016AEE500000009F00200005F13FA54707
:1090E000EB004BEFE910FFFFFFFF2444BD444000BD
:1090F00009C00000009C00000009C00000009C00A6
:10910000000009C00000009C00000009C000000031
:109110009C00009C00000BA9C00000BA9C00000B42
:10912000A9C00000BA9C00000BA9C00000BA8E00C4
:10913000000D94F40003F50CF868FD0009EFE91048
:109140000CB000000AC05F200001F500E900008EAD
:109150000008F0000E70001F6005F10000AD00C9AE
:10916000000003F43F3000000CBAC00000005FF5BF
:1091700000000000EE00006F10000DB00002F21FB2
:1091800060003FF10008D00BB0008BE6000D7006C8
:10919000F000E69B002F2001F503F14F108D000039
:1091A000CA09B00E60D800006F0E6009B2F300006B
:1091B0001F9F1004F9D000000CFB0000EF8000009E
:1091C00007F600009F30003F50000DA008F2009D00
:1091D0000000CC04F300002F9E70000006FC00008D
:1091E0000009FE1000004F4DB00001E802F7000B2F
:1091F000D0007F207F20000BD00CB000009C002FFF
:1092000050002F30009E000C900000E805F1000097
:1092100005F3E60000000CFD000000003F400000E8
:109220000002F3000000002F3000000002F30000F5
:109230004FFFFFFF9144444AF3000003F600000192
:10924000EA000000CC0000009E1000006F4000000B
:109250003F7000001ED4444436FFFFFFFC8FF68DA4
:10926000318D008D008D008D008D008D008D008D65
:10927000008D008D008D318FF65D000000F2000042
:109280000B8000006D000001F200000B8000006DFB
:10929000000001F200000B7000006D000001F20000
:1092A000000B7000006D000001F2BFF325F302F324
:1092B00002F302F302F302F302F302F302F302F306
:1092C00002F325F3BFF300AD00001EC4000885A023
:1092D00000E20E105B00970B5002E0EEEEEEE00BAA
:1092E000C00009B004CFEA100B745DB0000004F0B8
:1092F00004CEEEF21F8214F24F1004F21F703DF202
:1093000004DFD7F2BA000000BA000000BA00000083
:10931000BA8EFC30BFD54BF3BE1000CABA00007E37
:10932000BA00007EBE1000CABFD55BF3B98EFC3018
:10933000007DFD6009F748F42F5000205F00000019
:109340005F0000002F50002009F748F4007DFD6009
:109350000000001F40000001F40000001F4008EF63
:10936000C4F40AF748FF42F50007F45F00002F45F8
:10937000F00001F42F50006F40AE637EF4008EFCCD
:109380004F40008EFC400AD538F42F20008C5FEE51
:10939000EEFF5F2111112F70001009F846E4007DE7
:1093A000FE80009EE305F44108C000CFFFF029D302
:1093B0002008D00008D00008D00008D00008D00055
:1093C00008D000007EFC4E60AF747FF62F50005F27
:1093D00065F00000F65F00000F62F60006F609F780
:1093E00047FF5007EFC4F50000003F20CB646EB08C
:1093F00003AEFD8000BA000000BA000000BA000011
:1094000000BA8EFB20BFC56DD0BE0003F2BA0000CB
:10941000F4BA0000F5BA0000F5BA0000F5BA000091
:10942000F5BAA800BABABABABABABABA000AB0005B
:109430009900000000AB000AB000AB000AB000AB1E
:10944000000AB000AB000AB000AA064E71DFA0BA55
:10945000000000BA000000BA000000BA001CC0BA48
:1094600001CC00BA1CD100BBCF6000BFDBE100BD66
:1094700011DC00BA003F70BA0007F3BABABABABA40
:10948000BABABABABABAB99EFA15DFD40BFB45ED2F
:10949000E64AF2BE0006F6000E7BA0004F2000C98F
:1094A000BA0003F1000C9BA0003F1000C9BA0003F2
:1094B000F1000C9BA0003F1000C9B99EFB20BFB477
:1094C0005DD0BE0003F2BA0000F4BA0000F5BA00A5
:1094D00000F5BA0000F5BA0000F5007DFD60009FC0
:1094E000748F702F50007F05F00001F35F00002F94
:1094F00032F50007F009F748F70007DFD600B98E0C
:10950000FC30BFC43AF3BE1000CABA00007EBA00F5
:10951000007EBE1000CABFD55BF3BA7EFC30BA0035
:109520000000BA000000BA000000008EFC3F40AF0F
:10953000748EF42F50007F45F00001F45F00002F7F
:1095400042F50007F40AF748FF4008EFC4F40000B2
:10955000001F40000001F40000001F40B98E4BFDC9
:1095600071BE100BB000BA000BA000BA000BA00037
:1095700005DFEA13F735A06F000001EE9610016ACF
:10958000EF300000D96C646F62AEFD7008D0000847
:10959000D000CFFFF029D32008D00008D00008D099
:1095A0000008D00005F551009FE3C80002F3C80091
:1095B00002F3C80002F3C80002F3C90003F3AB00D2
:1095C00007F35F837EF306DFC5F30D90000AA06EFC
:1095D0000001F300F5007D0009C00E60003F24F09B
:1095E0000000C8B9000006FF3000000FC000C8002E
:1095F00006F1000D56D000CF6003F01F302F9C0005
:109600009A00B807B2F10E4005E0D60C74E0000FE6
:109610006F007C990000AFA001FF400005F4000B33
:10962000E0004F3007E109D02F4000D9D900003FBA
:10963000D000004FE10001E7BB000BB01E707E10B0
:1096400005F30D90000AA06F0001F300F6007D0005
:1096500009C00D60002F34F00000C9A9000005FF0B
:109660002000000EC0000000E5000094AD00001BCB
:10967000FC2000005FFFFFA13337F40001E700008A
:10968000CB00008E10004F40001EA33326FFFFFCCE
:10969000006EA00F9201F4001F4001F4003F303F24
:1096A000C0006F3001F4001F4001F4001F4000FAB9
:1096B0002005EA8B8B8B8B8B8B8B8B8B8B8B8B8B8C
:1096C0008BBE5002AE0005F0005F0005F0004F10A9
:1096D00000DF104F5005F0005F0005F0005F002A2A
:1096E000E00BE40007EC40B41E25DFC001000000E1
:1096F00004CC302B01C05700932B01C005CC3006A1
:10970000A10FF60BE20000000000000000000000C6
:1097100000027BFB000000049DFFFFD00003AFFFB1
:10972000FFFFFD0000AFFFFFFFDFD0000AFFFFB625
:1097300010ED0000AF9400000ED0000AF100000010
:10974000ED0000AF1000000ED0000AF1000045FD52
:109750000000AF1001EFFFD0179DF1005FFFFC0E7E
:10976000FFFF1000AFFD31FFFFE00000010003BD6F
:10977000A3000000000050188888888405FABFDD27
:10978000DDDDFDAFE47F100000CA4EE04F100000A9
:10979000C80EFEEF100000CFEFE03FEEEEEEF80E49
:1097A000F68F766666EB6FF8AF100000CC8FE03F67
:1097B000100000C80EFCDF655555EECFC25FFFFFFD
:1097C000FFF92C57750577777775FFFF1FFFFFFFB0
:1097D000FFFFFF2FFFFFFFFFEFFF0EFFFFFFFE0169
:1097E000100011111110EFFE0EFFFFFFFEFFFF2F03
:1097F000FFFFFFFFFFFF1FFFFFFFFF68870788884E
:10980000888668870788888886FFFF1FFFFFFFFF1D
:10981000FFFF2FFFFFFFFFDFFD0DFFFFFFFD00003C
:10982000000000015000000000001DF800000000D2
:1098300001DFFD000000001DFFE22D600001DFFEE2
:1098400020DFF7001DFFE2008FFF71DFFE20000820
:10985000FFFEFFE20000008FFFFE2000000008FF77
:10986000E200000000007D20000000000000000079
:109870007F60000BE2EFF600BFF84FFF6BFFD104F3
:10988000FFFFFD10005FFFE10000BFFFF6000BFFD0
:10989000DFFF60BFFD14FFF5CFD1004FF6171000BA
:1098A000036000000011000000000000FF00000045
:1098B000006F21FF12F70006FF61FF16FF601FF91E
:1098C00001FF109FF16FE001FF100EF6AF8001FF66
:1098D0001008FACF6001FF1006FCAF8000AA000854
:1098E000FB7FD00000000DF71FF80000008FF1078C
:1098F000FF91002AFF70009FFFEEFFF9000005CFE7
:10990000FFFD5000000002442000000000000000A5
:10991000000000000AFFA0000000000CFFC00000D3
:1099200003D6DFFFFD6D300EFFFFFFFFFFE05FFF9F
:10993000FFAAFFFFF51AFFF4004FFFA103FFD000BD
:109940000DFF3004FFF0000FFF404FFFFB22BFFF71
:10995000F42FFFFFFFFFFFF209FEFFFFFFEF900074
:10996000505EFFE5050000000CFFC0000000000491
:109970007740000000000003100341000000009F3A
:10998000F50DF50000001BFDFF8DF5000002DFB1B5
:109990002DFFF500004FF83EC2BFF50007FF55FF51
:1099A000FE39FE409FE38FFFFFF56FF6AC2AFFFF05
:1099B000FFFF73E6005FFFFFFFFFF100006FFFD7BF
:1099C0007FFFF200006FFF900DFFF200006FFF902D
:1099D0000DFFF200004FFF700BFFE10000000033AD
:1099E00000000000000BFFB0000000000CFFC000F2
:1099F0000000000CFFC0000000000CFFC0000000D1
:109A0000000CFFC00000008FFFFFFFF800002EFFDA
:109A1000FFFFE2000002EFFFFE200000002DFFE24A
:109A20000000799982DE289997FFFFFB22BFFFFF94
:109A3000FFFFFFFFFFFFFFFFFFFFFFFAB3CFACCC3D
:109A4000CCCCCCCCCA0006BBBBBBBA3000004FFFAD
:109A5000FFFFFFE10000EF30000006FB0009F80007
:109A6000000000CF504FD0000000002FE1DF844203
:109A70000000344BF9FFFFFD0001FFFFFBFFFFFF7C
:109A8000988BFFFFFCFFFFFFFFFFFFFFFCFFFFFFC7
:109A9000FFFFFFFFFB9FFFFFFFFFFFFFF600000040
:109AA0000000003300018DFFC600EF004EFFFFFFF6
:109AB000E4DF04FFB3004CFFFF0EF90000008FFF4E
:109AC0006FC00001FFFFFF8E500001DEEEED0000D1
:109AD000000000000022222200000021FFFFFF10F2
:109AE0000008F8FFFBBC10001EF4FFFC100001DFB3
:109AF000C0FEEFE8448EFE10FE1AFFFFFFC100FD1E
:109B00000028BB940000000002700002EF0002EF8A
:109B1000FDFFFFFFFFFFFFFFFFFFFFFFFFFFFFFF57
:109B2000FFFF3447FFF00005FF000005C000000004
:109B30000000027000000002EF00000002EFF000E1
:109B40000DFFFFFF0220FFFFFFF08E1FFFFFFF0052
:109B5000E7FFFFFFF03F5FFFFFFF08903447FFF094
:109B600000000005FF0000000005C000000000002C
:109B700000000000000000077000000002700005F7
:109B8000FA0000002EF000814F600002EFF001DDCE
:109B900007F0DFFFFFF0321E80F6FFFFFFF08E2799
:109BA000E0B9FFFFFFF00E73F19BFFFFFFF03F54A2
:109BB000F09AFFFFFFF0890AC0D83447FFF0007F1A
:109BC00043F300005FF002F60CB0000005C0000097
:109BD000BF10000000000009E300000000000002C8
:109BE000100037888888888873EFFFFFFFFFFFFE2B
:109BF000FE32DFFFFFFFFFF9007FFFFDFFFFFD10DB
:109C0000CFFFA07FFFFFFFFFFA0007FFFFF35FA07A
:109C10000000CFFF3003000000CFFC000000000078
:109C2000CFFFCCCCCCCCCCFFAFFFFFFFFFFFF900C8
:109C3000002000000001FA00000006FF1000000DE7
:109C4000FF7000006FFFF10001EFFFFA000BFFFF54
:109C5000FF605FFFFFFFE0CFFFFFFFF6FEBFFFFFEC
:109C6000F9FD4FFFFFF9BF49FFFFF53FE52EFFD09C
:109C700006FFFFFD200028BA600004300000311FFD
:109C8000E00006F91FE0007FFA1FE009FFFA1FE07D
:109C9000AFFFFA1FEBFFFFFA1FFFFFFFFA1FFFFFE7
:109CA000FFFA1FE6FFFFFA1FE05FFFFA1FE004FF65
:109CB000FA1FE0003EFA0FD00002D70000000000BB
:109CC0000200000000000CFB2000000000FFFF90DD
:109CD0000000000FFFFFE6000000FFFFFFFC300068
:109CE0000FFFFFFFFF9100FFFFFFFFFFE60FFFFFEA
:109CF000FFFFFFF2FFFFFFFFFFFD0FFFFFFFFFF87A
:109D000000FFFFFFFFB2000FFFFFFD400000FFFF5D
:109D1000F70000000FFFA1000000006A40000000F3
:109D200000001444200144420DFFFF10DFFFF1FF4B
:109D3000FFF30FFFFF3FFFFF40FFFFF4FFFFF40FB4
:109D4000FFFF4FFFFF40FFFFF4FFFFF40FFFFF4F48
:109D5000FFFF40FFFFF4FFFFF40FFFFF4FFFFF4047
:109D6000FFFFF4FFFFF40FFFFF4FFFFF30FFFFF394
:109D70009FFFC009FFFC001444444444420DFFFF10
:109D8000FFFFFFF1FFFFFFFFFFFF3FFFFFFFFFFFB1
:109D9000F4FFFFFFFFFFFF4FFFFFFFFFFFF4FFFF99
:109DA000FFFFFFFF4FFFFFFFFFFFF4FFFFFFFFFF7E
:109DB000FF4FFFFFFFFFFFF4FFFFFFFFFFFF4FFF1E
:109DC000FFFFFFFFF39FFFFFFFFFFC0002100000FB
:109DD000420FE20003FB0FFE3004FB0FFFF404FB15
:109DE0000FFFFF54FB0FFFFFFAFB0FFFFFFFFB0FFF
:109DF000FFFFFFFB0FFFFFD6FB0FFFFD14FB0FFF65
:109E0000C104FB0FFB0004FB0CA00003FA000000E0
:109E1000000000000012000000000003FF600000CE
:109E200000002EFFF500000001EFFFFF4000001DC5
:109E3000FFFFFFF30000CFFFFFFFFE200AFFFFFF41
:109E4000FFFFE00EFFFFFFFFFFF203999999999939
:109E500050058888888888700FFFFFFFFFFFF30F89
:109E6000FFFFFFFFFFF40BFFFFFFFFFFD10000002C
:109E7000000000003F9000003FFC00003FFD10008C
:109E80003FFD10003FFD10001FFD100000CFF4004B
:109E90000000CFF4000000CFF4000000CFF4000079
:109EA00000CFE0000000A4000000000000CD100082
:109EB000001FFD1000003FFD1000003FFD100000DE
:109EC0003FFD1000003FFD000008FF900008FF90DC
:109ED0000008FF900008FF900002FF90000007803C
:109EE000000000000004500000000002FF600000BD
:109EF00000003FF70000000003FF70000000003F7B
:109F0000F7000006999AFFC99980FFFFFFFFFFFF46
:109F10003DFFFFFFFFFFF201113FF71110000003AB
:109F2000FF70000000003FF70000000003FF70001A
:109F30000000000CD30000006999999999980FFFCF
:109F4000FFFFFFFFF3DFFFFFFFFFFF200000000028
:109F5000000000000156640000000003BFFEEFF99E
:109F60001000007FFA1003DFE40008FFA009B41E10
:109F7000FF504FFF200BFF26FFE1EFFF09CFFF63EC
:109F8000FFFABFFF09FFFF54FFF61EFF51DFFB0979
:109F9000FFB003EFE204305FFC10002CFF956AFF76
:109FA0009000000049DFFD9200000000000000006A
:109FB000000000CD20000000000000008FF500141C
:109FC000664000000004EFACFFEFFF910000001CB2
:109FD000FFA1004DFE300000009FF5AB31EFF40013
:109FE00007B105FFFFE17FFE100FFE302DFFF54F9B
:109FF000FF900CFFE000AFF65FFF6002FFF4000689
:10A00000FFEFFB00004FFD10003EFFC0000002DF2D
:10A01000E85401BFE300000005AEFF6007FF6000E9
:10A020000000000000004EF60000000000000001EB
:10A03000A10000000000000000000000003ED00071
:10A0400000000000000CFF80000000000006FFFF81
:10A05000200000000000EFFFFB00000000008FFC6C
:10A06000CFF4000000002FFB00FFD00000000BFF2A
:10A07000C00FFF70000004FFFD01FFFF100000DFB4
:10A08000FFE02FFFFA00007FFFFF9BFFFFF3001FA1
:10A09000FFFFB00EFFFFC00AFFFFFE24FFFFFF60BF
:10A0A000FFFFFFFFFFFFFFFA06CCCCCCCCCCCCCB24
:10A0B000300000000000360000000000007F80DD5E
:10A0C000DB00008DEFF8FFFFB007FFFFFD556FF4D9
:10A0D0006FF8AFE2000574FF907E2000003FFA00A9
:10A0E00000000002EFB2504A00012EFD1DF48FB0B7
:10A0F000FFFFD10BFFFFFBFFFE2000CFFFFB122174
:10A100000000029FC000000000005B00000007A0EC
:10A110000000000008FFB000000008FFFFB00000D2
:10A1200008FF95FFB00008FF9005FFB007FF900003
:10A1300005FFB09F90000005FD00400000000310E7
:10A140004C20000000B60BFE200000CFF02EFE20B9
:10A1500000CFF4002EFE20CFF400002EFECFF4003E
:10A1600000002EFFF4000000002EF40000000000AC
:10A170001300000000083000000000000000BFF3E2
:10A1800008BBBBBB90000BFFFF39FFFFFFF1008F47
:10A19000CFCFF000000AF100382F948000000AF1C0
:10A1A00000002F900000000AF100002F9000000333
:10A1B0000AF130002F9000001FCBF8F8002FEBBB06
:10A1C000BB39FFFFE2001FFFFFFFB09FFD20000033
:10A1D0000000000008D10037888700000000EFFF72
:10A1E000FFA0000000FFFFFFFDCCCCB6FFFFFFFF8C
:10A1F000FFFFFFFFFFFFFFFFFFFFFFFFFFFFFFFF6F
:10A20000FFFFFFFFFFFFFFFFFFFFFFFFFFFFFFFF5E
:10A21000FFFFFFFFFFFFFFFFFFFFFFFFFFAFFFFF9E
:10A22000FFFFFFF900000000000000000001DD104A
:10A23000000000001DFFD100000001DFFFFD100045
:10A24000001DFFFFFFD100009FFFFFFFF90000018D
:10A250001CFFC1100000000CFFC0000000000CFF3C
:10A26000C0000000000CFFC0000079993BFFB399CB
:10A2700097FFFFB2442BFFFFFFFFFEDDEFFFFFFF65
:10A28000FFFFFFFAB3CFACCCCCCCCCCCCA000000E3
:10A2900000000200000000000004FFC700000000F2
:10A2A00000AFFFF0000000001FFFFD0000000006EF
:10A2B000FFFFC00000000008FFF700000000000CD6
:10A2C000FF300000000004FFC00000000001EFF3B9
:10A2D00000004A3002DFF80005DFFE15EFFB00004A
:10A2E000EFFFFFFFFA00000BFFFFFFF70000007F0A
:10A2F000FFFFA200000002BA8500000000000486F3
:10A300000000001006FFFA0002DFD1EF3CF101DF90
:10A31000FA0EE0AF21DFFA009FEFF6DFFA00008DC2
:10A32000FFFFFB00000006FFFD00000048EFFFF606
:10A3300000006FFFFBFFF6000EF3CF23FFF600EEE9
:10A340000AF204FFF609FEFC0004FFF108DA10002F
:10A3500002620000000000000000006FFFF98700AB
:10A360000008FFFF98F708A68FFFF95990FFA8FF94
:10A37000FFFCCC0FFA8FFFFFFFF1FFA8FFFFFFFFED
:10A380001FFA8FFFFFFFF1FFA8FFFFFFFF1FFA8FEC
:10A39000FFFFFFF1FFA8FFFFFFFF1FFA7FFFFFFF97
:10A3A000F0FFE3122222210FFFFFFFF90000ACCCE7
:10A3B000CCCB5000004999999995000EFFFFFFFF03
:10A3C000F600FD2222224FF60FC0000001FFF3FC31
:10A3D0000000001FFF6FC0000002FFF6FFFFFFFF3D
:10A3E000FFFF6FFFFFDCFFFFF6FFFFB005FFFF6F12
:10A3F000FFF6000FFFF6FFFFC006FFFF6FFFFFED48
:10A40000FFFFF69FFFFFFFFFFD10CDDDDDDDDDDD92
:10A410002FFFFFFFFFFFF312222222222200000063
:10A42000000000000000000000000FFFFFFFFFFF22
:10A43000F3DEEEEEEEEEEE20000000000000000085
:10A44000000000000DEEEEEEEEEEE2FFFFFFFFFF7C
:10A45000FF3000000000000037888888888873EF8C
:10A46000FFFFFFFFFFFEEFFFFFFFFFFFFE1CFFFFF1
:10A47000FFFFFFC1D28FFFFFFFF82DFF64EFFFFE4C
:10A4800045FFFFFA2BFFB2AFFFFFFFD3553DFFFFA4
:10A49000FFFFFFBBFFFFFFFFFFFFFFFFFFFFAFFF60
:10A4A000FFFFFFFFF9000000000001FFFFF00004C4
:10A4B000FFFFD00006FFFF800008FFFF30000AFF0B
:10A4C000FFAAA60CFFFFFFF80EFFFFFFE10BDDDF89
:10A4D000FF6000004FFD0000007FF3000000BFA000
:10A4E000000000FF10000003F800000003C000009F
:10A4F0000000200000000455EFB5520000FFFD1FD2
:10A50000FFB0000FFFFFFFFC0000FFFF53332000F0
:10A510000FFF97FFFB5700FFF8AFFFC6F80FFF8A4A
:10A52000FFFC4AA1FFF8AFFFE3220FFF8AFFFFFF06
:10A53000F4FFF8AFFFFFFF4FFF8AFFFFFFF4355234
:10A54000AFFFFFFF40000AFFFFFFF400007FFFFFA7
:10A55000FE20000001100000000000AF000000001D
:10A56000018FFA30000002EFFFFF500000BFFFFF35
:10A57000FF10001FFFFFFFF50003FFFFFFFF70004C
:10A580005FFFFFFFF90008FFFFFFFFC000DFFFFFD5
:10A59000FFFF209FFFFFFFFFFD0EFFFFFFFFFFF20A
:10A5A000022222222221000008FFC0000000000930
:10A5B000A20000005BBBBBBBBBBBBBA3FFFFFFFF9D
:10A5C000FFFFFFFBFC0C30E11D0D11FCFC0B30E02C
:10A5D0001D0D10FCFFFEFFEFFEFEEFFCFFF15A0821
:10A5E00070A05FFCFFF37B2992C27FFCFFBFCBBB57
:10A5F000BBBFCBFCFC0B2000000D00FCFFCFCCCC84
:10A60000CCCFCCFB9FFFFFFFFFFFFFF60000000059
:10A6100000000200000000000005DFB000000000A4
:10A6200007EFFFD000000018FFFFFF70000029FFB8
:10A63000FFFFFF00003BFFFFFFFFF8000AFFFFFFE7
:10A64000FFFFF1000FFFFFFFFFFFA000049AAAAF7A
:10A65000FFFF20000000000EFFFB00000000000EC6
:10A66000FFF400000000000EFFC000000000000E1C
:10A67000FF5000000000000DFD000000000000047D
:10A68000B300000035555502000FFFFFF2F400FF44
:10A69000FFFF2FF40FFFFFF2FFF3FFFFFF32221F38
:10A6A000FFFFFFFFF7FFFFFFFFFF8FFFFFFFFFF839
:10A6B000FFFFFFFFFF8FFFFFFFFFF8FFFFFFFFFF21
:10A6C0008FFFFFFFFFF8FFFFFFFFFF8FFFFFFFFF81
:10A6D000F88AAAAAAAAA3000000024553100000076
:10A6E0000003AFFFFFFFC7000002BFFFFEDEFFFF5A
:10A6F000F6005FFFB51000038EFFB0DFD30000004F
:10A7000000008FF5180005AEFEC81004600002DFDF
:10A71000FFFFFFF80000000CFF95347DFF400000B4
:10A7200002A2000000770000000000029600000076
:10A73000000000000DFF500000000000000EFF6050
:10A7400000000000000005DA000000005BBBBBBB9E
:10A75000BBBBBBBA20FFFFFFFFFFFFFFFF90FC1258
:10A7600022222222220FF7FC5FFFFFFFFFFF2CFABD
:10A77000FC5FFFFFFFFFFF21FAFC5FFFFFFFFFFF12
:10A7800027FAFC2666666666661FFAFEBBBBBBBB85
:10A79000BBBBBFB1AFFFFFFFFFFFFFFF50000000DB
:10A7A0000000000000005BBBBBBBBBBBBBBA20FF13
:10A7B000FFFFFFFFFFFFFF90FC1222222221000F6C
:10A7C000F7FC5FFFFFFFF8000CFAFC5FFFFFFFF8EC
:10A7D0000001FAFC5FFFFFFFF80007FAFC2666663F
:10A7E0006663000FFAFEBBBBBBBBBBBBBFB1AFFF19
:10A7F000FFFFFFFFFFFF500000000000000000000F
:10A800005BBBBBBBBBBBBBBA20FFFFFFFFFFFFFFB8
:10A81000FF90FC1222221000000FF7FC5FFFFFD018
:10A8200000000CFAFC5FFFFFD0000001FAFC5FFFA4
:10A83000FFD0000007FAFC2666665000000FFAFE03
:10A84000BBBBBBBBBBBBBFB1AFFFFFFFFFFFFFFF8E
:10A85000500000000000000000005BBBBBBBBBBBA6
:10A86000BBBA20FFFFFFFFFFFFFFFF90FC1222009B
:10A870000000000FF7FC5FFF300000000CFAFC5FE7
:10A88000FF3000000001FAFC5FFF3000000007FA13
:10A89000FC2666100000000FFAFEBBBBBBBBBBBBB7
:10A8A000BFB1AFFFFFFFFFFFFFFF50000000000040
:10A8B000000000005BBBBBBBBBBBBBBA20FFFFFF04
:10A8C000FFFFFFFFFF90FC0000000000000FF7FCFF
:10A8D0000000000000000CFAFC0000000000000175
:10A8E000FAFC00000000000007FAFC000000000075
:10A8F000000FFAFEBBBBBBBBBBBBBFB1AFFFFFFFD3
:10A90000FFFFFFFF500000000000000000000000FB
:10A91000000007B20000000000000ADFFA0000009B
:10A92000000000A93DF5000000044002E000100016
:10A930000000AFF80B600000006C30FFFFFFFFFF6E
:10A94000FFFFFFF4AFF9000C5000006D4005500010
:10A9500004C00000100000000000C43EE800000039
:10A960000000002EEFFA000000000000004FFA0087
:10A9700000000000000000000000000001100000C6
:10A980000007EFFFB30000AFFD8FFF2004FFFD09BC
:10A99000FFB00AFEFD12AFF00EF55D2C0EF30FFFB7
:10A9A00033129FF50FFFF307FFF60FFFE206FFF6E6
:10A9B0000FFE24137FF50DF57D2C0DF30AFFFD111D
:10A9C000BFF003FFFE0BFFA0007FFEBFFE100003E1
:10A9D000ACDC810000003443000005667FFFF966AF
:10A9E00050FFFFFFFFFFFF356666666666501CCCB2
:10A9F000CCCCCCC402FFFFFFFFFF602FF3FB7F6DC9
:10AA0000F602FF2FB7F5DF602FF2FB7F5DF602FF46
:10AA10002FB7F5DF602FF2FB7F5DF602FF2FB7F552
:10AA2000DF602FF3FB7F6DF601FFFFFFFFFF500795
:10AA3000BCCCCCCC90000000000000012000000045
:10AA4000000004FF500000000002FFFF5000000063
:10AA50000439FFFE00000004FF39FFA0000004FFDE
:10AA6000FF39B0000004FFFFFF20000004FFFFFFDC
:10AA7000B0000004FFFFFFB0000004FFFFFFB000C4
:10AA80000004FFFFFFB0000000BFFFFFB0000000A8
:10AA90000DFFFFB000000000FFFFB0000000000944
:10AAA000A8600000000000000017888888888740A0
:10AAB0000002EFFFFFFFFFFFF4003EFFFFCFFFCFDD
:10AAC000FFF703EFFFF908F809FFF83EFFFFFE204C
:10AAD000402EFFF8DFFFFFFFE101EFFFF89FFFFFD0
:10AAE000FF80008FFFF809FFFFF902C209FFF8009D
:10AAF0009FFFFE4EFE4EFFF80009FFFFFFFFFFFF26
:10AB0000F700008FFFFFFFFFFFC100000000000003
:10AB100003EFFFFFE203FBFBCEBFA4FF1D03A1FA7F
:10AB2000FFF1D03A1FAFFFFFFFFFFAFFFFFFFFFF6C
:10AB3000AFFFFFFFFFFAFFFFFFFFFFAFFFFFFFFFCA
:10AB4000FAFFFFFFFFFFAFFFFFFFFFFAFFFFFFFF6F
:10AB5000FFADFFFFFFFFF829AAAAAAA80000000086
:10AB60000000000300000000000004F100082000C5
:10AB70000001FF100BF70000002FF10CFF9444447C
:10AB800045FF1BFFFFFFFFFFFFF18FFFFFFFFFFFF1
:10AB9000FD007FF70000000000006F600000000073
:10ABA0000000300000000000000000000000000075
:10ABB0000000C003000000000000C003030A000002
:10ABC0000F008005050500051C00D0090A0A0000D9
:10ABD0004E00B008090F00FE9200D00B0C0A0000D6
:10ABE000CE00A0090A0B00FF0501F00203050005D5
:10ABF0000D01B004040E01FD2901C004040E00FD86
:10AC00004501A005060600055701200808070002B7
:10AC100073013003030500FE7B016005050300039B
:10AC200083013003030300008801F004070EFFFFD7
:10AC3000B9015009090A0000E6013005040A0000C4
:10AC4000FA011008080A000022020008080A0000A1
:10AC50004A0260090A0A00007C021008080A000083
:10AC6000A402A008090A0000D1026008080A000036
:10AC7000F9020009090A00002603A008080A0000DA
:10AC80004E033003030800005A033003030B00FD9A
:10AC90006B032008080800018B0320080806000247
:10ACA000A303200808080001C3030008080A0000E5
:10ACB000EB03800E0E0D00FD4604400A0C0AFF0057
:10ACC0008204A00A090A0100AF04200A0A0A00004F
:10ACD000E104900B0A0A010013056009080A01004B
:10ACE0003B05E008080A01006305D00A0A0A0000D3
:10ACF0009505600B090A0100C2055004020A010013
:10AD0000CC053007070AFF00EF05100A0A0A010008
:10AD100021065008080A01004906600D0B0A0100CF
:10AD20008006600B090A0100AD06C00B0C0A00008A
:10AD3000E906200A090A01001607C00B0C0D00FDE8
:10AD40006407300A090A01009107B008090A0000E7
:10AD5000BE073008090A0000EB07100B090A0100C2
:10AD60001808F0090B0AFF004F08C00F100A000076
:10AD70009F0870090A0A0000D10810090B0AFF0099
:10AD800008093009090A00003509B004040E01FD64
:10AD90005109F004070EFFFF8209B004040E00FD04
:10ADA0009E09300807060102B3090007070100FFEA
:10ADB000B709600805020109BC096008080800001D
:10ADC000DC099009080B0100080A000808080000C7
:10ADD000280A9009090B00005A0A90080808000088
:10ADE0007A0AF004060B00009B0AB009090B00FD6B
:10ADF000CD0A9009080B0100F90AE003020B0100DB
:10AE0000040B0004050EFEFD270BA008080B010033
:10AE1000530BE003020B01005E0BD00E0D08010086
:10AE2000920B900908080100B20BE0080908000025
:10AE3000D60B9009080B01FD020C9009090B00FDCF
:10AE4000340CC00505080100480C00070708000085
:10AE5000640CD005060A0000820C80090808010075
:10AE6000A20CD0070908FF00C60C900C0D080000CA
:10AE7000FA0CC007080800001A0DD007090BFFFDE7
:10AE80004C0D500707080000680DF004050E00FD8A
:10AE90008B0D3004020E01FD990DF004050E00FD2E
:10AEA000BC0D200808030003C80DE00506050006D8
:10AEB000D70D600404030003DD0D000E0F0FFFFE2D
:10AEC0004E0E000E0E0B00009B0E000E0E0D00FF2E
:10AED000F60E000E0E0B0000430FA0090A0B000037
:10AEE0007A0F000E0E0F00FEE30F000E0E0F00FE95
:10AEF0004C10C00F100D00FFB410000E0E0F00FE1E
:10AF00001D11C00F100B00007511000E0E0F00FE7A
:10AF1000DE110007070C00FF0812800A0B0C00FF6F
:10AF20004A12C00F100E00FEBA12000E0E0B0000E7
:10AF30000713A0090A0F00FE5213400C0A0E01FE6F
:10AF40009813400C0D0F00FEFA13400C0D0D00FF7E
:10AF50004F14400C0D0D00FFA414400C0A0E01FE0E
:10AF6000EA14400C0E0DFFFF4515C008090D00FF47
:10AF70008015C008090D00FFBB15400C0D0D00FF2A
:10AF80001016400C0D0400032A16C00F100B000011
:10AF900082168011120F00FE0917C00F110FFFFE5D
:10AFA0008917000E0E0D00FFE417400C0D0800017C
:10AFB0001818400C0D0800014C188011120B0000ED
:10AFC000AF18000E0E0B0000FC18000E0E0F00FE56
:10AFD0006519000E0F0FFFFED619400C0D0D00FF76
:10AFE0002B1A400C0D0F00FE8D1A400C0D0D00FFAA
:10AFF000E21A400C0D0C00FF301B000E0E0B00007F
:10B000007D1BC0080A0FFFFEC81B400C0D0F00FE81
:10B010002A1C400C0D0F00FE8C1CC00F100B0000F2
:10B02000E41C000E100FFFFE5C1D800A0B0F00FEDB
:10B03000AF1D8011120D00FF241E8011120A0000A6
:10B040007E1E8011120A0000D81E8011120A000014
:10B05000321F8011120A00008C1F8011120A00009A
:10B06000E61F8011120C00FF5220400C0C0F00FE56
:10B07000AC20400C0D0F00FE0E21000E0F0FFFFE46
:10B080007F218011120B0000E221800A0B0F00FECD
:10B090003522100E0F0A00000000721F51EF58EF0A
:10B0A0005BEF5CEF5DEF61EF63EF65EF69EF6CEF16
:10B0B00071EF76EF77EF78EF8EEF93EF98EF9BEFEE
:10B0C0009CEF9DEFA1EFA2EFA3EFA4EFB7EFB8EFD6
:10B0D000BEEFC0EFC1EFC4EFC7EFC8EFC9EFCBEFD2
:10B0E000E3EFE5EF14F015F017F019F030F037F05A
:10B0F0003AF043F06CF074F0ABF03BF190F191F169
:10B1000092F193F194F1D7F1E3F13DF254F2AAF404
:10B1100012F7F2F7200000005F00010000000000BD
:10B120000000000000000200B0000000F3F7600023
:10B1300098B00408000000003E0003000000010277
:10B140000003040502060708090A090A0B0C000D92
:10B150000E0F101112130C141400000015161718FE
:10B1600019161A1B1C1D1D1E1F201D1D1621222312
:10B1700003241E2525262728292A2B002C002D2EC6
:10B180002F303132332D343435302D2D2E2E3637AD
:10B190003839333A3A3B3A3C290000093D0900006E
:10B1A000000000000000000000000000000000009F
:10B1B000000000000000000000000000000000008F
:10B1C000000000000000000000000000000000007F
:10B1D0000000000000000000000000000102000369
:10B1E000040502060708090A090A0B0C0D0E0F10C8
:10B1F000110C121314151500000016171819171941
:10B2000019191719191A1919191917191719031BC7
:10B210001C1D1D1E1F202122230024002526272758
:10B2200027002726282926262A2A272A272A2B2CC0
:10B230002D2E2E2F2E300000230931090000000092
:10B2400000000000000000000000000000000000FE
:10B2500000000000000000000000000000000000EE
:10B2600000000000000000000000000000000000DE
:10B2700000000000000000000001000000000000CD
:10B2800000010000020000000002000000000000B9
:10B2900000000000000000000000010000000000AD
:10B2A000000000000000000000010A0006FB000092
:10B2B0000000F4F3020B0504F7020B01090207007A
:10B2C000000000000000000000000D02FE00000071
:10B2D0000000000000000000000400F90000000071
:10B2E00000FC04040000FE00FE0200FE00FEFFFC65
:10B2F00000000000FE0000FDFD0000FE00FC00005C
:10B3000000000000000000FEFE00FD00FA00E50065
:10B3100000FC0004070000FC02020704FC0400001B
:10B32000F30000000000000000000000F800000032
:10B330000000000000000000000000FAFDF500F72A
:10B34000FE00000000000900F9FEFF0100FC000003
:10B35000FEEF0000000000000000000000EEFE090B
:10B36000000000000000000000000000F7000000E6
:10B37000000000000000000700020000FC000000C8
:10B3800000000000000000000000000000000902B2
:10B3900001000000000000000000000000000000AC
:10B3A000000000000000000000000000000000009D
:10B3B0000000000000000000F80000000000000095
:10B3C000000000000000000000000000000000027B
:10B3D000040207FE000004FEF9E102060400FD007D
:10B3E000080007000700EB00FD070007FE0402004D
:10B3F0000001FE0000FC1200120007000903040710
:10B40000000000F80000000001FE0002FCFDFC024C
:10B4100000FE000000F70000000000000000000037
:10B4200000F100000000000000000000000000002B
:10B430000001F400F200000000FE0016FDFD020213
:10B44000FE00FD020000F40000000000000000000B
:10B450000000EA0002000000000000000000000000
:10B4600000F2000D0000F8000700F1EAF1FC07000F
:10B4700000F10003FB00FD000000000000000000E0
:10B480000000000607E500000000000000000000CA
:10B4900000000B000200000000000202FDFC00FFA3
:10B4A000FFFE0000FE000000FC00FE00FBFC00FAB6
:10B4B000F9F9FC00FC00FC00000000FE00000200A6
:10B4C00002FE000100000002FE000000FE0202FF7A
:10B4D000000000FC00FF0000000000010003FE006F
:10B4E000FD00FC0000FE00070000FE000000000060
:10B4F000FF01FEFE0000FE00FE0000000000000054
:10B500000000FFFF00FEFD0000000000010000FE43
:10B5100000FEFEFE000000000000000000FF000032
:10B520000000FEFD00FD00F9FEF9040000FC02042D
:10B530000600FAFFFD00FFF502FE02F40200000122
:10B54000F400F4FEEDFE00F5000406000300000028
:10B55000000000FCFD00F9000000FE000000FE00FD
:10B5600000000000FFFF00FFFD00000000000000E1
:10B57000FEFE00FEFDFE0000FE00000000000000D8
:10B5800000000000FEFE00FD00FE00FC020000FDC9
:10B59000010202000000000000FE000000000002A6
:10B5A0000000FE00FEFEFD000000000000000200A2
:10B5B000FE00000000FEFD00FC0007FE01F9000097
:10B5C00006F5F4F7FC0200FEF1FC00FC00FC03FCB5
:10B5D000F200FA000001FF02FE000200F9F700F598
:10B5E000FBFBFBF9FDFA00FCFA01000100FE000084
:10B5F000000200020000000000000000000000FE49
:10B6000000FF00FFFE00FCFBFBFF00F90000000054
:10B610000000FE0000000001FF000000020000002A
:10B6200000000000000B000000000000020000000D
:10B63000FE0000000000000000000000FC0002000E
:10B64000000000000000000000000000FE000000FC
:10B65000FC00000000F5F9000000FDF50000FE020E
:10B6600000FA00000000000000000000FC0000FCE8
:10B670000000000000000000000000000200FC00CC
:10B68000000000030002FCFC00FEFEFD00000000C4
:10B690000000F900FE00FDFE00FBFAF9FE00FC00D0
:10B6A000F900000000120000010000FD000200F699
:10B6B0000000000000EBFC0707FEF70002FD00F5AC
:10B6C000FFFD02F0FE030003F8FDF8F9F70000F3B8
:10B6D000000D0000FF000000FFFFFEFAF900EB0084
:10B6E0000000000000000000010000000000000059
:10B6F000000000000000000000FE00FFFEFD000052
:10B70000FC00FE000000000000000000000000003F
:10B710000000FF00FC000004FF0300FB02FEFFFA34
:10B72000FE00FDFEFE00FDFC0000FEFFFEFCFD0035
:10B7300000FE0002FE00FB000000FC00FC00FCFC20
:10B74000020000000000000000FC0200FD00FEFD01
:10B75000F9FEFEFEFFFEFDFF0000000000FEFEFE03
:10B760000000000003FE00FE000000FEFDFEFEFDE6
:10B77000FE000209FF00FA00FE0400FEF7FD0300D0
:10B7800000F5FC02FC0200FEFEF900FD010000FCD9
:10B790000000000202FCFC00FCFEFDFEFE00FC01BD
:10B7A000FCFC070000000000000000000200000098
:10B7B0000000000000000000000000000000000089
:10B7C00000000000FC00000000000000000000007D
:10B7D0000000000000000000000000000000000069
:10B7E0000000000000000000000000000000000059
:10B7F000FE0000000000000000000000000000004B
:10B800000000000000000000000000000000FEFE3C
:10B81000000000000000000000000000FD0000FD2E
:10B820000000FEFE00000000FE00000000FF00001F
:10B83000000000FE00000000FD00FC000000F90018
:10B8400002FB0400FEF50000FBFE00F7FAFA000020
:10B85000F6FEF7F7F500FA00020FFD00FBFEFFFE13
:10B86000FCFAFCF8F7FBFE0000FE00010000F0FE11
:10B870000705FBF80001F900F5FEFE04EBFD0100F1
:10B8800000F1FDF4FEF00000F0000D0100FE0000EC
:10B890000000FFFEF7FE00F100000000F900FE00CE
:10B8A000FFFAF50000FFFDF9FE00FE00000000F6C3
:10B8B000FEF9F9FEFCFAFEFC00FCFEF9FD00FDFCC1
:10B8C000FEFC000100FEF9000400FC000000000383
:10B8D0000002FC0900FEFEFD000000000000F9006F
:10B8E000FE00FDFE00FBFAF9FE00FC02090000006C
:10B8F00000120000010000FD000200000000000036
:10B900000000000000000000FEFC0000000000FF3E
:10B91000000000FEFE0000FCFE0000FC0004FF0032
:10B9200000000000000100000000030402FE00F916
:10B93000FC0007F9F9FCFC090402EDFE04FE00FE20
:10B9400002FEF800FE02FDFEF9FE0000070400FA08
:10B9500000F4FD06FDF701FDF9F9FE090200FD0006
:10B96000FA000207FBF8F7FA070001F0FE02FCFEFE
:10B97000FB00FBF8FDFDFE0000FBFBFE000705FEE3
:10B98000F400F4FD00F8F3FFF9FCF9FA060000FDFD
:10B9900000FCFE00FEFC0004F9020000F400FEFBC7
:10B9A000FCFEF9FAF9FB00F9FEFBFCF9FE000001D0
:10B9B0000BFC00F9FE00FEFCFBFAFAF7FDFC0400AC
:10B9C000FD00F5FD0104F9F8FCF907FE01EBFC04AC
:10B9D000FBFCF800F9F7FDFEFEFEFBF9FF00000797
:10B9E00006FEF100F3FB05F7F1FCF8F7F5F90400AA
:10B9F000000000FD000002FD0402FC040000F9FF4D
:10BA000000FF000101FE000000000000FE00000039
:10BA10000002070000FD00000000FEFEFD00000027
:10BA20000102000000000200FE000900040101FD07
:10BA30000004000000020000000000000000000000
:10BA400000070006000000000000000000000000E9
:10BA50000000F300FE04000700001603FCFC0202D5
:10BA6000FE01F500000BF3000000000000000000E4
:10BA70000000F1091F0000000000000000000000AD
:10BA800000F30000000000000000000000000000C3
:10BA9000000000000000000000000000FC0000FCAE
:10BAA000FE00000000000000000000000000000098
:10BAB00000000000FE00FA0000010000021DFCFE74
:10BAC0000706FA0200000202FD000000000000006C
:10BAD00000000000E306000000000000000000007D
:10BAE00000000000000000FA000000FA0000000062
:10BAF000FBFF000000FB00FD00F50000000000005F
:10BB00000000000000F10000000001000000000043
:10BB100000FE0000FC00FD00FA000000FC02FD0039
:10BB200000FAFEFB0000FA00FE00F500FE0000EE49
:10BB3000FCF7FEF80000F100FAFF00000000000032
:10BB40000000FDFCFEFC00000000FB00FB03FE0407
:10BB500000FEFBFEFCFC00FDFFFE02FAFF00000001
:10BB6000ECFEFD00FB00FEF5FE0000FEFE00000006
:10BB7000000200FEFCFE04000000000000000000C7
:10BB800000000000000000000000000000000000B5
:10BB900000000000000000000000000000000000A5
:10BBA000000003000000000000FB00FE000000FC9D
:10BBB00002000000FAFEFC0000FA00FE00F50000A2
:10BBC0000000EA00FCF8F50000F100FEFD000000B6
:10BBD0000000000000FEFDFFFD01000004FD000765
:10BBE0000BFEFEF9030B0405FA0309030605060024
:10BBF000000000000000000000000E0BFCFE00FE34
:10BC0000120A12000000020000080000FC00000000
:10BC1000000000000000FE00000000000000000323
:10BC200000000000EDFDFEF7F50000F1000000004F
:10BC300000000000000000000000000000FC000008
:10BC400000000000000000FE0000000000000000F6
:10BC50000300000000EDFDFEF7F50000F700000016
:10BC600000000000000000000000000000000000D4
:10BC7000FE000000FB0200FE020402F90000FE02CA
:10BC8000000200000000FA00FEFEFC00FEF7000EBD
:10BC9000FE00FBFE00FEFC00FEFAFCFD000000FCC6
:10BCA000000000000000000000FE00000000000096
:10BCB00000000300000000EDFDFEF7F50000F100BC
:10BCC00000000000000B0000000000000000000069
:10BCD000FC00F9FDFE07FEFEF701FF01FEFA00057C
:10BCE00000020102FBF7FD00F7FCFAF7F700FCFC8D
:10BCF000FDFDFEFEFDFE00FEFF030003FE0007004B
:10BD00000000000000000000000000FEFEFE000039
:10BD1000FA00FF00FC00000000000000000000002E
:10BD2000F30000000000000000000000FEFE00FD27
:10BD300000000000FE0000FCFE0200FCFCFE00FA19
:10BD4000FEFBFEFD00FC0000000000000000000003
:10BD500000F100070000FC00000000FD00FE0000F4
:10BD6000FF0000FE00FB000009FDF9F902020200DD
:10BD7000FA020302070207FEFA0000F70000F9FAD0
:10BD80000000FC00FDFC00FD00FD00FE0300FEF9CC
:10BD9000FE080000FE00FC000003FB0002FE0200A3
:10BDA00000F900FEFF00FE02FE000000F7FDFB00B0
:10BDB000F90000F50008FE00FC000100FE00FEF99D
:10BDC00000FE0200000000FE000002FD010000FD78
:10BDD000FE00FD0000000000000000000000000068
:10BDE00000000000F200050000FE0000000000005E
:10BDF000FEFE0000000400050000000000F2F30158
:10BE00000A0704F70209000800040000000000000F
:10BE100000000000000C0000000000000000000016
:10BE2000000000000000000078B204083CB10408E3
:10BE3000DAB104083D31000028890408A8AB0408E1
:10BE400014B1040828BE040810000228F0010020E4
:10BE5000E9710208297102081000030000FF0100C7
:10BE600038BE04080000000000000000BF0BF0AF67
:10BE70000AE09E08D08C07C0000010BF1AE0F51F32
:10BE80003F51F3E40F3E40F27208100005C003E09A
:10BE900000007A005C0000098007A001FFFFFFFF9F
:10BEA000FD033E733C833000F200C500000F100E0E
:10BEB000300002F000F2009FFFFFFFFF4138C33661
:10BEC000E3300089005C00000A7007A000000079E0
:10BED00000000000790000005CFFE92006FCBC9E29
:10BEE000900EB07900100F807900000DF5790000F8
:10BEF00003EFFD50000006CFFE400000795EF10028
:10BF0000007905F307007907F12FE9BCAFA003AE74
:10BF1000FFD7000000790000000079000003DE80F8
:10BF20000005D000E40C5001E3004C005A00A900C9
:10BF300006A004C04E00004C005A0D500000E41C46
:10BF400058A0000003CE73E13CE9000000D60E408B
:10BF5000A800007C03C003D0002E203C003D000B55
:10BF60007000E2098006D00004DDA00009EFB100F6
:10BF70000009E43CA00000D9007D00000CC01CA01A
:10BF800000003FAEC1000001DFC0000003EB8F7076
:10BF90001800DB007F65F03F40008FEA03F70000E8
:10BFA000CF700BF966CFBF4008DFEA30A500000074
:10BFB000000000F5F5E4E47200DA05F20BC00F7042
:10BFC0003F405F206F107F006F105F203F400F7079
:10BFD0000BC005F200DA3F300CB006F101F600E9C3
:10BFE00000BC00AD00AE00AD00BC00E901F606F1FA
:10BFF0000CB03F30004A000674A4A02BFFE5007F80
:10C00000FB207B6B8D0004A00000130000000510D6
:10C0100000000F5000000F5000011F5110EFFFFFF4
:10C02000F3344F7440000F5000000F50000952FDD0
:10C030000BA0C50F000111101FFFF30444400312B1
:10C04000FC1E90000005F100000AB000000F600027
:10C05000005F100000AB000000F6000005F10000DA
:10C060000AB000000F6000004F100000AC0000009C
:10C07000F6000004F100000AC000000E6000004F4E
:10C080001000000008EFC50000CFA8CF7007F50032
:10C090000AF20DC00001F81F800000DC3F600000C4
:10C0A000BD3F600000BD1F800000DC0DC00001F836
:10C0B00007F5000AF200CFA8CF700008EFC500EF27
:10C0C000FF367AF3005F3005F3005F3005F3005F61
:10C0D0003005F3005F3005F3005F3005F304BEFD6B
:10C0E0007007FD98CF90280000BF00000007F20005
:10C0F0000000AF0000004F8000003FC000003EC1C4
:10C1000000002EC100002ED100002EF8777746FFE8
:10C11000FFFFFA6FFFFFFF0277779FB000000CE18F
:10C12000000009F3000005F6000000DFE91000043C
:10C1300059FD00000006F40000003F64400008F3D1
:10C14000BFC98CFB007CFFD700000001EB000000A2
:10C1500000BE100000006F500000002F9000000093
:10C160000CD000000008F301D50003F8002F600098
:10C17000ED2223F7216FFFFFFFFF81555556F9523E
:10C180000000002F6000000002F60005FFFFFF0026
:10C190007F77777008E0000000AD0000000BC21050
:10C1A0000000DFFFFB30045568FF20000004F800AA
:10C1B00000000F92500005F68FD98AFD105BEFE961
:10C1C000100005CEFC60009FC88B7005F8000000D1
:10C1D0000CD00000001F800000002F68EFFA103F15
:10C1E000EE648FD02FF10006F40EC00002F609F1C4
:10C1F0000006F301DE869FB00019EFD8008FFFFF25
:10C20000FFE8F77777FC8F00004F5590000BE000B8
:10C210000002F80000009F1000000FB0000006F4BC
:10C22000000000DD0000003F7000000AF100000186
:10C23000F90000005CFFD70006FC76AFA00CD00030
:10C2400009F10DC00007F207F7115EC000BFFFFE45
:10C250001009F9547ED02F800004F64F500000F8EA
:10C260001FA00005F609FB76AFD0006CFFD81000C8
:10C270008EFD80000CF868FC005F50003F708F005E
:10C28000000EC07F30001FF01FD413CFF104EFFF6A
:10C29000A9F00002310AF00000000EA00000009F8B
:10C2A0003009A78DF70007DFEB40001E92FC03105A
:10C2B000000000000312FC1E901E92FC0310000000
:10C2C00000000001E91FD0A80E30A00000004200CD
:10C2D000017DF3039FE810BFB50000EE8100001759
:10C2E000DFB4000004AFD200000182EFFFFFF3458E
:10C2F0005555510000000001111110EFFFFFF334FC
:10C3000044444050000000EF92000006CFB500000A
:10C31000039FE200006CF3029EE920BFC600009379
:10C3200000000004BEFD7007FC77BFA0270000CF0F
:10C3300000000009F0000001EA000001DD1000002B
:10C34000CE1000003F60000001300000000100003E
:10C350000006F50000005F4000000017CEFDB500AC
:10C36000000005FB53237DC200006E400000008EDC
:10C370001002F401AEFA3F49B00A901EE65BEF40AE
:10C38000E30F308F1000AF40981F00D900003F40EE
:10C390006A3F00E800001F405C1F00D900003F40DA
:10C3A0006A0F308F1000AF40980A901ED65ADEA652
:10C3B000F203F301AFFA16EE50006E4000000000E9
:10C3C000000006FB5323750000000017CEFDA300FC
:10C3D00000000002FD00000000009FF400000000CB
:10C3E0000F9EB000000006F27F20000000DC01F884
:10C3F0000000004F600BE000000BF0004F600001F8
:10C40000FA1111ED00008FFFFFFFF3000EC444444A
:10C410004FA006F4000000AF10CD00000002F85F4E
:10C42000FFFFEB4005F85557DF405F400001FA057C
:10C43000F400000FA05F51113AF405FFFFFFFA006E
:10C440005F744459FA05F4000008F25F4000005F91
:10C4500045F4000009F25F85556AFB05FFFFFFD731
:10C460000000028DFEB40004FFB89DF902FD20001B
:10C470000850BF200000000FA000000002F60000DE
:10C4800000002F6000000000FA000000000BF20026
:10C490000000002FD2000085005FFB89DF800029AB
:10C4A000DFEB405FFFFFEA30005F97779EF8005FA9
:10C4B000400000AF605F4000000DE05F40000006FC
:10C4C000F45F40000003F65F40000003F65F4000A9
:10C4D0000006F45F4000000DE05F400000AF605FC9
:10C4E00097779EF8005FFFFFEA30005FFFFFFF9540
:10C4F000F97777745F40000005F40000005F511188
:10C500001105FFFFFFE05F74444405F40000005F85
:10C5100040000005F40000005F97777765FFFFFF9C
:10C52000FD5FFFFFFF95F97777745F40000005F42A
:10C530000000005F40000005F52222105FFFFFFEB3
:10C5400005F85555405F40000005F40000005F40CD
:10C55000000005F400000000018DFEB500004FFB57
:10C5600089DFB002FD200006600BF2000000000F22
:10C57000A0000000002F60000000002F60000009F4
:10C58000F00FA0000009F00BF2000009F002FD20FE
:10C59000000AF0004FFB89DFC000028DFEC6005F7D
:10C5A0004000004F55F4000004F55F4000004F5577
:10C5B000F4000004F55F5222225F55FFFFFFFFF5F4
:10C5C0005F8555558F55F4000004F55F4000004F1E
:10C5D00055F4000004F55F4000004F55F4000004DE
:10C5E000F55F45F45F45F45F45F45F45F45F45F45E
:10C5F0005F45F400FFFFFA007777FA000000FA00C9
:10C600000000FA000000FA000000FA000000FA0042
:10C610000000FA000000F9072003F60DE98EF10191
:10C62000AEFB305F400002EB05F40001EC005F4020
:10C6300001DE1005F400CE20005F40BF300005F49D
:10C640009F9000005FCFEF400005FF91EE10005F6C
:10C65000A003FC0005F40006F8005F400009F505A2
:10C66000F400000CF25F40000005F40000005F40A1
:10C67000000005F40000005F40000005F400000029
:10C680005F40000005F40000005F40000005F4007A
:10C6900000005F97777725FFFFFFF55F4000000000
:10C6A0001E95FC00000008F95FF5000002FF95FDF3
:10C6B000E00000AEF95F5F70003F5F95F38F100BF5
:10C6C000C0F95F31E904F30F95F307F2DB00F95F7E
:10C6D000300DEF200F95F3005F9000F95F3000718F
:10C6E000000F95F300000000F95F5000004F55FF68
:10C6F000200004F55FFD00004F55FAF90004F55FD6
:10C700004AF5004F55F40DF204F55F402FD04F5518
:10C71000F4006F94F55F4000AFAF55F40000DFF513
:10C720005F400002FF55F4000006F500018DFEB5E4
:10C73000000004FFB89EFA0002FD200008F900BFC7
:10C740002000000AF20FA00000003F72F600000077
:10C7500000F92F600000000F90FA00000003F70BB3
:10C76000F2000000AF202FD200008F90004FFB8915
:10C77000EFA0000028DFEB50005FFFFFD7005F97BE
:10C7800078BFC05F400007F65F400000FA5F4000DE
:10C7900000FA5F400003F85F62236EF15FFFFFFD68
:10C7A000305F855420005F400000005F40000000C3
:10C7B0005F4000000000018DFEB50000004EFB89C7
:10C7C000EFA00002FD200008F9000AF2000000AF0F
:10C7D000200FA00000003F702F600000000F902F7E
:10C7E000600000000F901F900000002F700BF10000
:10C7F0000000AF2003FC100007F900006FFA78DF9B
:10C80000B0000003AEFFC500000000003ED415B02C
:10C8100000000002BFFF80000000000131005FFF48
:10C82000FFD7005F9778BFC05F400007F65F40000A
:10C8300000FA5F400000FA5F400003F85F52236E89
:10C84000E15FFFFFFC305F8555F9005F40007F40EE
:10C850005F40000CE05F400002F9005CEFD9200768
:10C86000FC87AF900EC00001100F800000000DF596
:10C8700000000003EFEA50000005AEFE400000009B
:10C880004EF100000005F308000008F22FFA77BF10
:10C89000A0029DFFC700FFFFFFFFF56778FB7772DF
:10C8A0000001F700000001F700000001F7000000A0
:10C8B00001F700000001F700000001F7000000018F
:10C8C000F700000001F700000001F700000001F789
:10C8D00000006F3000008F16F3000008F16F300089
:10C8E000008F16F3000008F16F3000008F16F30080
:10C8F0000008F16F3000008F05F4000009F03F7070
:10C900000000CD00DE20005F8004FFA8BFD0000340
:10C91000BEFD81000CE00000006F306F5000000C85
:10C92000C000FB000003F60009F20000AE00002F7B
:10C9300080001F900000CE0007F2000005F600DB2B
:10C940000000000EC04F500000008F3BE0000000D0
:10C9500002FBF8000000000BFF10000000004FB0C9
:10C9600000005F400000DF000002F50F900002FFB2
:10C97000400007F00BE00007FE90000CB006F3004B
:10C980000CAAE0001F6001F8001F54F3006F1000B4
:10C99000CD007F10F800CC00007F20CB00AD01F768
:10C9A00000002F71F6005F26F200000DC6F1000FA7
:10C9B0007BD0000008FDC0000BDF80000003FF708B
:10C9C0000006FF30000000EF200001FE00003F9055
:10C9D0000000CD008F40007F3000DE102F8000036C
:10C9E000FA0CD0000007FBF30000000CF800000078
:10C9F00001EFC0000000BF7F7000006F60AF20003B
:10CA00002FB001ED000CF10004F807F6000009F367
:10CA10000CE0000007F203F700001F9000AF1000C9
:10CA20009E10001FA002F6000008F30BD0000000CB
:10CA3000EC4F400000005FFB000000000CF2000023
:10CA4000000009F00000000009F00000000009F0FB
:10CA50000000000009F000003FFFFFFFFD017777B5
:10CA600077BF900000001EC00000000CF200000024
:10CA700008F500000004F900000001EC00000000CF
:10CA8000CF200000008F500000004F900000001EDB
:10CA9000F877777705FFFFFFFFF05FFF05F7505F3F
:10CAA0003005F3005F3005F3005F3005F3005F30C1
:10CAB00005F3005F3005F3005F3005F7505FFF00BE
:10CAC0007E0000001F4000000C90000007E0000006
:10CAD00002F4000000C90000007E0000002F4000AA
:10CAE000000C90000007E0000002F3000000D900F5
:10CAF00000007E0000002F3000000D90000007E0D5
:10CB0000BFFA35EA00EA00EA00EA00EA00EA00EAD1
:10CB100000EA00EA00EA00EA00EA35EABFFA002F7C
:10CB20008000009DE00000F3D50006D07B000C6083
:10CB30001F203F100B809A0004E0FFFFFFFF111140
:10CB4000111107F60003E7019EFD8000CE87AF902C
:10CB5000020000AF00000006F202BEFFFF20EC4220
:10CB600027F22F50007F20EC427FF202BFFB6F20A4
:10CB70008F000000008F000000008F000000008F79
:10CB80002BFEB3008FEC78EF308FA0001EC08F20FB
:10CB90000007F18F000005F38F200007F18FA00040
:10CBA0001ED08FEC78EF308E2BFEB300003AEFC42E
:10CBB000004FD87CF40DD0000713F60000004F3072
:10CBC000000003F60000000DD00006104FD77CF4E3
:10CBD000003AEFC40000000001F700000001F70078
:10CBE000000001F7003BFFA3F704FD87CEF70ED04E
:10CBF000000BF73F600003F74F300001F73F500094
:10CC000003F70EC0000AF704FC65BEF7003BFFB255
:10CC1000F7003BFEA20004FC67EE200EC0001EA041
:10CC20003F500007F04FFFFFFFF13F722222200E1E
:10CC3000C000020004FD87AF50003AEFD600005D4F
:10CC4000FC002FB57004F3000CFFFFA048F7530061
:10CC50005F300005F300005F300005F300005F3037
:10CC60000005F300005F3000003BFFB2E904FE87DF
:10CC7000CFF90ED1000AF93F600001F94F400000E2
:10CC8000F93F600001F90ED00009F904FD87CFF8E3
:10CC9000003BFFB3F700000005F409E977AFB001EE
:10CCA0007CFFD8008F00000008F00000008F00001B
:10CCB0000008F2BFEA108FFB89FD08F80006F48F28
:10CCC00010001F78F00000F88F00000F88F00000BF
:10CCD000F88F00000F88F00000F89E1AF20008F0AC
:10CCE0008F08F08F08F08F08F08F08F00007E2003F
:10CCF00009F30000000007F10007F10007F1000749
:10CD0000F10007F10007F10007F10007F10007F15A
:10CD10000008F0186EC03EFC208F00000008F000F4
:10CD200000008F00000008F0001DD18F001DE208F8
:10CD3000F01DE2008F2DF30008FEFF70008FE2BFB0
:10CD40003008F201EE108F0003FB08F00007F78FA8
:10CD50008F8F8F8F8F8F8F8F8F8F8F8E3CFE913B1A
:10CD6000FEA208FF969FCFC68FD08F70009FC00095
:10CD70005F58F10005F60001F78F00004F40000FEB
:10CD800088F00004F40000F88F00004F40000F8886
:10CD9000F00004F40000F88F00004F40000F808E78
:10CDA0003BFEA108FFA68FD08F80006F48F10001E5
:10CDB000F78F00000F88F00000F88F00000F88F058
:10CDC0000000F88F00000F80003BEFC40004FD87D7
:10CDD000CF600ED0000BF13F600003F54F30000133
:10CDE000F73F600003F50ED0000BF104FD77CF6034
:10CDF000003BEFC4008E3BFEB3008FFB57DF308F4C
:10CE000090000DC08F100007F18F000005F38F20F8
:10CE10000007F18FA0001ED08FEC78EF308F2BFE33
:10CE2000B3008F000000008F000000008F000000A2
:10CE300000003BFFA2F704FD87DEF70ED0000BF7E2
:10CE40003F600003F74F300001F73F600003F70E2B
:10CE5000D0000BF704FD77CEF7003BFFA3F70000EF
:10CE60000001F700000001F700000001F78E2BF031
:10CE70008FED908FA0008F20008F00008F00008F1B
:10CE800000008F00008F000002AEFD911ED769D018
:10CE90004F3000002FB4100006EFFD6000015BF57D
:10CEA000010000F75FA76BF319DFEC4005F300000A
:10CEB0005F3000CFFFFA048F753005F300005F305C
:10CEC0000005F300005F300004F400001FC680007E
:10CED0005DFC10AE00002F5AE00002F5AE00002FFE
:10CEE0005AE00002F5AE00002F59F00004F56F3053
:10CEF00000AF51EE76BFF502BEFB3F500DC0000003
:10CF0000CB06F20002F500F90009E0009E000F8058
:10CF1000002F606F10000CC0CB000005F6F400007D
:10CF200000EFD00000008F7000BB00009F10004F8A
:10CF300016F1000EF60009C00F6005FCB000F60007
:10CF4000AC00AB5F105F1005F10F50F70AB0000F97
:10CF500076F009C0F50000ACBA004F8F000004FF66
:10CF60004000EFA000000EE00008F400004F700049
:10CF70009F208F305F5000CD2E900002FFD0000028
:10CF80000AF6000004FDE10001EB0DC000BE103FF9
:10CF9000806F40007F400DC00000CB06F30002F41C
:10CFA00000EA0009D0008F101F70001F707F100072
:10CFB0000AE0D9000003F9F2000000CFB000000041
:10CFC0006F40000000AD00001C79F500001AEE7003
:10CFD00000004FFFFFF915555BF400004F80000182
:10CFE000EC00000BE100008F400004F700001EE59C
:10CFF00055535FFFFFFC002CF500AF6100CC000033
:10D00000DB0000DB0000DB0002EA001FF40005FA91
:10D010000000DB0000DB0000DB0000CC0000AF61A3
:10D02000002CF55F15F15F15F15F15F15F15F15FEC
:10D0300015F15F15F15F15F15F10BE8003AF400180
:10D04000F6001F7001F7001F7000F9000AFB00FBDB
:10D05000201F7001F7001F7001F603AF40BE900063
:10D0600000000000003DE400B50C86F51E20F00332
:10D07000EF90020000100002CE900D40893B000EA0
:10D080003B000E0D408902CE900008F8EFE7F70054
:10D090000000000000000000000000000049DC006B
:10D0A00000000016BFFFFF0000038DFFFFFFFF0021
:10D0B00000CFFFFFFFFFFF0000FFFFFFFFC7FF00E4
:10D0C00000FFFFEA5100FF0000FF83000000FF00A7
:10D0D00000FF00000000FF0000FF00000000FF0054
:10D0E00000FF00000000FF0000FF00002BFFFF001A
:10D0F00000FF0000DFFFFF2BFFFF0000DFFFFDDF71
:10D10000FFFF00002BFFB2DFFFFD00000000002B3F
:10D11000FFB20000000000D00FFFFFFFFFF00DFF87
:10D12000FFC888888CFFFFF00F80000008F00FF028
:10D130000F80000008F00FFFFF80000008FFFFF0E5
:10D140000FECCCCCCEF00FF00FECCCCCCEF00FFF30
:10D15000FF80000008FFFFF00F80000008F00FF0D4
:10D160000F80000008F00FFFFFC888888CFFFFD0F9
:10D170000FFFFFFFFFF00DDFFF73FFFFFFFFFDFF5E
:10D18000FFA5FFFFFFFFFFFFFFA5FFFFFFFFFFDF83
:10D19000FF73FFFFFFFFFD0000000000000000DF45
:10D1A000FF73FFFFFFFFFDFFFFA5FFFFFFFFFFFF77
:10D1B000FFA5FFFFFFFFFFDFFF73FFFFFFFFFD0086
:10D1C00000000000000000DFFF73FFFFFFFFFDFF16
:10D1D000FFA5FFFFFFFFFFFFFFA5FFFFFFFFFFDF33
:10D1E000FF73FFFFFFFFFD0000000000000AB10019
:10D1F0000000000000BFFC00000000000BFFFB006F
:10D2000000000000BFFFC01BA000000BFFFC00CF10
:10D21000FB0000BFFFC000BFFFB00BFFFC00000C15
:10D22000FFFBBFFFC0000000CFFFFFFB00000000BE
:10D230000CFFFFB00000000000BFFB00000000007A
:10D24000000BB000000000030000000308FC100009
:10D250001CF8FFFC101CFFF5FFFC2CFFF505FFFF81
:10D26000FFF50005FFFFF500001DFFFD10001CFF8E
:10D27000FFFC101CFFF9FFFC1CFFF505FFFCDFF5B0
:10D280000005FFD1A4000004A10000004FE0000051
:10D29000000002106FF1031000005FD06FF13FD16A
:10D2A0000003FFF16FF15FFD000DFF406FF109FF1B
:10D2B000704FF7006FF100CFE09FF0006FF1005F5B
:10D2C000F3BFC0006FF1002FF5BFC0004FE0001F9B
:10D2D000F6AFE0000000004FF46FF400000000AF74
:10D2E000F00FFE10000005FFA006FFD300007FFF37
:10D2F00020009FFFDABEFFF4000006FFFFFFFD30B5
:10D3000000000017BDCA5000000000008BB80000EC
:10D3100000000000FFFF000000003006FFFF600378
:10D320000004FDDFFFFFFDEF400DFFFFFFFFFFFFEC
:10D33000D04FFFFFF99FFFFFF408FFFF2002FFFF20
:10D340008000FFF900009FFF0000FFF900009FFF31
:10D350000008FFFF2002FFFF804FFFFFF99FFFFF44
:10D36000F40DFFFFFFFFFFFFD004FEDFFFFFFDDF37
:10D3700040003006FFFF600300000000FFFF0000D8
:10D38000000000008BB800000000000003DD303F0B
:10D39000F3000000006FFFF54FF400000009FF9953
:10D3A000FFBFF4000001BFF6226FFFF400002DFE66
:10D3B00035FF53EFF40004FFC18FFFF82DFE407FCF
:10D3C000FA1AFFFFFFA1AFF7CF82DFFFFFFFFD28B3
:10D3D000FC140EFFFFFFFFFFE041000FFFFFFFFF08
:10D3E000FFF000000FFFF9008FFFF000000FFFF8C3
:10D3F000008FFFF000000FFFF8008FFFF000000E1D
:10D40000FFF6006FFFE000000000DFFD00000000FD
:10D410000000FFFF000000000000FFFF0000000010
:10D420000000FFFF000000000000FFFF0000000000
:10D430000000FFFF000000004FFFFFFFFFF40000AF
:10D440000BFFFFFFFFB0000000BFFFFFFB0000006D
:10D45000000BFFFFB00000000000BFFB000000DF7A
:10D46000FFFC1BB1CFFFFDFFFFFFC22CFFFFFFFF43
:10D47000FFFFFFFFFFFFFFFFFFFFFFFFF0E0FFDF0A
:10D48000FFFFFFFFFFFFFD0004EFFFFFFFFE400077
:10D49000001EFFFFFFFFFFE10000AFB00000000B28
:10D4A000FA0005FF1000000001FF501EF60000000A
:10D4B00000006FE1AFB000000000000BFAFFFFFFBB
:10D4C000800008FFFFFFFFFFFFF1001FFFFFFFFFCE
:10D4D000FFFFFFFFFFFFFFFFFFFFFFFFFFFFFFFF5C
:10D4E000FFFFFFFFFFFFFFFFFFFF8FFFFFFFFFFFBC
:10D4F000FFFFF8000006BDDA5002FF0005EFFFFF56
:10D50000FE42FF007FFFA77BFFF9FF05FFC1000080
:10D510002CFFFF0EFC00000222DFFF5FF200000F75
:10D52000FFFFFF8FB000000FFFFFFF0000000000B3
:10D530000000000000000000000000FFFFFFF000FE
:10D54000000BF8FFFFFFF000002FF4FFFD2220008A
:10D5500000CFE0FFFFC200002CFF40FF9FFFB76A33
:10D56000FFF700FF24DFFFFFFE5000FF2005ACDBCC
:10D57000600000000000000000008D000008FF00B7
:10D58000008FFFDFFFFFFFFFFFFFFFFFFFFFFFFF3A
:10D59000FFFFFFFFFFFFFFDFFFFFFF00008FFF0028
:10D5A0000008FF0000008D000000000000000000E7
:10D5B000000000008D0000000008FF000000008F48
:10D5C000FF0000CFFFFFFF0150FFFFFFFF06F7FF47
:10D5D000FFFFFF00BEFFFFFFFF00AEFFFFFFFF05E5
:10D5E000F8DFFFFFFF026000009FFF00000000095E
:10D5F000FF00000000009E0000000000000000008E
:10D6000000000000000610000000000000001FD213
:10D61000000000008D000003EE10000008FF000A6B
:10D62000B12FB000008FFF0005FC07F4DFFFFFFF04
:10D6300002505F60F9FFFFFFFF06F70DC0BDFFFF5F
:10D64000FFFF00AE09F09FFFFFFFFF00AE09F08F64
:10D65000FFFFFFFF06F70DC0ADDFFFFFFF02505FCA
:10D6600060E900008FFF0005FC06F4000008FF00E1
:10D670000AB12FB00000008D000002EE1000000083
:10D680000000001FD2000000000000000610008F04
:10D69000FFFFFFFFFFFFF8FFFCFFFFFFFFFFFFFFA4
:10D6A000202FFFFFFFFFFFFC000CFFFFEEFFFFFF3F
:10D6B000202FFFFE22EFFFFFFCFFFFE2002EFFFF07
:10D6C000FE4EFE200002FFFFE202C2000000FFFF4C
:10D6D000200000000000FFFF000000000000FFFF2E
:10D6E000FFFFFFFFFFFFFF8FFFFFFFFFFFFFF800C0
:10D6F000004E400000000BFB00000001FFF10000A5
:10D70000009FFF9000002FFFFF30000CFFFFFC0088
:10D7100007FFFFFFF802FFFFFFFFF29FFFFFFFFF82
:10D720009EFFFFFFFFFEFF2FFFFFFFFEF2BFFFFF89
:10D73000FE9FA1BFFFFF92FFA22FFFF204FFFFFF9A
:10D74000F400029EFE92000000000000FF30000185
:10D75000CCFF40002DFFFF4003EFFFFF403FFFFFE6
:10D76000FF44FFFFFFFF9FFFFFFFFFFFFFFFFFFFE4
:10D77000FFFFFFFFFFAFFFFFFFFF45FFFFFFFF4082
:10D780004FFFFFFF4003EFFFFF40002EFFFF300081
:10D7900001CC0000000000000000000000008F919C
:10D7A0000000000000FFFF7000000000FFFFFD40D0
:10D7B000000000FFFFFFFA100000FFFFFFFFF7006F
:10D7C00000FFFFFFFFFFD500FFFFFFFFFFFFB2FFDE
:10D7D000FFFFFFFFFFFDFFFFFFFFFFFFFDFFFFFF5D
:10D7E000FFFFFFB2FFFFFFFFFFD500FFFFFFFFF7C7
:10D7F0000000FFFFFFFA100000FFFFFD40000000E7
:10D80000FFFF70000000008EA1000000000000007B
:10D810000000000000000000000000008FFFF80082
:10D820008FFFF8FFFFFF00FFFFFFFFFFFF00FFFF7D
:10D83000FFFFFFFF00FFFFFFFFFFFF00FFFFFFFFF6
:10D84000FFFF00FFFFFFFFFFFF00FFFFFFFFFFFFE6
:10D8500000FFFFFFFFFFFF00FFFFFFFFFFFF00FFD5
:10D86000FFFFFFFFFF00FFFFFFFFFFFF00FFFFFFC6
:10D87000FFFFFF00FFFFFF7FFFF7007FFFF78FFF36
:10D88000FFFFFFFFF8FFFFFFFFFFFFFFFFFFFFFFAF
:10D89000FFFFFFFFFFFFFFFFFFFFFFFFFFFFFFFF98
:10D8A000FFFFFFFFFFFFFFFFFFFFFFFFFFFFFFFF88
:10D8B000FFFFFFFFFFFFFFFFFFFFFFFFFFFFFFFF78
:10D8C000FFFFFFFFFFFFFFFFFFFFFFFFFFFFFFFF68
:10D8D000FFFFFFFFFFFFFFFFFF8FFFFFFFFFFFF8CF
:10D8E0000000000000CC100003FFFFD20004FFFF87
:10D8F000FE3004FFFFFFF404FFFFFFFF54FFFFFFB4
:10D90000FFF9FFFFFFFFFFFFFFFFFFFFFFFFFFFF2D
:10D91000F9FFFFFFFF44FFFFFFF304FFFFFE3004AA
:10D92000FFFFD20004FFCC100003FF000000000046
:10D930000000002DD2000000000001EFFE100000EA
:10D9400000001DFFFFD100000000CFFFFFFC000022
:10D95000000BFFFFFFFFB00000AFFFFFFFFFFA006B
:10D9600009FFFFFFFFFFFF900FFFFFFFFFFFFFF02B
:10D9700008FFFFFFFFFFFF80000000000000000025
:10D980000CFFFFFFFFFFFFC00FFFFFFFFFFFFFF0D8
:10D990000FFFFFFFFFFFFFF00CFFFFFFFFFFFFC0C8
:10D9A0000000001A40000001DFF000001DFFA00091
:10D9B00001DFFA00001DFFA00001DFFA00000CFFEC
:10D9C000A000000DFF80000001DFF80000001DFF37
:10D9D00080000001DFF80000001DFF80000001DF73
:10D9E000F00000001B5004A10000000FFD1000001B
:10D9F0000AFFD1000000AFFD1000000AFFD10000B7
:10DA000000AFFD1000000AFFC0000008FFD00000BA
:10DA10008FFD100008FFD100008FFD100008FFD11E
:10DA200000000FFD10000005B1000000000004FF21
:10DA3000400000000008FF800000000008FF800098
:10DA400000000008FF800000000008FF8000004880
:10DA5000888CFFC88884FFFFFFFFFFFFFFFFFFFFE9
:10DA6000FFFFFFFF48888CFFC88884000008FF8004
:10DA70000000000008FF800000000008FF80000098
:10DA8000000008FF800000000004FF400000144474
:10DA90004444444441EFFFFFFFFFFFFEFFFFFFFF51
:10DAA000FFFFFF7BBBBBBBBBBBB7000005ADFFDA15
:10DAB0005000000004DFFC88CFFD4000007FFE40E6
:10DAC0000004EFF70007FFF4009E804FFF704FFF48
:10DAD000C000AFF80CFFF4DFFF809AFFFE08FFFDE7
:10DAE000DFFF80EFFFFE08FFFD4FFFC08FFFF80C48
:10DAF000FFF407FFF408EE804FFF70007FFE400048
:10DB000004EFF8000004DFFC88CFFD4000000005B2
:10DB1000ADFFDA5000008C20000000000000000083
:10DB2000DFE400000000000000001BFF8049DFFD73
:10DB3000A5000000007FFFFFD88CFFD40000000488
:10DB4000EFF800004EFF700000001CFF69E804FFC2
:10DB5000F70004E3009FFEFF80CFFF400DFF70053C
:10DB6000FFFFE08FFFD00DFFF7002DFFE08FFFD00C
:10DB700004FFFC0000AFF8CFFF30007FFF4000063D
:10DB8000FFFFF7000008FFF400003EFFA0000000C8
:10DB90004DFFC88201BFF7000000005ADFFC1008EB
:10DBA000FFA000000000000000004EFD000000008B
:10DBB0000000000002C8000000002DD2000000009C
:10DBC00000000000BFFB0000000000000005FFFF98
:10DBD000500000000000000DFFFFD000000000001A
:10DBE000007FFFFFF7000000000001FFD88DFF104D
:10DBF000000000000AFFA00AFFA0000000003FFF95
:10DC0000B00BFFF300000000CFFFC00CFFFC0000D2
:10DC10000005FFFFD00DFFFF5000000EFFFFF99F32
:10DC2000FFFFE000008FFFFFE22EFFFFF80002FF82
:10DC3000FFFF9009FFFFFF100AFFFFFFE33EFFFF1A
:10DC4000FFA00FFFFFFFFFFFFFFFFFF008FFFFFF39
:10DC5000FFFFFFFFFF800000000000000000000049
:10DC600000000000D800000000000000FF80FFFF5F
:10DC7000700007FFFFF8FFFFF6006FFFFFFD788ED3
:10DC8000FF15FFE8FFE20002E54FFE20FE20000046
:10DC900013FFF300520000003FFF3100520000026A
:10DCA000EFF45E20FE20788EFF51FFE8FFE2FFFFD9
:10DCB000F6006FFFFFFDFFFF700007FFFFF8000099
:10DCC00000000000FF80000000000000D8000000FD
:10DCD0000000000000000000000000000000000143
:10DCE000DD10000000001DFFD100000001DFFFFD7E
:10DCF0001000001DFF99FFD10001DFF9009FFD100A
:10DD00001DFF900009FFD1BFF90000009FFB5F904D
:10DD100000000009F5000000000000000000000005
:10DD20000000005F9000000009F5BFF90000009FAF
:10DD3000FB1DFF900009FFD101DFF9009FFD1000DE
:10DD40001DFF99FFD1000001DFFFFD100000001D45
:10DD5000FFD10000000001DD100000000000000005
:10DD6000000000000000000000000000001DD100C5
:10DD700000000000000001DFFD10EFFFFFFFD000FA
:10DD80001DFFFFD1AFFFFFFFF000CFCFFCFC000075
:10DD9000000FF0006B1FF1B60000000FF000000F45
:10DDA000F0000000000FF000000FF0000000000F76
:10DDB000F000000FF00000006B1FF1B6000FF00044
:10DDC0000000CFCFFCFC000FFFFFFFFA1DFFFFD1CB
:10DDD000000DFFFFFFFE01DFFD100000000000004E
:10DDE000001DD100000000000000000000008FFFB7
:10DDF000FFE200000000FFFFFFFE20000000FFFF29
:10DE0000FFFFFFFFFFF8FFFFFFFFFFFFFFFFFFFF29
:10DE1000FFFFFFFFFFFFFFFFFFFFFFFFFFFFFFFF12
:10DE2000FFFFFFFFFFFFFFFFFFFFFFFFFFFFFFFF02
:10DE3000FFFFFFFFFFFFFFFFFFFFFFFFFFFFFFFFF2
:10DE4000FFFFFFFFFFFF8FFFFFFFFFFFFFF8000057
:10DE5000000BB0000000000000BFFB00000000004D
:10DE60000BFFFFB000000000BFFFFFFB0000000B36
:10DE7000FFFFFFFFB000004FFFFFFFFFF4000000B7
:10DE800000FFFF000000000000FFFF000000000096
:10DE900000FFFF000000000000FFFF000000000086
:10DEA00000FFFF000000DFFFF0DFFD0FFFFDFFFFC1
:10DEB000F900009FFFFFFFFFFFFFFFFFFFFFFFFFD6
:10DEC000FFFFFFF0E0FFDFFFFFFFFFFFFFFD0000B0
:10DED0000000000000000000000000000AEA6200EC
:10DEE0000000000002FFFFF000000000009FFFFFA5
:10DEF00000000000000FFFFFD00000000002FFFF45
:10DF0000FB000000000003EFFF70000000000004B1
:10DF1000FFF2000000000000BFFB00000000000056
:10DF20006FFF3000000200004FFF9000028FF300EF
:10DF30006FFFD0000AFFFFE4BFFFD10000EFFFFF3B
:10DF4000FFFFD100000AFFFFFFFF900000006FFFFE
:10DF5000FFFB3000000002FFDB7200000000000841
:10DF6000EE800000066108FFFF80002DFFD0EF3338
:10DF7000FE002EFFF30EF33FE02EFFF3008FFFFFB6
:10DF80006EFFF300008EFFFFFFF300000002EFFFC3
:10DF9000F3000000002EFFFF30000008EFFFFFFF3E
:10DFA000300008FFFFF6EFFF3000EF33FE02EFFF17
:10DFB000300EF33FE002EFFF308FFFF80002DFFD8D
:10DFC000008EE800000066100000DFFFFF0D20005B
:10DFD00000FFFFFF0FE20000FFFFFF0FFDDFF0FF7C
:10DFE000FFFF2000FFF0FFFFFFFFFFFFF0FFFFFF3D
:10DFF000FFFFFFF0FFFFFFFFFFFFF0FFFFFFFFFF4F
:10E00000FFF0FFFFFFFFFFFFF0FFFFFFFFFFFFF04D
:10E01000FFFFFFFFFFFFF0FFFFFFFFFFFFF0DFFF4E
:10E02000FFFFFDFFF90000000000FFFFFFFFFF0002
:10E0300000DFFFFFFFFD00008FFFFFFFFFC200FFBB
:10E04000FFFFFFFFFE20FF00000001FFE2FF0000D6
:10E050000000FFFCFF00000000FFFFFF00000000C9
:10E06000FFFFFFFFFFFFFFFFFFFFFFFFFFFFFFFFC0
:10E07000FFFFFB11BFFFFFFFFFF1001FFFFFFFFFCF
:10E08000F1001FFFFFFFFFFB11BFFFFFFFFFFFFFBF
:10E09000FFFFFF8FFFFFFFFFFFF812222222222245
:10E0A00021FFFFFFFFFFFFFFFFFFFFFFFFFFFF124B
:10E0B000222222222221000000000000001222223F
:10E0C00022222221FFFFFFFFFFFFFFFFFFFFFFFFD5
:10E0D000FFFF122222222222210000000000000065
:10E0E00012222222222221FFFFFFFFFFFFFFFFFF5C
:10E0F000FFFFFFFFFF122222222222218FFFFFFFBC
:10E10000FFFFFFF8FFFFFFFFFFFFFFFFCFFFFFFF56
:10E11000FFFFFFFC09FFFFFFFFFFFF90D25FFFFF44
:10E12000FFFFF52DFF62CFFFFFFC26FFFFFA18FF70
:10E13000FF81AFFFFFFFE34DD43EFFFFFFFFFF81F5
:10E1400018FFFFFFFFFFFFFFFFFFFFFFFFFFFFFFC6
:10E15000FFFFFFFF8FFFFFFFFFFFFFF800DFFFFD67
:10E16000000001FFFFFC000003FFFFF7000006FFB7
:10E17000FFF2000008FFFFD000000AFFFFFFFFD002
:10E180000CFFFFFFFFA00EFFFFFFFF200DFFFFFFB3
:10E19000F80000000AFFE00000000EFF5000000041
:10E1A0002FFC000000005FF3000000009FA00000B3
:10E1B0000000DF1000000000D70000000004EE4067
:10E1C000000000DFFF99FFFD0000FFFF99FFFF0047
:10E1D00000FFFFFFFFFF0000FFFF9000000000FFB7
:10E1E000FF0DFFFF0D20FFFF0FFFFF0FE2FFFF0FEF
:10E1F000FFFF0FFDFFFF0FFFFF2000FFFF0FFFFFDF
:10E20000FFFFFFFF0FFFFFFFFFFFFF0FFFFFFFFFFE
:10E21000DFFF0FFFFFFFFF00000FFFFFFFFF00000A
:10E220000FFFFFFFFF00000DFFFFFFFD000000CC10
:10E23000000000000002FF3000000001BFFFFC20D2
:10E2400000001EFFFFFFE100009FFFFFFFF800003E
:10E25000EFFFFFFFFD0000FFFFFFFFFF0001FFFFDB
:10E26000FFFFFF0003FFFFFFFFFF3008FFFFFFFF7F
:10E27000FF801EFFFFFFFFFFE1CFFFFFFFFFFFFC5F
:10E28000CFFFFFFFFFFFFC000000000000000000C8
:10E290000EFFE00000000004EE4000008FFFFFFFD3
:10E2A000FFFFFFFFF8FFFFFFFFFFFFFFFFFFFF0084
:10E2B000F00F00F00F00FFFF00F00F00F00F00FF65
:10E2C000FFFFFFFFFFFFFFFFFFFFF80880880880C8
:10E2D0008FFFFFF808808808808FFFFFFFFFFFFF98
:10E2E000FFFFFFFFFF00F00000000F00FFFF00F046
:10E2F0000000000F00FFFFFFFFFFFFFFFFFFFF8F8A
:10E30000FFFFFFFFFFFFFFF800000000000000001C
:10E310000000000000000003AF70000000000004D7
:10E32000CFFFF00000000006DFFFFFA00000001795
:10E33000EFFFFFFF30000018FFFFFFFFFC00002A87
:10E34000FFFFFFFFFFF40008FFFFFFFFFFFFD0000C
:10E350000FFFFFFFFFFFFF600008FFFFFFFFFFFE53
:10E36000000000000000FFFFF7000000000000FFB9
:10E37000FFF1000000000000FFFF8000000000002F
:10E3800000FFFF10000000000000FFFA0000000086
:10E39000000000FFF2000000000000008F8000007D
:10E3A00000000000000000000000DFFFFFF0D200CE
:10E3B000FFFFFFF0FE20FFFFFFF0FFE2FFFFFFF097
:10E3C000FFFDFFFFFFF20000FFFFFFFFFFFFFFFF6A
:10E3D000FFFFFFFFFFFFFFFFFFFFFFFFFFFFFFFF4D
:10E3E000FFFFFFFFFFFFFFFFFFFFFFFFFFFFFFFF3D
:10E3F000FFFFFFFFFFFFFFFFFFFFFFFFFFFFFFFF2D
:10E40000FFFFFFFFDFFFFFFFFFFD00000000000038
:10E41000000000000000049CEFFEC940000000075F
:10E42000EFFFFFFFFFFE700004DFFFFCA88ACFFFB5
:10E43000FD406FFFD5000000005DFFF6CFF6000045
:10E44000000000006FFC1A30005ADFFDA50003A198
:10E4500000004DFFFFFFFFD400000005FFFEA88A6B
:10E46000EFFF50000001DF70000007FD100000000A
:10E470001200000000210000000000004EE4000037
:10E48000000000000000EFFE00000000000000009F
:10E49000EFFE00000000000000004EE4000000005D
:10E4A0008FFFFFFFFFFFFFFFFF80FFFFFFFFFFFF6B
:10E4B000FFFFFFF0FF000000000000000FFDFF0F56
:10E4C000FFFFFFFFFFFF0FFFFF0FFFFFFFFFFFFF3C
:10E4D00000FFFF0FFFFFFFFFFFFF00FFFF0FFFFF2A
:10E4E000FFFFFFFF0FFFFF000000000000000FFD17
:10E4F000FFFFFFFFFFFFFFFFFFF08FFFFFFFFFFFAB
:10E50000FFFFFF808FFFFFFFFFFFFFFFFF80FFFF89
:10E51000FFFFFFFFFFFFFFF0FF0000000000000013
:10E520000FFDFF0FFFFFFFFFF0000FFFFF0FFFFFCB
:10E53000FFFFF00000FFFF0FFFFFFFFFF00000FFF5
:10E54000FF0FFFFFFFFFF0000FFFFF0000000000C4
:10E5500000000FFDFFFFFFFFFFFFFFFFFFF08FFF3A
:10E56000FFFFFFFFFFFFFF808FFFFFFFFFFFFFFFAA
:10E57000FF80FFFFFFFFFFFFFFFFFFF0FF00000036
:10E58000000000000FFDFF0FFFFFFF0000000FFF66
:10E59000FF0FFFFFFF00000000FFFF0FFFFFFF0066
:10E5A000000000FFFF0FFFFFFF0000000FFFFF0054
:10E5B0000000000000000FFDFFFFFFFFFFFFFFFF57
:10E5C000FFF08FFFFFFFFFFFFFFFFF808FFFFFFFC9
:10E5D000FFFFFFFFFF80FFFFFFFFFFFFFFFFFFF0D9
:10E5E000FF000000000000000FFDFF0FFFF0000023
:10E5F00000000FFFFF0FFFF00000000000FFFF0F03
:10E60000FFF00000000000FFFF0FFFF0000000001F
:10E610000FFFFF000000000000000FFDFFFFFFFFE5
:10E62000FFFFFFFFFFF08FFFFFFFFFFFFFFFFF80F8
:10E630008FFFFFFFFFFFFFFFFF80FFFFFFFFFFFFD9
:10E64000FFFFFFF0FF000000000000000FFDFF00D3
:10E650000000000000000FFFFF00000000000000AD
:10E6600000FFFF0000000000000000FFFF000000AE
:10E67000000000000FFFFF000000000000000FFD81
:10E68000FFFFFFFFFFFFFFFFFFF08FFFFFFFFFFF19
:10E69000FFFFFF80000000000001000000000000FC
:10E6A00000000007FD1000000000000001CFFFF592
:10E6B00000000000000000B929FE1000000000006A
:10E6C000003F10020000000003DF800A90000000FD
:10E6D000037000DFFF77F7555555558FD30FFFFDBA
:10E6E000CCDFDCCCCCCDFFB08FFE1000AA00000048
:10E6F0004D400046100001F20233100000000000FF
:10E700000009B1CFF9000000000000000AFFFF90EF
:10E710000000000000000000BFF900000000000041
:10E72000000001220000000018DFFD920002EFFB54
:10E73000EFFF300DFFFA2EFFE04FFFFA03FFF59FCA
:10E74000FAFA354FFACFC08A3D0BFDEFFB03128F6B
:10E75000FEFFFFB006FFFFFFFFD108FFFFEFFD1137
:10E76000109FFFDFD1593B0BFDAFD7FA381DFB5F80
:10E77000FFFA01DFF70DFFFA1DFFF103EFFCDFFFEA
:10E78000500018DFFEA30000007FFFF70000EFFF3E
:10E79000FFFFFFFFFEEFFFFFFFFFFFFE0000000097
:10E7A0000000000FFFFFFFFFFFF00FFFFFFFFFFF65
:10E7B000F00FF99F99F99FF00FF88F88F88FF00FFD
:10E7C000F88F88F88FF00FF88F88F88FF00FF88F98
:10E7D00088F88FF00FF88F88F88FF00FF88F88F88F
:10E7E0008FF00FF99F99F99FF00FFFFFFFFFFFF0E8
:10E7F00008FFFFFFFFFF800000000000007FA00077
:10E8000000000000008FFFB000000000000DFFFFBF
:10E81000A0000000008A1DFFFF000000008FFA1D0D
:10E82000FF700000008FFFFA1D800000008FFFFFC7
:10E83000FA000000008FFFFFFF800000008FFFFF45
:10E84000FF800000008FFFFFFF800000008FFFFFB0
:10E85000FF800000006FFFFFFF800000000BFFFF44
:10E86000FF8000000000DFFFFF80000000000EFFBF
:10E87000FF800000000000DEDB6000000000000000
:10E88000000000000000000000001BFFFFFFFFFF72
:10E89000FFE40001DFFFFFFFFFFFFFFE001DFFFFA2
:10E8A000FAEFFEAFFFFF01DFFFFFA02EE20AFFFF3E
:10E8B0001DFFFFFFE202202EFFFFCFFFFFFFFE2024
:10E8C00002EFFFFFCFFFFFFFFE2002EFFFFF1DFF64
:10E8D000FFFFE202202EFFFF01DFFFFFA02EE20A72
:10E8E000FFFF001DFFFFFAEFFEAFFFFF0001DFFF9C
:10E8F000FFFFFFFFFFFE00001BFFFFFFFFFFFFE426
:10E900000008FFFFFFE4008FFFFFFFFE08F80F0B7A
:10E9100040FF8FF80F0B40FFFFF80F0B40FFFFFF8A
:10E92000FFFFFFFFFFFFFFFFFFFFFFFFFFFFFFFFF7
:10E93000FFFFFFFFFFFFFFFFFFFFFFFFFFFFFFFFE7
:10E94000FFFFFFFFFFFFFFFFFFFFFFFFFFFFFFFFD7
:10E95000FFFFFFFFEFFFFFFFFFFE4EFFFFFFFFE4A4
:10E9600000000000000000010000000000000003A3
:10E97000E000001000000002EF1000BF00000000E7
:10E980007FF100CFF100000007FF11CFFF7777770D
:10E9900077BFF1CFFFFFFFFFFFFFFF17FFFFFFFF75
:10E9A000FFFFFFE007FFF100000000000006FF107E
:10E9B00000000000000005A00000000000000000B2
:10E9C00000000000000000000000500400000000F3
:10E9D00000005004030C0100120040060505010769
:10E9E0001F00400B0B0C00006100F0090A1000FE34
:10E9F000B100800D0D0C0000FF00000B0B0D00FF9F
:10EA000047016003020501074C016005040F01FD89
:10EA10006A017005040F00FD880160060707000504
:10EA2000A101500908080102C101A003030500FE6D
:10EA3000C901200606030003D201A003030300005E
:10EA4000D701A0050810FFFE1702B00A0A0C00004B
:10EA50005302F005050C000071023009090C00009A
:10EA6000A7022009090C0000DD02B00A0B0C00000F
:10EA70001F033009090C00005503E0090A0C0000CF
:10EA800091039009090C0000C703500A0A0C00000A
:10EA90000304E0090A0C00003F04A003030900007E
:10EAA0004D04A003030C00FD5F0450090808010297
:10EAB0007F04500908060103970450090808010261
:10EAC000B7043009090C0000ED049010100F00FD90
:10EAD0006505B00B0D0CFF00B305200C0B0C0100FD
:10EAE000F505900B0B0C00003706300D0C0C0100E7
:10EAF0007F06C00A090C0100B506300A090C0100A6
:10EB0000EB06600C0C0C00003307000D0B0C010031
:10EB10007507F004030C010087073008080CFF009C
:10EB2000B707800B0B0C0100F9078009090C0100E5
:10EB30002F08400F0D0C01007D08000D0B0C01008B
:10EB4000BF08700D0D0C00000D09900B0A0C0100A0
:10EB50004909700D0E0F00FDB209A00B0A0C01004F
:10EB6000EE09F0090A0C00002A0A60090A0C0000EC
:10EB7000660AA00C0B0C0100A80A600B0D0CFF002C
:10EB8000F60A0012120C0000620BC00A0B0C000007
:10EB9000A40B600A0C0CFF00EC0B800A0B0C0000AD
:10EBA0002E0C5005050F01FD540CA0050810FFFEAA
:10EBB000940C5005040F00FDB20C50090807010227
:10EBC000CE0C0008080200FED60CA0090502010ABE
:10EBD000DB0C900909090000040DF00A0A0C010081
:10EBE000400D200909090000690DF00A0A0C000017
:10EBF000A50DD0090A090000D20DA005070C0000E0
:10EC0000FC0D100B0A0C00FD380EE00A090C010087
:10EC10006E0E7004030C0100800E9004060FFEFDC2
:10EC2000AD0EE009090C0100E30E7004020C0100B6
:10EC3000EF0EF0100F090100330FE00A090901007F
:10EC40005C0F300A0A090000890FF00A0A0C01FD66
:10EC5000C50FF00A0A0C00FD01109006060901001C
:10EC60001C100008080900004010A006070B000057
:10EC70006710D00A090901009010F0080A09FF0086
:10EC8000BD10600E0F0900000111D0080909000035
:10EC90002A11F0080A0CFFFD66115008080900004F
:10ECA0008A11A005060F00FDB711D004030F01FD66
:10ECB000CE11A005050F00FDF4115009090500044F
:10ECC0000B12B006060600061D1200050304010320
:10ECD00023120010101100FEAB120010100C0000E7
:10ECE0000B130010100E00FF7B130010100C00001F
:10ECF000DB13000B0B0C00001D140010101000FEA5
:10ED00009D140010101000FE1D150012120E00FFC1
:10ED10009B150010101000FE1B160012120C0000B4
:10ED200087160010101000FE07170008080E00FFDD
:10ED30003F17000C0C0E00FF93170012121000FE7C
:10ED400023180010100C00008318000B0B1000FE9D
:10ED5000DB18000E0A1002FE2B19000E0E1200FD29
:10ED6000A919000E0E0F00FF121A000E0E0E00FF62
:10ED7000741A000E0A1002FEC41A000E100EFFFFD5
:10ED8000341B000A0A0E00FF7A1B000A0A0E00FF5D
:10ED9000C01B000E0E0E00FF221C000E0E0400040D
:10EDA0003E1C0012120C0000AA1C0014141000FEDD
:10EDB0004A1D00121410FFFEEA1D0010101000FE84
:10EDC0006A1E000E0E0A0001B01E000E0E0A00019F
:10EDD000F61E0014140E00FF821F0010100C00001D
:10EDE000E21F0010101000FE622000101111FFFE43
:10EDF000F320000E0F0E00FF5C21000E0E1000FE2F
:10EE0000CC21000E0E0E00FF2E22000E0E0E00FF73
:10EE100090220010100C0000F022000A0C10FFFEDF
:10EE20005023000E0E1000FEC023000E0E1000FE38
:10EE300030240012120C00009C2400101212FFFD5E
:10EE40003E25000C0C1000FE9E250014140F00FF40
:10EE500034260014140A000198260014140A000134
:10EE6000FC260014140A000160270014140A000193
:10EE7000C4270014140A000128280014150E00FFEE
:10EE8000BB28000E0C1001FE1B29000E0E1000FE08
:10EE90008B2900101111FFFD1C2A0014140C000016
:10EEA000942A000C0C1000FEF42A2010110B000113
:10EEB0000000721F51EF58EF5BEF5CEF5DEF61EF09
:10EEC00063EF65EF69EF6CEF71EF76EF77EF78EF57
:10EED0008EEF93EF98EF9BEF9CEF9DEFA1EFA2EFEA
:10EEE000A3EFA4EFB7EFB8EFBEEFC0EFC1EFC4EFF1
:10EEF000C7EFC8EFC9EFCBEFE3EFE5EF14F015F084
:10EF000017F019F030F037F03AF043F06CF074F08D
:10EF1000ABF03BF190F191F192F193F194F1D7F1D3
:10EF2000E3F13DF254F2AAF412F7F2F720000000E8
:10EF30005F0001000000000000000000000002006F
:10EF4000B0000000F3F76000B0EE0408000000001D
:10EF50003E0003000000010200030405020607084A
:10EF6000090A090A0B0C000D0E0F101112130C14D4
:10EF7000140000001516171819161A1B1C1D1D1E4B
:10EF80001F201D1D1621222303241E252526272888
:10EF9000292A2B002C002D2E2F303132332D3434E2
:10EFA00035302D2D2E2E36373839333A3A3B3A3C10
:10EFB000290000093D0900000000000000000000D9
:10EFC0000000000000000000000000000000000041
:10EFD0000000000000000000000000000000000031
:10EFE0000000000000000000000000000000000021
:10EFF0000000000001020003040502060708090AD8
:10F00000090A0B0C0D0E0F10110C1213141515001C
:10F01000000016171819171919191719191A19199B
:10F02000191917191719031B1C1D1D1E1F2021223A
:10F0300023002400252627272700272628292626DF
:10F040002A2A272A272A2B2C2D2E2E2F2E3000005D
:10F05000230931090000000000000000000000004A
:10F0600000000000000000000000000000000000A0
:10F070000000000000000000000000000000000090
:10F080000000000000000000000000000000000080
:10F09000000100000000000000010000030000006B
:10F0A000000200000000000000000000000000005E
:10F0B000000001000000000000000000000000004F
:10F0C00000010C0007FA00000000F2F1020C060437
:10F0D000F6020D010B030800000000000000000014
:10F0E00000000F02FE000000000000000000000011
:10F0F000000500F80000000000FB04050000FD0012
:10F10000FE0300FD00FDFFFB00000000FD0000FD10
:10F11000FC0000FD00FB000000000000000000FDFE
:10F12000FD00FC00F900E10000FB0005080000FB09
:10F1300003030805FC050000F100000000000000CA
:10F1400000000000F70000000000000000000000C8
:10F15000000000F9FDF300F6FE00000000010A00C7
:10F16000F8FEFF0100FC0000FEED000000000000C2
:10F170000000000000ECFE0A00000000000000009B
:10F1800000000000F6000000000000000000000881
:10F1900000030000FB000000000000000000000071
:10F1A0000000000000000A02010000000000000052
:10F1B000000000000000000000000000000000004F
:10F1C000000000000000000000000000000000003F
:10F1D000F700000000000000000000000000000038
:10F1E0000000000000000002050308FD000005FD0E
:10F1F000F8DD02070501FD00090008000800E8002D
:10F20000FD080008FD0503000001FD0000FC1400DE
:10F21000140008000B030408000000F700000000C1
:10F2200001FE0002FBFDFB0200FD000000F60000F5
:10F23000000000000000000000EF000000000000DF
:10F2400000000000000000000001F200F0000000DB
:10F2500000FE0019FDFD0303FE00FD030000F200A7
:10F2600000000000000000000000E70003000000B4
:10F27000000000000000000000F0000F0000F70098
:10F280000800EFE7EFFB080000EF0003FA00FC00C6
:10F2900000000000000000000000000708E100007E
:10F2A000000000000000000000000C000200000050
:10F2B00000000202FDFB00FFFFFD0000FE00000059
:10F2C000FB00FE00FAFB00FAF8F8FB00FB00FB0075
:10F2D000000000FE0000030002FD0001000000032A
:10F2E000FE000000FE0303FF000000FB00FF000023
:10F2F000000000010003FE00FD00FC0000FE00080D
:10F300000000FD0000000000FF01FEFE0000FD0007
:10F31000FD000000000000000000FFFF00FDFD00F8
:10F3200000000000010000FE00FDFDFD00000000E7
:10F330000000000000FE00000000FEFD00FC00F8E0
:10F34000FEF8050000FB03050700FAFFFD00FFF4CF
:10F3500003FE02F203000001F300F2FEEAFE00F3F6
:10F360000005070003000000000100FBFD00F8009D
:10F370000000FD000000FD0000000000FFFF00FF96
:10F38000FD00000000000000FDFD00FEFDFE00008D
:10F39000FD0000000000000000000000FEFE00FD77
:10F3A00000FE00FB030000FD01030300000000005D
:10F3B00000FE0000000000020000FD00FDFEFD0058
:10F3C0000000000000000200FE00000000FDFC0044
:10F3D000FB0008FE01F8000007F3F3F5FB0300FE55
:10F3E000EFFB00FB00FB04FBF000F9000001FF0253
:10F3F000FE000300F8F600F3FAFBFAF8FDF9FFFB54
:10F40000F902000100FD00000002000300000000FE
:10F4100000000000000000FD00FF00FFFD00FCFAFE
:10F42000FAFF00F8000000000000FE0000000001EC
:10F43000FE0000000300000000000000000C0000BF
:10F440000000000002000000FD00000000000000BD
:10F4500000000000FB0003000000000000000000AE
:10F4600000000000FE000000FB00000000F3F800B8
:10F470000000FCF30000FD0300F9000000000000A4
:10F4800000000000FC0000FB000000000000000085
:10F49000000000000300FB00000000030002FBFB73
:10F4A00000FDFDFD000000000000F800FD00FCFD77
:10F4B00000FAFAF8FE00FB00F8000000001400005B
:10F4C000010000FD000300F50000000000E8FB085B
:10F4D00008FEF50003FC00F3FFFD03EEFD0300044E
:10F4E000F7FCF7F8F50000F1000F0000FF00000046
:10F4F000FFFFFDF9F8FFE800000000000000000039
:10F5000001000000000000000000000000000000FA
:10F5100000FD00FFFDFC0000FB00FD0000000000FE
:10F5200000000000000000000000FF00FB000005DC
:10F53000FF0300FA03FEFFF9FD00FDFDFE00FCFCE9
:10F540000000FEFFFEFCFD0000FD0003FE00FA00CF
:10F550000000FB00FC00FCFC0300000000000000B9
:10F5600000FB0300FC00FEFDF8FEFEFEFFFEFDFFBB
:10F570000000000000FDFEFE0000000003FE00FE93
:10F58000000000FEFDFEFEFDFE00020AFF00F90085
:10F59000FE0500FDF5FD040000F4FC03FC0200FE86
:10F5A000FEF800FC010000FC0000000303FBFB0070
:10F5B000FCFDFCFDFD00FC01FBFC08000000000060
:10F5C0000000000003000000000000000000000038
:10F5D000000000000000000000000000FC0000002F
:10F5E000000000000000000000000000000000001B
:10F5F000000000000000000000000000000000000B
:10F600000000000000000000FE00000000000000FC
:10F6100000000000000000000000000000000000EA
:10F62000000000000000FEFD0000000000000000DF
:10F6300000000000FC0000FD0000FDFD00000000D7
:10F64000FD00000000FF0000000000FE00000000C0
:10F65000FC00FB000000F80002FA0501FEF40000C7
:10F66000FAFD00F6FAF90000F5FDF6F6F400F900EF
:10F670000211FD00FAFDFFFDFCF9FBF7F6FAFD00B3
:10F6800000FE00010000EEFE0806FAF70001F80097
:10F69000F3FEFD05E8FD010000EFFDF3FDED0000C8
:10F6A000EE000F0100FE00000000FFFEF6FE00EF7E
:10F6B00000000000F800FE00FFF9F40000FFFCF875
:10F6C000FD00FE00000000F4FDF8F8FEFCFAFDFC71
:10F6D00000FBFEF8FC00FDFBFDFB000100FEF80056
:10F6E0000500FB00000000030002FB0A00FDFDFD19
:10F6F000000000000000F800FD00FCFD00FAFAF830
:10F70000FE00FB020A00000000140000010000FDE2
:10F7100000030000000000000000FF0000000000E7
:10F72000FEFB0000000000FF000000FDFD0000FBEC
:10F73000FD0000FB0004FF000000000000010000CD
:10F740000000040502FE00F8FC0008F8F8FBFB0AC4
:10F750000503EAFE05FD00FD03FDF700FD03FDFEC8
:10F76000F8FE0000080500F900F2FD07FDF601FDB6
:10F77000F8F8FD0A0300FC00F9000208FAF7F6FAAF
:10F78000080001EDFE03FCFEFA00FAF7FCFCFE00A7
:10F7900000FAFBFD000806FDF200F2FC00F7F1FFA5
:10F7A000F8FCF8F9070000FD00FBFE00FDFB00047B
:10F7B000F8030000F200FDFAFCFEF8FAF8FA00F88F
:10F7C000FDFAFBF8FD0000010CFC00F8FD00FDFB5C
:10F7D000FAF9F9F6FDFB0500FC00F3FD0205F8F768
:10F7E000FBF808FD01E8FB05FAFCF700F8F5FDFD64
:10F7F000FEFDFBF8FF00000807FEEF00F1FA06F639
:10F80000EFFBF7F5F3F80500000000FD000003FD35
:10F810000502FB050000F8FF00FF000101FE0000EB
:10F8200000000000FD0000000002080100FD0000D3
:10F830000000FEFEFD0000000102000000000200CA
:10F84000FE000A00050101FD0005000000020000A5
:10F850000000000000000000000800070000000099
:10F8600000000000000000000000F100FD0400089E
:10F8700000001903FBFB0303FE01F300000CF10081
:10F8800000000000000000000000EF0A240000005B
:10F89000000000000000000000F100000000000077
:10F8A0000000000000000000000000000000000058
:10F8B00000000000FC0000FBFE0000000000000053
:10F8C000000000000000000000000000FE00F90041
:10F8D000000100000321FBFE0807F90300000303F9
:10F8E000FD0000000000000000000000DF07000035
:10F8F000000000000000000000000000000000F90F
:10F90000000000F900000000FAFF000000FA00FD0E
:10F9100000F40000000000000000000000EF000004
:10F92000000001000000000000FD0000FB00FC00E2
:10F93000F9000000FC03FD0000F9FDFA0000F900E9
:10F94000FD00F400FD0000EBFBF6FDF70000EF000A
:10F95000F9FF0000000000000000FCFBFEFC0000BE
:10F960000000FA00FA03FD0500FEFAFEFCFB00FDB4
:10F97000FFFE02F9FF000000E9FEFC00FA00FEF4C1
:10F98000FE0000FEFE000000000200FEFCFE04007F
:10F990000000000000000000000000000000000067
:10F9A0000000000000000000000000000000000057
:10F9B0000000000000000000000003000000000044
:10F9C00000FA00FE000000FB03000000F9FDFB0050
:10F9D00000F900FD00F400000000E700FBF7F30071
:10F9E00000EF00FEFC0000000000000000FDFCFF36
:10F9F000FC01000004FD00080DFDFDF8030D0406E8
:10FA0000F9030B03070607000000000000000000D8
:10FA10000000100CFBFD00FE140B1400000003009E
:10FA200000090000FC000000000000000000FE00D3
:10FA3000000000000000000400000000EAFDFEF6E7
:10FA4000F30000EF000000000000000000000000D4
:10FA50000000000000FC000000000000000000FEAC
:10FA600000000000000000000400000000EAFDFEAD
:10FA7000F6F30000F60000000000000000000000A7
:10FA80000000000000000000FE000000FA0300FD7E
:10FA9000020503F800FFFE03000200000000FA0068
:10FAA000FEFEFB00FEF60010FD00FAFE00FEFC006C
:10FAB000FDF9FBFD000000FC00000000000000005C
:10FAC00000FE00000000000000000400000000EA4A
:10FAD000FDFEF6F30000EF0000000000000D000046
:10FAE0000000000000000000FC00F8FDFE08FEFD24
:10FAF000F601FE01FEF9010601020102FAF6FD001F
:10FB0000F6FBF9F5F600FCFBFDFDFEFEFDFE00FE3A
:10FB1000FF040004FE0008000000000000000000D8
:10FB2000000000FEFDFD0000F900FF00FC000000E9
:10FB30000000000000000000F100000000000000D4
:10FB400000000000FDFD00FD00000000FE0000FCC4
:10FB5000FD0300FCFBFE00F9FEFAFEFD00FC0000C8
:10FB6000000000000000000000EF00080000FB00A3
:10FB7000000000FD00FD0000FF0000FE00FA000094
:10FB80000BFDF8F8020303FFF9020402080208FE65
:10FB9000F90000F60000F8F90000FB00FDFC00FC95
:10FBA00000FC00FE0400FEF8FD090000FE00FB0062
:10FBB0000003FA0003FD020000F800FEFF00FD0351
:10FBC000FE000000F6FDFA00F80000F40009FD0058
:10FBD000FB000200FD00FDF800FD0300000000FE38
:10FBE000000003FD010000FDFE00FD00000000001C
:10FBF000000000000000000000000000F00006000F
:10FC000000FE000000000100FDFD000000050006F0
:10FC10000000000000F0F1010B0804F6020B0009DF
:10FC2000000500000000000000000000000E0000C1
:10FC300000000000000000000000000000000000C4
:10FC400090F0040854EF0408F2EF04083D3100007E
:10FC50006CBE0408C0E904082CEF040840FC04084A
:10FC600010000228F8010020E97102082971020839
:10FC70001200030000FF010050FC04080000000017
:10FC80000000000006F2ECE83699D661963ABE24F0
:10FC90005E05FA05B1046A4D098EE7CE47FF00FE06
:10FCA000C0FCA4FAA97AF163F39C8AEA8EE3D3EC50
:10FCB0007AFE5DFF0FEA12F376F4DAFD3DFF37AA14
:10FCC00059BB9BCCFCE53EF7B87AB993FBB43DD663
:10FCD0003EEF585B397C5B9D5DC65EEF3E45BE6581
:10FCE0005F96FFBE9FE7BE2D1E4EBF863FB7BFE7A4
:10FCF0003B269C4EFD865EB7BFE73325B54D588643
:10FD0000FBB69EE7CD653086B4A639CFBDEF6C9EBD
:10FD1000B0AE14C779DFDDF70AD72EDF73E7B8F787
:10FD2000DCFF6BFF8EFFB3FFD8FFFCFF45FEA9FE93
:10FD300010FF76FFDCFF24FDA9FD70FE16FF9CFF7F
:10FD400088FB4CFC52FD77FE5CFF6C8B4FA454BDCE
:10FD500079D65DEF937C3595F8B5DBCE7EEFF7BDB8
:10FD60001CE77DEFBEF7DFFFC6E165D145C1E3B01B
:10FD7000CCD8CBC0AAA869883589F478D368B148B3
:10FD8000B65975513441D230553AF331B2290F1971
:10FD90005C1CBA1B3813340ADC045A04B703B302E0
:10FDA0007805B40411040C034F04CD034B0368021F
:10FDB0000845673CE62BE41A887DE76C45544333DD
:10FDC00046C6A5ADE49CA283C6FE05FE44FDE2F353
:10FDD00080FD00FD60FC60FB60FCE0F360EB80E216
:10FDE00083F243E202DAA1B9686A065AA5492439C6
:10FDF0006F53CC4229328721AE730C630842042131
:10FE000000003C027804B306EE08280B610D990F40
:10FE1000D01106143A166C189D1ACB1CF71E21211E
:10FE200048236C258E27AC29C72BDF2DF32F0332F7
:10FE3000103418361C381C3A173C0E3EFF3FEC417C
:10FE4000D443B64593476A493C4B084DCD4E8D503F
:10FE50004652F953A5554B57EA58825A135C9C5D9C
:10FE60001F5F9A600D627963DD6439668D67D968BA
:10FE70001D6A596B8C6CB76DD96EF36F04710C727F
:10FE80000B730174EE74D275AD767F77477806797F
:10FE9000BB79677A0A7BA27B327CB77C337DA57DF8
:10FEA0000D7E6C7EC07E0B7F4B7F827FAF7FD27FCB
:10FEB000EB7FFA7FFF7F00000081040855F80108FE
:10FEC0000000000000000000A5FA0108000000008A
:10FED000010400000081040891060208E5060208FA
:10FEE000000000000507020804010D0000060000E4
:10FEF00000810408270A020800000000000000003A
:10FF000000000000D127D12744020000008104082E
:10FF1000CD0A02081D0B020800000000390B020880
:10FF2000040182008503000000810408311D0208DD
:10FF3000891D0208000000000D200208D127D127EA
:10FF4000C402000000810408796702082D680208D5
:10FF500000000000596802088200D1270504000053
:10FF6000008104081D6F02084F6F020800000000A6
:10FF70008D6A020800000000800200000081040871
:10FF8000F5800208798B020800000000B58B02089A
:10FF9000D127D127C003000000810408E998020896
:10FFA0008599020800000000D5990208D127D127C1
:10FFB000C004000000810408A9AD02080000000090
:10FFC00000000000C5AD0208D127D127C002000003
:10FFD00000810408F91D0308000000000000000073
:10FFE000851E0308D1278200C502000098FF04087F
:10FFF0000000000000000000000000006120030875
:020000040805ED
:1000000000000000C0040000D4FE040863220308BE
:100010000000000000000000D122030800000000E2
:100020008507000000810408B7390308E139030897
:1000300000000000F539030834001E0084020000AF
:1000400000810408BD3B0308213C030800000000B8
:10005000793C0308D127D1278503000000810408DB
:100060006D4703083B4A030800000000614A03088B
:1000700004018200040600000000000000000000EF
:100080000700000003000000000000000000000066
:100090000000000000000000000000000700000059
:1000A0000000000000000000000000000000000050
:1000B00010070508240705081C070508F8060508A9
:1000C000000705080807050848070508540705083C
:1000D000300705083C0705083031323334353637F0
:1000E000383941424344454640305800303132337C
:1000F000343536373839616263646566403078007C
:1001000004000008000000000000000200010000E0
:100110001000000002400000000000A000000000ED
:1001200005400000000000C8000000000C40000076
:100130000000409C00000000194000000020BCBEF0
:100140000000000034400000BFC91B8E0000000406
:10015000B5400000504BCFD06607E2CF0100000051
:100160006C4100003E8251AADFEEA734010000007E
:10017000D9420000DCB5A0E23A301F97FFFFFFFF35
:10018000B4450000FD25A0C8E9A3C14FFFFFFFFF54
:10019000FF3F00000000008000000000FF3F000063
:1001A0000000008000000000506C656173652075E0
:1001B000736520746865207374796C757320636C43
:1001C00069636B207468652063726F7373206F6E50
:1001D000207468652073637265656E2E54686520AF
:1001E00063726F73732077696C6C20616C776179CF
:1001F00073206D6F766520756E74696C2074686508
:100200002073637265656E2061646A7573746D65D1
:100210006E7420697320636F6D706C657465642EF5
:1002200000000000536100005765000054680000A2
:100230004D6F0000467200005375000054750000B9
:100240004A756E65000000004D6172636800000031
:10025000417072696C000000446563656D6265728F
:100260000000000053657074656D626572000000E7
:100270004E6F76656D626572000000004F63746FAB
:100280006265720041756775737400004D61790095
:100290004A756C79000000004A616E7561727900E0
:1002A0004665627275617279000000003230323347
:1002B0000A323032320A323032310A323032300AC7
:1002C000323031390A323031380A323031370A327D
:1002D0003031360A323031350A323031340A323078
:1002E00031330A323031320A323031310A32303170
:1002F000300A323030390A323030380A3230303752
:100300000A323030360A323030350A323030340A70
:10031000323030330A323030320A323030310A3241
:100320003030300A313939390A313939380A3139FE
:1003300039370A313939360A313939350A313939DB
:10034000340A313939330A313939320A31393931DC
:100350000A313939300A313938390A313938380AED
:10036000313938370A313938360A313938350A31B6
:100370003938340A313938330A313938320A3139A7
:1003800038310A313938300A313937390A31393799
:10039000380A313937370A313937360A3139373582
:1003A0000A313937340A313937330A313937320AA9
:1003B000313937310A313937300A313936390A3172
:1003C0003936380A313936370A313936360A313951
:1003D00036350A313936340A313936330A3139364D
:1003E000320A313936310A313936300A3139353944
:1003F0000A313935380A313935370A313935360A53
:10040000313935350A313935340A313935330A3124
:100410003935320A313935310A313935300A313915
:1004200034390A313934380A313934370A313934F8
:10043000360A313934350A313934340A31393433F2
:100440000A313934320A313934310A313934300A17
:10045000313933390A313933380A313933370A31CE
:100460003933360A313933350A313933340A3139BF
:1004700033330A313933320A313933310A313933BE
:10048000300A313932390A313932380A31393237A2
:100490000A313932360A313932350A313932340AC1
:1004A000313932330A313932320A313932310A3193
:1004B0003932300A313931390A313931380A313972
:1004C00031370A313931360A313931350A3139316A
:1004D000340A313931330A313931320A3139313163
:1004E0000A313931300A313930390A313930380A74
:1004F000313930370A313930360A313930350A313D
:100500003930340A313930330A313930320A31392D
:100510003031000030310A30320A30330A30340AC8
:1005200030350A30360A30370A30380A30390A3165
:10053000300A31310A3132000A0000002000000088
:1005400021000000220000003123000023000000F1
:100550002400000025000000270000002800000003
:10056000290000002A0000002B0000002C000000E1
:100570002B2F2D002D0000002E0000002F0000006A
:1005800030000000310000003200000033000000A5
:100590003400000035000000360000003700000085
:1005A00038000000390000003A0000003B00000065
:1005B0003C0000003D0000003E0000003F00000045
:1005C00040000000410000004200000041424300A2
:1005D0004300000044000000450000004600000009
:1005E0004700000048000000490000004A000000E9
:1005F0004B0000004C0000004D0000004E000000C9
:100600004F000000500000005100000052000000A8
:100610005300000054000000550000005600000088
:100620005700000058000000590000005A00000068
:100630005B0000005C0000005D0000005F00000047
:10064000610000006200000061626300630000005E
:100650006400000066000000670000006900000000
:100660006A0000006B0000006D0000006E000000DA
:100670006F000000700000007100000072000000B8
:100680007300000074000000750000007600000098
:100690007700000078000000790000007A00000078
:1006A0007B0000007D000000EF808C00EF81930054
:1006B000EF819400EF959A00EF849C00EFA2A200D6
:1006C00042746E310000000042746E32000000007F
:1006D00042746E330000000042746E34000000006B
:1006E00042746E3500000000B2BBB1A3B4E6000056
:1006F000B1A3B4E6000000004F7074696F6E34005F
:100700004F7074696F6E35004F7074696F6E36008C
:1007100043616C6962726174650000004D616E75C1
:10072000616C00004C696E65207365740000000008
:100730007A65726F206465660000000074797065E8
:1007400073206F6600000000706F696E7473206E16
:10075000000000006D6178207765696768740000AB
:10076000BC0805080000002068070000E801000838
:10077000E40A050868070020880102004402000816
:10078000000000000000F07FFFFFFFFFFFFFEF7F92
:100790001001000043000000F8FFFFFF0040404050
:1007A0004040404040404141414141404040404044
:1007B00040404040404040404040404040050202F0
:1007C00002020202020202020202020202202020AF
:1007D000202020202020200202020202020290900B
:1007E0009090909010101010101010101010101009
:1007F000101010101010101002020202020288885D
:100800008888888808080808080808080808080868
:100810000808080808080808020202024000000050
:1008200000000000000000000000000000000000C8
:1008300000000000000000000000000000000000B8
:1008400000000000000000000000000000000000A8
:100850000000000000000000000000000000000098
:100860000000000000000000000000000000000088
:100870000000000000000000000000000000000078
:100880000000000000000000000000000000000068
:100890000000000000000000000000000000000058
:1008A0001C00000043000000F8FFFFFF0C000000E8
:1008B0000E0000000F0000002E000000119324F431
:1008C000C009010203040607080902160A2AFF01EB
:1008D000D16205135DAF1408A5B314089DA5023CB1
:1008E00008E3D09002202D0266011E380205083070
:1008F000041A3C041A28041A2C041A34041A240476
:100900001A98041AA0041A48041A50041A8C041ADB
:1009100040041A90041A84041A64041A7C041A709D
:10092000041A58041E14050508AC086112FF1F2C98
:100930008304082C84041A85041A86042910990457
:10094000411ADC081ADC241ADC241A802439109994
:100950000401640617D4C3B2A16F1812C95C03085E
:10096000A5590308495A0308215B030869101A9521
:100970000C1AD1041AF9041EC0060508C8041AD0BE
:10098000041E38050508D8081AE0041AF404016C9E
:100990001AAA0101301AF0A40A1EE8AC07130C4988
:1009A0004E5055542568010401120A12402B5E0175
:1009B000041210123C1AE2161694013A0282322EE8
:1009C00023EC025AB40832F232301AE80C1A7A38A0
:1009D0003260021B28B2071A14641A686414680192
:1009E000201A4C4A180AA401D0017602EE0296663B
:1009F0005AF8642908092E648102170532A01A905A
:100A0000481A8050328C32F0296C323C3216325CFB
:100A1000324632245A482C1A68041A44301A6C049C
:100A20003288322C5A7C341A78141A3A2001244A1B
:100A30000382E241DA201001463238327032E81A7D
:100A400030A41AE40432C81A580832D21AB2081A6A
:100A50004CB85ABEC82A8C2831140101061206026D
:100A60001532326E293032FA1A1D3C32462A2CC217
:100A7000311A4A102944293A29201AA4102964411C
:100A80004954191101771273120AB21E321C323AFC
:100A900032B63258324229BC29CC5A06BC1A58BC4C
:100AA000291C29D02AB40C191432B8323C3218321D
:100AB0000C1AF0181A78182A500C29285904320AEE
:100AC0001AF81C290C290832F232301AE80C1A7A6A
:100AD00030326002272809126C32DC1A680C094A8D
:040AE0006841000069
:04000005080001AD41
:00000001FF
